food_code,food_name,primarysource,energy_kj,energy_kcal,carb_g,protein_g,fat_g,freesugar_g,fibre_g,sfa_mg,mufa_mg,pufa_mg,cholesterol_mg,calcium_mg,phosphorus_mg,magnesium_mg,sodium_mg,potassium_mg,iron_mg,copper_mg,selenium_ug,chromium_mg,manganese_mg,molybdenum_mg,zinc_mg,vita_ug,vite_mg,vitd2_ug,vitd3_ug,vitk1_ug,vitk2_ug,folate_ug,vitb1_mg,vitb2_mg,vitb3_mg,vitb5_mg,vitb6_mg,vitb7_ug,vitb9_ug,vitc_mg,carotenoids_ug,servings_unit
ASC001,Hot tea (Garam Chai),asc_manual,68.1615219116211,16.144298553466797,2.5819475650787354,0.3878859877586365,0.5320665240287781,2.576009511947632,0,321.4964294433594,144.18052673339844,16.389549255371094,0,14.204275131225586,11.501187324523926,1.035629391670227,3.118764638900757,13.945367813110352,0.021615203469991684,0.005914489272981882,0.11282660067081451,0.00047505940892733634,0.0022565319668501616,0,0.0410926379263401,0,0.026128266006708145,0,0,0.0019239905523136258,0,0.856294572353363,0.0035629451740533113,0.013206650502979755,0.00950118713080883,0.04066508263349533,0.004750593565404415,0.2422802895307541,0.856294572353363,0.23871733248233795,23.75296974182129,tea cup
ASC002,Instant coffee,asc_manual,97.76667022705078,23.155832290649414,3.6533334255218506,0.640666663646698,0.746666669845581,3.615000009536743,0,451.1666564941406,202.3333282470703,23,0,20.866666793823242,18.18666648864746,3.633333206176758,4.916666507720947,44.5,0.060999996960163116,0.012333333492279053,0.21833333373069763,0.0006666666595265269,0.015666667371988297,0,0.06499999761581421,0,0.03666666895151138,0,0,0.02866666577756405,0,1.2450000047683716,0.005266666878014803,0.019733333960175514,0.17866666615009308,0.05666666477918625,0.006799999624490738,0.7766666412353516,1.2450000047683716,0.33500000834465027,33.33333206176758,tea cup
ASC003,Espreso coffee,asc_manual,216.99684143066406,51.543373107910156,6.620504856109619,1.7470030784606934,2.1381702423095703,6.533753871917725,0,1291.671875,580.15771484375,66.21450805664062,0,58.10409927368164,50.249210357666016,8.574132919311523,13.977917671203613,103.86434936523438,0.14763407409191132,0.038201894611120224,0.5630914568901062,0.0018927444471046329,0.03438485786318779,0,0.19148264825344086,0,0.10539432615041733,0,0,0.05425867810845375,0,3.48738169670105,0.014763407409191132,0.05488959327340126,0.35268136858940125,0.1618296504020691,0.019211355596780777,1.8107255697250366,3.48738169670105,0.9511041045188904,94.63722229003906,tea cup
ASC004,Iced tea,asc_manual,44.09062194824219,10.342187881469727,2.7015624046325684,0.027968749403953552,0.010937499813735485,2.7015624046325684,0,5.46875,0,5.46875,0,1.1796875,0.5843750238418579,0.3906249701976776,0.234375,5.215624809265137,0.021406250074505806,0.0030625001527369022,0.0546875,0,0.000937500037252903,0,0.007968749850988388,0,0,0,0,0.001687500043772161,0,0.40156251192092896,0.0016406249487772584,0.0006718750228174031,0.0054687499068677425,0.006812499836087227,0.0027343749534338713,0.00624999962747097,0.40156251192092896,1.859375,0.21875,tall glass
ASC005,Raw mango drink (Aam panna),asc_manual,152.39479064941406,35.91822052001953,9.047467231750488,0.15703445672988892,0.026340782642364502,7.490847110748291,0.6120251417160034,6.13826847076416,5.888193607330322,9.430632591247559,0,7.077746868133545,3.335195541381836,4.248603343963623,79.8249740600586,31.452980041503906,0.13546089828014374,0.025819366797804832,0.047700185328722,0.002187150763347745,0.05222998186945915,0.010614525526762009,0.02901769056916237,0,0.17245811223983765,1.460307240486145,0,3.4436686038970947,0,5.233556747436523,0.0040689012967050076,0.004534450359642506,0.05290502682328224,0.02571694552898407,0.025148974731564522,0.27298417687416077,5.233556747436523,16.87210464477539,167.18621826171875,tall glass
ASC006,Fruit Punch (with fresh juices),asc_manual,153.8872833251953,36.116844177246094,9.38059139251709,0.13934893906116486,0.03250204399228096,9.245637893676758,0.06005493178963661,6.206655979156494,1.3017351627349854,10.082026481628418,0,5.068009376525879,10.242497444152832,3.1966712474823,2.632138252258301,33.43281173706055,0.10197856277227402,0.009800950065255165,0.030541853979229927,0.00026270587113685906,0.12604370713233948,0.002847511088475585,0.022566067054867744,0,0.046497099101543427,0.04913334548473358,0,0.5612720251083374,0,4.5140767097473145,0.016708552837371826,0.004304977599531412,0.04073502495884895,0.043319281190633774,0.014121359214186668,0.15240615606307983,4.5140767097473145,7.612774848937988,45.53494644165039,tall glass
ASC007,Fruit Punch (with squashes),asc_manual,98.22452545166016,23.12828254699707,5.989855766296387,0.0723448097705841,0.016838526353240013,5.883439064025879,0.16822615265846252,5.230045795440674,1.6314098834991455,7.0736918449401855,0,3.3008739948272705,9.265067100524902,1.8843357563018799,2.2574801445007324,16.64989471435547,0.06147245317697525,0.007000308018177748,0.03544900566339493,0.0004932035808451474,0.0818558782339096,0.0021875964011996984,0.011899529956281185,0,0.027961459010839462,0.05363588407635689,0,0.6523412466049194,0,1.8158937692642212,0.004663656931370497,0.0024229618720710278,0.017945250496268272,0.016467032954096794,0.008435669355094433,0.07817673683166504,1.8158937692642212,2.999492883682251,55.68623733520508,tall glass
ASC008,Lemonade,asc_manual,88.66141510009766,20.798982620239258,5.478568077087402,0.034817468374967575,0.010450966656208038,5.471953868865967,0.016864709556102753,4.652827262878418,0.03788117691874504,5.302791595458984,0,1.8396563529968262,0.6685755252838135,0.7301360368728638,28.52360725402832,5.730135917663574,0.047916967421770096,0.007301360368728638,0.07384395599365234,0.00018038654525298625,0.003035075031220913,0.002863278379663825,0.011667859740555286,0,0.0013171081664040685,0.009649248793721199,0,0.4695776700973511,0,0.604151725769043,0.0013457408640533686,0.0009735146886669099,0.006413743831217289,0.00612741569057107,0.0026342160999774933,0.0063278451561927795,0.604151725769043,1.5094058513641357,53.6950569152832,glass
ASC009,Lem-o-gin,asc_manual,91.63279724121094,21.517364501953125,5.551969051361084,0.08075683563947678,0.028100909665226936,5.384456634521484,0.12919411063194275,9.41135311126709,1.4660266637802124,13.20112133026123,0,2.1978976726531982,1.5871057510375977,1.8639103174209595,28.134815216064453,14.166082382202148,0.08685354143381119,0.009880868718028069,0.07229152321815491,0.0004498948692344129,0.08391030132770538,0.0030833918135613203,0.019621582701802254,0,0.008016818203032017,0.09543097764253616,0,0.9968464970588684,0,0.8189207911491394,0.002158374059945345,0.0017939733806997538,0.015108619816601276,0.011044148355722427,0.0067834616638720036,0.028689559549093246,0.8189207911491394,1.5918289422988892,59.48283004760742,glass
ASC010,Cumin infused water (Jeere/Zeere ka pani),asc_manual,38.22722244262695,9.08980655670166,1.8643821477890015,0.16951678693294525,0.1104905903339386,1.46160089969635,0.46353375911712646,14.501070022583008,40.03645706176758,33.52784729003906,0,10.84382152557373,4.472076892852783,5.280117988586426,189.59512329101562,32.15123748779297,0.31502029299736023,0.017484324052929878,0.12945038080215454,0.0019173736218363047,0.2334120273590088,0.016967909410595894,0.042736995965242386,0,0.01349317654967308,0.5718849301338196,0,1.768720030784607,0,0.9267207384109497,0.009664330631494522,0.0032976760994642973,0.04900774732232094,0.010947990231215954,0.006595352198928595,0.03479896858334541,0.9267207384109497,1.066278100013733,64.09368896484375,glass
ASC011,Coco pine cooler,asc_manual,138.47293090820312,32.74876022338867,5.717686176300049,0.5550532341003418,0.9999814629554749,5.52344274520874,0.25724664330482483,627.3115234375,248.96104431152344,41.49863815307617,3.401203155517578,17.810401916503906,13.468815803527832,6.591314315795898,23.19581413269043,66.64993286132812,0.1257658451795578,0.014227209612727165,0.30512726306915283,0.000475705717690289,0.13448865711688995,0.004627487156540155,0.06911152601242065,10.527533531188965,0.06752660870552063,0.06713789701461792,0,0.8437760472297668,0,2.9245188236236572,0.02539333514869213,0.04306108504533768,0.05477556586265564,0.14250577986240387,0.018373439088463783,0.2913118898868561,2.9245188236236572,2.4687390327453613,96.5533218383789,tall glass
ASC012,Summer cooler,asc_manual,95.21651458740234,22.428831100463867,5.431630611419678,0.37390369176864624,0.03540007397532463,5.212235927581787,0.19671612977981567,10.713338851928711,1.873307228088379,16.846843719482422,0,8.129868507385254,11.456046104431152,7.623409271240234,1.573464274406433,93.06315612792969,0.2767638564109802,0.008280030451714993,0.16870173811912537,0.0009695144253782928,0.15695831179618835,0.004447499290108681,0.042933329939842224,0,0.1543508619070053,0.13874055445194244,0,2.3116140365600586,0,12.916914939880371,0.03463267534971237,0.012597339227795601,0.10748231410980225,0.12299033999443054,0.02882181666791439,0.45404157042503357,12.916914939880371,20.92254066467285,219.74717712402344,tall glass
ASC014,Hot cocoa,asc_manual,378.235595703125,90.0999984741211,9.234031677246094,3.3628273010253906,4.562827110290527,9.006282806396484,0,2752.146728515625,1257.1727294921875,139.4764404296875,0,113.6649169921875,101.4073257446289,16.05445098876953,24.203140258789062,132.14659118652344,0.3146596848964691,0.09455497562885284,0.8952879905700684,0.003769633360207081,0.009424082934856415,0,0.4235602021217346,0,0.21801047027111053,0,0,0.023560211062431335,0,7.221989631652832,0.030785340815782547,0.10460732877254486,0.10209424048662186,0.3204188346862793,0.03879581019282341,1.8659685850143433,7.221989631652832,1.8942408561706543,189.10995483398438,cup
ASC015,Cold coffee with ice cream,asc_manual,286.6069641113281,67.8487548828125,11.244776725769043,1.5701491832733154,2.109452724456787,11.180099487304688,0.007960199378430843,1283.9801025390625,567.960205078125,67.66169738769531,1.170149326324463,53.29353332519531,44.97910690307617,7.255721092224121,13.844776153564453,90.2686538696289,0.12378109246492386,0.02845771051943302,0.5074626803398132,0.00159203982912004,0.024875622242689133,0,0.1621890515089035,3.6218905448913574,0.10706467926502228,0,0,0.042786069214344025,0,3.146268606185913,0.01631840690970421,0.05701492354273796,0.28656718134880066,0.17711442708969116,0.017711443826556206,1.5422885417938232,3.146268606185913,0.8398009538650513,81.39303588867188,tall glass
ASC016,Banana milkshake (Kele milkshake),asc_manual,274.3270568847656,65.30644989013672,9.145586013793945,1.8432996273040771,2.371230125427246,7.956006050109863,0.2558610737323761,1423.0679931640625,634.16845703125,87.1895751953125,0,62.63907241821289,52.772212982177734,7.916642665863037,13.608682632446289,102.42546844482422,0.13175109028816223,0.033898696303367615,0.49493488669395447,0.004052098374813795,0.04755426570773125,0,0.19308248162269592,0,0.12503618001937866,0.0231548473238945,0,0.2547033131122589,0,5.7383503913879395,0.016819102689623833,0.06221418082714081,0.0984804630279541,0.21775686740875244,0.07995947450399399,1.2098407745361328,5.7383503913879395,1.9803184270858765,134.29812622070312,tall glass
ASC017,Mango milkshake (Aam milkshake),asc_manual,239.12799072265625,56.901123046875,7.231504917144775,1.7267510890960693,2.345879077911377,7.148523330688477,0.26441630721092224,1394.571044921875,633.558349609375,88.45006561279297,0,62.33333206176758,50.49873352050781,6.1713080406188965,13.273698806762695,79.06610107421875,0.1547679305076599,0.033507734537124634,0.74964839220047,0.004838255699723959,0.03665260225534439,0,0.18765118718147278,0,0.1507735550403595,0.5218002796173096,0,0.6708860993385315,0,15.099578857421875,0.01944022625684738,0.0615893118083477,0.07827004045248032,0.18912798166275024,0.03720393776893616,1.2275668382644653,15.099578857421875,5.654852390289307,301.547119140625,tall glass
ASC018,Pineapple milkshake (Ananas milkshake),asc_manual,235.0617218017578,55.71769332885742,7.624691486358643,1.65925931930542,2.228806734085083,7.600000381469727,0,1336.7901611328125,599.5061645507812,68.14814758300781,0,59.917694091796875,47.8814811706543,5.1423869132995605,14.054320335388184,65.67900848388672,0.11358024924993515,0.022057613357901573,0.4691358208656311,0.0019753086380660534,0.12016460299491882,0,0.18271604180335999,0,0.11358024924993515,0,0,0,0,4.788477420806885,0.02469135820865631,0.05596707761287689,0.05596707761287689,0.17942386865615845,0.027983538806438446,0.9777777194976807,4.788477420806885,2.8032922744750977,100.08230590820312,tall glass
ASC019,Orange milkshake (Narangi milkshake),asc_manual,241.50234985351562,57.41502380371094,7.10704231262207,1.8647887706756592,2.5239436626434326,7.078873157501221,0,1525.0704345703125,683.9436645507812,77.74647521972656,0,67.41783905029297,55.470420837402344,5.303286552429199,14.625351905822754,73.42723083496094,0.10610329359769821,0.021408451721072197,0.5352112650871277,0.0022535210009664297,0.01032863836735487,0,0.1896713525056839,0,0.14037558436393738,0,0,0,0,5.27511739730835,0.02065727673470974,0.06291079521179199,0.05446009337902069,0.2042253464460373,0.02488262765109539,1.1624412536621094,5.27511739730835,3.385915517807007,115.25821685791016,tall glass
ASC020,Egg nog,asc_manual,407.6770935058594,97.14144897460938,8.145041465759277,4.776309490203857,5.11044454574585,8.061746597290039,0.019752884283661842,2633.50732421875,1536.2059326171875,299.5502624511719,60.296539306640625,102.13179779052734,107.23526000976562,8.99406909942627,40.64762878417969,115.14002990722656,0.4305931031703949,0.04221416637301445,7.42558479309082,0.003172982018440962,0.017594728618860245,0.0023064250126481056,0.4702965319156647,32.61943817138672,0.4247281551361084,0.07688632607460022,0.13838550448417664,0.10036243498325348,2.406919240951538,13.807544708251953,0.0337100476026535,0.11868204176425934,0.08362438529729843,0.5116968750953674,0.05824052542448044,4.573294639587402,13.807544708251953,1.58945631980896,180.5286865234375,tall glass
ASC021,Sweet Lassi (Meethi lassi),asc_manual,151.1864471435547,35.66101837158203,6.508474826812744,1.2881355285644531,0.6779661178588867,6.508474826812744,0,431.638427734375,178.53106689453125,22.59886932373047,2.4858756065368652,45.64971923828125,38.46327590942383,4.384181022644043,18.305084228515625,63.50282669067383,0.03163841739296913,0.005423728842288256,0.451977401971817,0,0,0,0.16271185874938965,6.327683448791504,0.011299435049295425,0,0,0,0,4.06779670715332,0.013559321872889996,0.06101695075631142,0.0451977401971817,0.11299435049295425,0.02259887009859085,0.5875706076622009,4.06779670715332,0.2259887009859085,4.745762825012207,tall glass
ASC022,Lassi (salted),asc_manual,79.42941284179688,18.844942092895508,1.856243371963501,1.3549379110336304,0.7186296582221985,1.8436976671218872,0.017926756292581558,451.63555908203125,191.60011291503906,26.17424774169922,2.5989367961883545,47.783817291259766,40.39220428466797,4.839929103851318,65.40165710449219,67.37389373779297,0.03613703325390816,0.0007678677211515605,0.47490254044532776,7.442410424118862e-05,0.0024867099709808826,0.0035440046340227127,0.1680389791727066,6.615475654602051,0.012693443335592747,0.007147076074033976,0,0.08623745292425156,0,4.269220352172852,0.014483165927231312,0.06386887282133102,0.048948612064123154,0.11826343834400177,0.023857058957219124,0.6150029301643372,4.269220352172852,0.24099232256412506,5.288245677947998,tall glass
ASC023,Cheese and chilli sandwich ,asc_manual,916.6547241210938,218.1146697998047,27.40143394470215,6.795605182647705,9.780448913574219,2.3799102306365967,2.078744411468506,5276.39111328125,2277.001708984375,351.3721923828125,23.049325942993164,113.78923797607422,89.97757720947266,18.85919189453125,437.50079345703125,142.31390380859375,0.9906277656555176,0.09614349901676178,4.570986270904541,0.0033542602322995663,0.3228699564933777,0.02062780223786831,0.5553362965583801,97.39910888671875,0.25233185291290283,0.24071748554706573,0,5.853811740875244,0,28.950178146362305,0.13659192621707916,0.09278026968240738,1.0011210441589355,0.0973094180226326,0.07475335896015167,1.7717039585113525,28.950178146362305,22.062780380249023,518.1121215820312,triangle
ASC024,Egg sandwich (Ande ka sandwich),asc_manual,1198.246337890625,285.95709228515625,29.15723991394043,8.694679260253906,15.797734260559082,1.863645315170288,1.8776354789733887,8437.2119140625,4047.354736328125,733.8719482421875,121.62561798095703,110.13300323486328,107.31526947021484,18.879310607910156,461.67034912109375,129.58621215820312,1.4419211149215698,0.11152709275484085,14.158275604248047,0.0003349753678776324,0.33990147709846497,0.021674877032637596,0.7701478004455566,190.34481811523438,0.6988670229911804,0.12650245428085327,0.20689654350280762,1.9359606504440308,3.598522186279297,29.39847183227539,0.14512315392494202,0.09896551817655563,0.9770935773849487,0.37093597650527954,0.08211822807788849,4.5393595695495605,29.39847183227539,0,134.03448486328125,triangle
ASC025,Cucumber sandwich (Kheere ka sandwich),asc_manual,792.8148193359375,188.597900390625,25.76510238647461,4.798436164855957,7.997695446014404,1.6432921886444092,2.449218273162842,4322.51416015625,1808.7242431640625,287.5267639160156,17.53086280822754,87.83538818359375,62.300411224365234,21.604938507080078,362.6423034667969,154.0576171875,1.0193827152252197,0.09481481462717056,3.5766665935516357,0.0027489711064845324,0.3127571940422058,0.01975308731198311,0.4561316668987274,78.84774017333984,0.2052263468503952,0.6241975426673889,0,4.68724250793457,0,21.341110229492188,0.11711934208869934,0.0448148138821125,0.9376543164253235,0.19053497910499573,0.060370370745658875,1.191316843032837,21.341110229492188,2.5144033432006836,129.543212890625,triangle
ASC026,Cheese and pineapple sandwich (Cheese aur ananas ka sandwich),asc_manual,1080.7802734375,257.7143249511719,29.101882934570312,8.196501731872559,12.797489166259766,4.101883411407471,2.3298654556274414,7259.18212890625,3109.009033203125,440.2977600097656,34.34977340698242,199.73184204101562,195.3695068359375,21.521076202392578,571.9564208984375,143.39013671875,1.044439435005188,0.0979372188448906,4.732421398162842,0.001739910221658647,0.5417040586471558,0.0197309423238039,0.905112087726593,134.3497772216797,0.39403587579727173,0.15282511711120605,0,2.147982120513916,0,21.660491943359375,0.13838565349578857,0.0945739895105362,0.9042600989341736,0.1367712914943695,0.07475336641073227,1.2264125347137451,21.660491943359375,6.523766994476318,97.00179290771484,triangle
ASC027,Cheese and tomato sandwich (Cheese aur tamatar ke sandwich),asc_manual,1020.4463500976562,243.31991577148438,26.92240333557129,7.9185404777526855,12.274420738220215,2.8468668460845947,1.9749356508255005,6949.08349609375,2976.7724609375,438.7381896972656,32.87553405761719,191.20172119140625,187.97210693359375,20.965665817260742,549.70849609375,148.5236053466797,0.9987553358078003,0.09030042588710785,4.5155792236328125,0.0009356223163194954,0.31802576780319214,0.02575107291340828,0.8727038502693176,128.5836944580078,0.3470815420150757,2.648841142654419,0,6.819742679595947,0,20.911544799804688,0.13244634866714478,0.08965665102005005,0.954291820526123,0.14721029996871948,0.0663948506116867,1.2274248600006104,20.911544799804688,5.422746658325195,1328.236083984375,triangle
ASC028,Chicken sandwich,asc_manual,1063.579345703125,253.27267456054688,25.377338409423828,13.124119758605957,11.748669624328613,1.5979398488998413,1.6358798742294312,4795.6826171875,2264.605224609375,412.47210693359375,42.05793762207031,89.55751037597656,121.56652069091797,21.587982177734375,389.66558837890625,196.07725524902344,1.1863089799880981,0.18600858747959137,10.826309204101562,0.00029184549930505455,0.29957082867622375,0.018884120509028435,0.7040343284606934,84.92017364501953,0.3174678087234497,0.11021459102630615,0.5330471992492676,1.3690987825393677,10.738197326660156,19.06218910217285,0.15218883752822876,0.06562231481075287,3.9409871101379395,0.44978538155555725,0.24193133413791656,1.619699478149414,19.06218910217285,0,61.71244430541992,triangle
ASC029,Peanut and tomato sandwich (Moongfali aur tamatar ka sandwich),asc_manual,1223.061767578125,291.4269104003906,28.544937133789062,9.528888702392578,16.13761329650879,2.816131591796875,4.029465198516846,5981.6318359375,5583.6953125,2667.5966796875,17.53086280822754,94.03292083740234,134.26954650878906,56.193416595458984,364.99005126953125,252.8230438232422,1.5831687450408936,0.2758847773075104,4.2083539962768555,0.0023374485317617655,0.6316872239112854,0.11358024924993515,1.0631275177001953,78.84774017333984,1.1229218244552612,4.0007405281066895,0,6.790123462677002,0,36.27938461303711,0.23440329730510712,0.06950616836547852,3.233950614929199,0.25020575523376465,0.0994650200009346,0.5863786339759827,36.27938461303711,5.199588775634766,1274.975341796875,triangle
ASC030,Rainbow sandwich,asc_manual,1145.565673828125,272.75140380859375,34.263946533203125,7.746617794036865,12.539576530456543,4.045274257659912,2.10280179977417,7021.9560546875,2934.2099609375,411.2226867675781,31.15525245666504,172.0380859375,149.85064697265625,20.42751121520996,612.4857788085938,143.97438049316406,1.2038421630859375,0.10135912150144577,4.998483657836914,0.000533193931914866,0.36175641417503357,0.023000523447990417,0.762603223323822,128.38473510742188,0.3615054786205292,0.12957657873630524,0,2.147381067276001,0,21.693910598754883,0.20014114677906036,0.09071092307567596,1.155943512916565,0.0823105052113533,0.05982226878404617,0.6838943958282471,21.693910598754883,2.117412567138672,188.08729553222656,triangle
ASC031,Club sandwich ,asc_manual,982.352783203125,235.3241729736328,18.508420944213867,7.3101277351379395,15.121536254882812,2.0132575035095215,1.8081934452056885,6110.900390625,5725.70751953125,1625.37548828125,31.260313034057617,115.67852020263672,128.02488708496094,18.599573135375977,461.66015625,168.9985809326172,0.8620341420173645,0.07843527942895889,3.731337070465088,0.001661450951360166,0.22674253582954407,0.009672830812633038,0.8745945692062378,80.8819351196289,1.1882930994033813,1.913485050201416,0,13.561593055725098,0,19.82203483581543,0.1592603176832199,0.08761024475097656,1.3326457738876343,0.3564722537994385,0.10422474890947342,1.9772261381149292,19.82203483581543,6.828591823577881,918.3342895507812,triangle
ASC032,Vegetarian club sandwich,asc_manual,829.6741943359375,198.32925415039062,19.684192657470703,5.451312065124512,11.329170227050781,2.0804224014282227,2.0566515922546387,4721.68701171875,3935.81494140625,1208.3846435546875,23.131221771240234,122.43921661376953,120.4915542602539,18.653846740722656,305.3633117675781,159.76773071289062,0.774675726890564,0.07411764562129974,3.111809730529785,0.0023650075308978558,0.24464555084705353,0.010859728790819645,0.5756258964538574,85.76168823242188,1.2328356504440308,3.2681446075439453,0,15,0,21.15549087524414,0.09707390516996384,0.06695324182510376,0.7783559560775757,0.20361991226673126,0.07431372255086899,1.8087329864501953,21.15549087524414,7.240573406219482,973.7390747070312,triangle
ASC033,Pin wheel sandwich,asc_manual,1295.399169921875,311.5205993652344,14.004125595092773,8.766905784606934,24.934709548950195,1.4543497562408447,0.928968608379364,2856.2958984375,13907.45703125,5907.96435546875,179.5157012939453,67.75336456298828,111.59192657470703,13.690583229064941,374.3905029296875,110.29596710205078,1.360134482383728,0.07820627838373184,20.072330474853516,0.0003049327351618558,0.1820627748966217,0.0197309423238039,0.8019731044769287,109.77578735351562,6.650538444519043,0.11515694856643677,0.3766815960407257,0.7668161392211914,6.55156946182251,32.438968658447266,0.08636771142482758,0.13134528696537018,0.48363226652145386,0.7008968591690063,0.11600896716117859,8.383362770080566,32.438968658447266,0,70.4887924194336,triangle
ASC034,Carrot apple sandwich (Gajar aur seb ka sandwich),asc_manual,899.8164672851562,214.11184692382812,29.04496192932129,5.297377586364746,9.123984336853027,5.295166969299316,3.656041145324707,5161.19580078125,2211.029296875,628.9768676757812,21.053985595703125,118.0475082397461,97.76477813720703,31.488842010498047,302.8827209472656,228.81747436523438,1.7975449562072754,0.13814909756183624,3.5990874767303467,0.004586118273437023,0.6318508982658386,0.4539845883846283,0.7803341746330261,89.305908203125,0.24733933806419373,0.4530591368675232,0,14.89881706237793,0,22.316362380981445,0.12655526399612427,0.06803341954946518,1.4392930269241333,0.20907455682754517,0.09607969224452972,1.712712049484253,22.316362380981445,2.7806684970855713,2220.142578125,triangle
ASC035,Salami sandwich,asc_manual,1068.3502197265625,255.5937042236328,21.538450241088867,8.695690155029297,15.509899139404297,1.996363639831543,1.969562292098999,6875.04248046875,5531.6787109375,1238.0821533203125,33.3468017578125,73.54276275634766,88.61346435546875,20.80942726135254,662.7457275390625,194.06060791015625,1.1067676544189453,0.10336700081825256,4.517609596252441,0.0018451178912073374,0.26168349385261536,0.016161616891622543,1.0506397485733032,64.51178741455078,0.21922558546066284,0.42585858702659607,0,3.5369696617126465,0,17.033973693847656,0.2520538568496704,0.09047137945890427,2.0681817531585693,0.5056565999984741,0.1283838450908661,2.3875083923339844,17.033973693847656,1.6861952543258667,104.03030395507812,triangle
ASC036,Vegetable and mayonnaise sandwich,asc_manual,1020.2283935546875,244.2624969482422,23.201412200927734,4.473674774169922,15.398404121398926,2.348879814147949,2.351200580596924,4467.59814453125,6614.59716796875,2487.48095703125,21.87408447265625,79.52751159667969,55.55429458618164,16.69971466064453,342.6957702636719,143.1024932861328,0.9148243069648743,0.09169838577508926,3.1679720878601074,0.0031830163206905127,0.3002488911151886,0.02415812574326992,0.41681551933288574,78.6969223022461,2.6631405353546143,1.7921156883239746,0,9.374605178833008,0,24.968191146850586,0.1127452403306961,0.05696193128824234,0.8636017441749573,0.10558565706014633,0.08318448066711426,0.9820717573165894,24.968191146850586,18.88713836669922,2218.252685546875,triangle
ASC037,Egg and tomato sandwich (Ande aur tamatar ka sandwich),asc_manual,933.2310791015625,222.1063690185547,25.903024673461914,7.655546188354492,10.509202003479004,2.0916805267333984,1.7674790620803833,5164.0556640625,2761.661865234375,611.97900390625,95.6302490234375,95.7121810913086,95.46743774414062,18.10504150390625,423.25872802734375,150.4663848876953,1.303403377532959,0.1014285683631897,12.160209655761719,0.0006008403142914176,0.3077731132507324,0.02521008439362049,0.6894537806510925,124.28571319580078,0.6650000214576721,1.3505462408065796,0.1764705777168274,3.8739497661590576,3.0693275928497314,27.450166702270508,0.1372268944978714,0.08525209873914719,0.9878150820732117,0.3516806662082672,0.09021008014678955,4.078739643096924,27.450166702270508,3.3266806602478027,790.6680908203125,triangle
ASC038,Sweet open sandwich,asc_manual,1026.9322509765625,244.2458038330078,39.24372863769531,4.985423564910889,8.153898239135742,12.230847358703613,2.3566102981567383,4453.8125,1778.4857177734375,289.9660949707031,18.050846099853516,85.18441009521484,60.49559020996094,22.744407653808594,205.27084350585938,230.9661102294922,1.146101713180542,0.13033898174762726,3.622372627258301,0.006576271262019873,0.3888135552406311,0.013559321872889996,0.4261016845703125,81.18643951416016,0.22864407300949097,0.1274576187133789,0,1.428135633468628,0,22.122034072875977,0.11830508708953857,0.056440677493810654,0.9925423860549927,0.12999999523162842,0.2142372876405716,0.5637288093566895,22.122034072875977,2.801694869995117,146.67796325683594,triangle
ASC039,Mushroom and cheese sandwich (toasted),asc_manual,951.3003540039062,227.4191131591797,21.012937545776367,7.785544395446777,13.008052825927734,2.1066665649414062,2.2843563556671143,7548.32666015625,3185.626953125,525.3333129882812,35.11551284790039,172.35313415527344,196.8514862060547,21.16171646118164,456.57122802734375,198.36964416503906,0.8439273834228516,0.0928712859749794,3.637392520904541,0.0035247523337602615,0.28052806854248047,0.015841584652662277,0.7981517910957336,139.40594482421875,0.3131023049354553,6.863630771636963,0,5.686468601226807,0,16.76531410217285,0.1005280539393425,0.08610560745000839,0.8773927092552185,0.2468646913766861,0.07976897805929184,4.001616954803467,16.76531410217285,0,83.1980209350586,triangle
ASC040,Cheese and tomato sandwich (toasted) (Cheese aur tamatar ke sandwich (toasted)),asc_manual,939.419189453125,224.5795135498047,21.415576934814453,6.821847915649414,12.951947212219238,2.674323320388794,1.779405951499939,7543.296875,3193.442138671875,477.80859375,35.11551284790039,169.22442626953125,173.20132446289062,19.03630256652832,457.93756103515625,148.53465270996094,0.8208250403404236,0.07636963576078415,3.637392520904541,0.0012145214714109898,0.26072606444358826,0.019801979884505272,0.7783498167991638,139.40594482421875,0.3824092447757721,3.9890427589416504,0,9.521452903747559,0,19.11844825744629,0.11042904108762741,0.08280528336763382,0.8212870955467224,0.16435644030570984,0.06656765937805176,1.3151484727859497,19.11844825744629,8.339934349060059,2005.9703369140625,triangle
ASC041,Pea potato sandwich (toasted) (Matar aloo ka sandwich),asc_manual,692.5997924804688,164.90065002441406,25.16836166381836,4.604915618896484,5.42716121673584,1.332777500152588,2.8859055042266846,576.4678344726562,962.906494140625,2954.178466796875,0,64.15314483642578,61.79981994628906,26.66289520263672,262.6282043457031,342.7329406738281,1.1071504354476929,0.12384472042322159,2.8951053619384766,0.001989535754546523,0.43413838744163513,0.02306610345840454,0.5197727084159851,0,2.311007022857666,1.747023344039917,0,7.862656116485596,0,23.63707733154297,0.13572995364665985,0.03565063327550888,1.1998869180679321,0.2600230574607849,0.10381771624088287,1.1095651388168335,23.63707733154297,15.874649047851562,289.2605285644531,toasted triangle
ASC042,Paneer pea sandwich (toasted) (Paneer matar ka sandwich),asc_manual,1046.80517578125,249.55572509765625,24.052186965942383,12.400134086608887,11.975685119628906,6.396068572998047,2.1162853240966797,4540.43505859375,2891.98876953125,3093.700439453125,0,274.1019592285156,190.78097534179688,27.81057357788086,268.897705078125,127.83786010742188,1.2556737661361694,0.12834542989730835,12.972179412841797,0.05059713125228882,0.42963770031929016,0.021940927952528,1.6269456148147583,0,2.293004274368286,1.7200191020965576,0,6.908506870269775,0,58.652549743652344,0.11772714555263519,0.07615695893764496,0.7903228998184204,0.3095307946205139,0.07681350409984589,9.971449851989746,58.652549743652344,5.4555206298828125,282.9595642089844,toasted triangle
ASC043,Chicken sandwich (toasted),asc_manual,705.5847778320312,167.36798095703125,18.81935691833496,12.081052780151367,5.315614223480225,2.1342689990997314,1.6419882774353027,1141.776611328125,725.9234008789062,213.0877227783203,26.567251205444336,99.9865493774414,147.94912719726562,20.66666603088379,327.54876708984375,203.55555725097656,0.988918125629425,0.16912280023097992,9.358274459838867,0.0025380116421729326,0.24298246204853058,0.013450291939079762,0.7337426543235779,18.231578826904297,0.17973683774471283,0.24233917891979218,0.4842105209827423,4.004093647003174,9.754385948181152,24.221900939941406,0.1264912337064743,0.06517543643712997,3.503070116043091,0.4991227984428406,0.24464911222457886,2.6219005584716797,24.221900939941406,15.168421745300293,316.1491394042969,toasted triangle
ASC044,Pea keema sandwich (toasted) (Matar aur keema ka sandwich),asc_manual,723.4983520507812,171.77516174316406,20.25550651550293,11.055025100708008,5.611410140991211,1.9430606365203857,2.4534075260162354,2222.367919921875,1918.946044921875,274.91510009765625,27.29206085205078,70.78671264648438,115.54611206054688,26.192195892333984,290.0722961425781,234.35142517089844,1.5065690279006958,0.1284138709306717,3.4357571601867676,0.0014992320211604238,0.4216475784778595,0.023038752377033234,1.6954022645950317,1.7722116708755493,0.1419517993927002,1.831443190574646,0,7.4915080070495605,0,21.614694595336914,0.16144080460071564,0.09770911931991577,2.5100815296173096,0.4479306638240814,0.14450614154338837,1.544447660446167,21.614694595336914,6.500123500823975,216.20079040527344,toasted triangle
ASC045,Classic club sandwich,asc_manual,840.3042602539062,200.83099365234375,18.491588592529297,6.73637580871582,11.56259536743164,1.8572258949279785,1.6238478422164917,4632.53271484375,4002.400146484375,1496.107177734375,62.87472152709961,107.72648620605469,127.97785186767578,20.015838623046875,277.4922180175781,167.5682373046875,1.093780755996704,0.08042505383491516,7.878165245056152,0.0021923938766121864,0.24445189535617828,0.00357941840775311,0.7267113924026489,97.1633071899414,1.4327740669250488,1.172035813331604,0.09395972639322281,20.78818702697754,1.6342281103134155,25.45897102355957,0.11413870006799698,0.08411633223295212,0.8755704760551453,0.3563087284564972,0.10098434239625931,3.5418343544006348,25.45897102355957,7.2448320388793945,1056.79638671875,triangle
ASC046,Sesame toast,asc_manual,2042.69482421875,495.18634033203125,11.146966934204102,1.8990991115570068,49.378177642822266,1.4626426696777344,1.318979024887085,5926.63232421875,10168.2275390625,30988.806640625,0,43.44484329223633,36.667266845703125,15.336736679077148,128.7751922607422,172.9849853515625,0.7188788652420044,0.07278278470039368,1.3891490697860718,0.0015315315686166286,0.1444844901561737,0.0262262262403965,0.29507508873939514,0,23.90890884399414,1.0269869565963745,0,7.051651477813721,0,14.200600624084473,0.0741741731762886,0.01824824884533882,0.5643243193626404,0.11291291564702988,0.05615615472197533,0.5966366529464722,14.200600624084473,11.075275421142578,744.635498046875,toasted triangle
ASC047,Cracked wheat porridge (Meetha daliya),asc_manual,341.08685302734375,81.56513977050781,8.870967864990234,2.6426796913146973,4.0806450843811035,5.117866039276123,0.6203473806381226,1828.163818359375,1007.4441528320312,870.9677124023438,0,75.88088989257812,59.92059326171875,5.176178932189941,15.893301010131836,71.439208984375,0.32158806920051575,0.021116625517606735,0.5893300175666809,0.002481389557942748,0.006203474011272192,0,0.20669974386692047,0,0.7471463680267334,0,0,0.07816377282142639,0,4.361042499542236,0.018610423430800438,0.06823821365833282,0.049627792090177536,0.2109181135892868,0.024813896045088768,1.2282878160476685,4.361042499542236,1.2468982934951782,124.0694808959961,bowl
ASC048,Semolina porridge (Suji/Rava daliya),asc_manual,423.05755615234375,100.89435577392578,12.38705062866211,3.750359535217285,4.082014083862305,7.537769794464111,0.6992805600166321,2440.74609375,1096.5711669921875,147.4820098876953,0,108.51654815673828,95.4244613647461,10.229496955871582,23.20575523376465,123.99280548095703,0.3550359904766083,0.06352517753839493,1.640647530555725,0.004028777126222849,0.1514388471841812,0.006474819965660572,0.4528777003288269,0,0.21223022043704987,0.5892086625099182,0,0.08633093535900116,0,8.169425010681152,0.04784172773361206,0.10179856419563293,0.15323740243911743,0.35971224308013916,0.043884892016649246,1.812230110168457,8.169425010681152,1.807554006576538,199.7122344970703,bowl
ASC050,Oatmeal Porridge,asc_manual,306.457275390625,72.85364532470703,8.766331672668457,2.595477342605591,3.2211055755615234,5.197236061096191,0.3919597864151001,1764.698486328125,918.84423828125,246.98492431640625,0.015075376257300377,76.83416748046875,80.12060546875,10.969849586486816,16.143217086791992,91.0301513671875,0.2811557650566101,0.03984924778342247,0.7474874258041382,0.0025125627871602774,0.19020099937915802,0,0.3248743712902069,0,0.1678391993045807,0,0,0,0,6.023869514465332,0.0716080367565155,0.0716080442070961,0.09045226126909256,0.2512562870979309,0.042211055755615234,2.1984922885894775,6.023869514465332,1.262562870979309,125.62814331054688,bowl
ASC051,Cornflakes with milk,asc_manual,493.7050476074219,117.32661437988281,14.948201179504395,3.59136700630188,5.119424343109131,9.973381042480469,0.7769784331321716,2784.820068359375,1530.431640625,370.5755310058594,0,106.47482299804688,108.4259033203125,14.975539207458496,26.548200607299805,132.87770080566406,0.42446044087409973,0.06172661855816841,1.4676258563995361,0.003453237470239401,0.23633094131946564,0,0.46043163537979126,0,0.33884891867637634,0,0,0,0,15.781294822692871,0.13597121834754944,0.209352508187294,0.500719428062439,0.32805755734443665,0.052877698093652725,2.6697840690612793,15.781294822692871,1.735251784324646,172.661865234375,bowl
ASC052,Rice flakes (Chiwda/Aval),asc_manual,471.3669128417969,112.4402847290039,15.568704605102539,3.6172661781311035,3.990647315979004,7.279856204986572,0.37338128685951233,2367.625732421875,1093.9208984375,181.4028778076172,0,103.1500015258789,104.43309783935547,15.614388465881348,22.402158737182617,115.39568328857422,0.6165468096733093,0.05741007253527641,0.8201438784599304,0.008848920464515686,0.104676254093647,0.017625899985432625,0.4485611617565155,0,0.19532373547554016,0,0,0.10791367292404175,0,6.982014179229736,0.03884891793131828,0.09928057342767715,0.24172662198543549,0.34532374143600464,0.03669064864516258,1.7514387369155884,6.982014179229736,1.735251784324646,176.28884887695312,bowl
ASC053,Wheat flakes,asc_manual,471.3669128417969,112.4402847290039,15.568704605102539,3.6172661781311035,3.990647315979004,7.279856204986572,0.37338128685951233,2367.625732421875,1093.9208984375,181.4028778076172,0,103.1500015258789,104.43309783935547,15.614388465881348,22.402158737182617,115.39568328857422,0.6165468096733093,0.05741007253527641,0.8201438784599304,0.008848920464515686,0.104676254093647,0.017625899985432625,0.4485611617565155,0,0.19532373547554016,0,0,0.10791367292404175,0,6.982014179229736,0.03884891793131828,0.09928057342767715,0.24172662198543549,0.34532374143600464,0.03669064864516258,1.7514387369155884,6.982014179229736,1.735251784324646,176.28884887695312,bowl
ASC054,Murmura (Puffed rice),asc_manual,475.0359802246094,113.31719207763672,15.66906452178955,3.6205034255981445,4.042446136474609,7.312230110168457,0.27625900506973267,2342.032958984375,1052.349365234375,123.97122955322266,0,103.78669738769531,99.79280853271484,14.175899505615234,22.521942138671875,114.5323715209961,0.6262590289115906,0.056330934166908264,0.8201438784599304,0.006474820431321859,0.1068345308303833,0.012230215594172478,0.4442445933818817,0,0.1942446082830429,0,0,0.10791367292404175,0,6.069064617156982,0.03776978328824043,0.09928057342767715,0.27086329460144043,0.33453238010406494,0.04208632931113243,1.8453236818313599,6.069064617156982,1.735251784324646,178.10719299316406,bowl
ASC055,Puffed wheat (Murmure/Moori),asc_manual,475.0359802246094,113.31719207763672,15.66906452178955,3.6205034255981445,4.042446136474609,7.312230110168457,0.27625900506973267,2342.032958984375,1052.349365234375,123.97122955322266,0,103.78669738769531,99.79280853271484,14.175899505615234,22.521942138671875,114.5323715209961,0.6262590289115906,0.056330934166908264,0.8201438784599304,0.006474820431321859,0.1068345308303833,0.012230215594172478,0.4442445933818817,0,0.1942446082830429,0,0,0.10791367292404175,0,6.069064617156982,0.03776978328824043,0.09928057342767715,0.27086329460144043,0.33453238010406494,0.04208632931113243,1.8453236818313599,6.069064617156982,1.735251784324646,178.10719299316406,bowl
ASC056,Boiled egg (Ubla anda),asc_manual,189.76821899414062,45.3546028137207,0.11993376910686493,4.430860996246338,3.0388741493225098,0.001059602596797049,0.10980132967233658,981.6357421875,1154.18212890625,385.0198669433594,121.19205474853516,17.745033264160156,61.73841094970703,4.877483367919922,170.94065856933594,50.91390609741211,0.6430794596672058,0.029271522536873817,13.430893898010254,0.00022516556782647967,0.03145695477724075,0.014569536782801151,0.4117218554019928,65.56291198730469,0.5042052865028381,0.0850331112742424,0.2781457006931305,0.5662251710891724,4.837748050689697,16.403608322143555,0.02006622403860092,0.06321191787719727,0.03923841193318367,0.4877483546733856,0.053874172270298004,6.051291465759277,16.403608322143555,0,52.04966735839844,egg
ASC057,Fried Egg ,asc_manual,928.1904907226562,223.66744995117188,0.3135930597782135,11.585453987121582,19.62242317199707,0.002770562656223774,0.28709957003593445,3969.298583984375,5413.96533203125,8405.419921875,316.88311767578125,46.39826583862305,161.42857360839844,12.753247261047363,446.96173095703125,133.1255340576172,1.6931601762771606,0.07770562916994095,35.11800765991211,0.0005887445877306163,0.08225108683109283,0.03809523954987526,1.076536774635315,171.42857360839844,7.0713419914245605,0.22233766317367554,0.7272726893424988,2.2168831825256348,12.6493501663208,42.89082336425781,0.05246753245592117,0.16528138518333435,0.10259740054607391,1.2753247022628784,0.14086580276489258,15.822423934936523,42.89082336425781,0,136.09524536132812,egg
ASC058,Poached egg,asc_manual,518.0535888671875,123.86688232421875,0.3662499785423279,11.97607135772705,8.194107055664062,0.04571428522467613,0.29607143998146057,2646.91064453125,3112.169677734375,1038.1785888671875,326.78570556640625,48.24106979370117,167.20535278320312,14.79464340209961,1163.0721435546875,141.30357360839844,1.7465178966522217,0.08107142895460129,36.28687286376953,0.0006071428651921451,0.08553571999073029,0.03928571566939354,1.1191071271896362,176.7857208251953,1.359553575515747,0.22928571701049805,0.75,1.5267857313156128,13.044642448425293,44.23115921020508,0.05410714074969292,0.17044642567634583,0.10580357164144516,1.315178632736206,0.14526785910129547,16.316875457763672,44.23115921020508,0,140.3482208251953,egg
ASC059,Scrambled egg (Ande ki bhurji),asc_manual,649.5142822265625,155.97100830078125,1.3515714406967163,10.290857315063477,12.212428092956543,1.0844285488128662,0.23685714602470398,5674.17138671875,3944.73583984375,1021.8285522460938,273.6000061035156,64.59285736083984,155.1842803955078,12.40999984741211,374.6562805175781,136.0142822265625,1.419357180595398,0.07014285773038864,29.175928115844727,0.0013428571401163936,0.07000000029802322,0.03142857179045677,0.9645714163780212,196.1714324951172,1.2404999732971191,0.1834285706281662,0.5999999642372131,1.644285798072815,10.435713768005371,36.891357421875,0.049714285880327225,0.1639285683631897,0.10178571194410324,1.1278572082519531,0.12478571385145187,13.489213943481445,36.891357421875,0.43071427941322327,189.87857055664062,egg
ASC060,Baked egg ,asc_manual,916.6336669921875,218.84698486328125,15.416930198669434,11.881781578063965,12.652177810668945,1.6649504899978638,1.02554452419281,6173.03955078125,3702.2919921875,838.9901123046875,204.35643005371094,164.05445861816406,236.0148468017578,17.935644149780273,523.2875366210938,143.6930694580078,1.4812376499176025,0.0858415812253952,22.90163230895996,0.0003366336750332266,0.19851484894752502,0.021782178431749344,1.2145544290542603,185.5445556640625,0.9508416056632996,0.1271287053823471,0.41584157943725586,1.4504951238632202,7.232673168182373,35.36579132080078,0.10425742715597153,0.15589109063148499,0.5487623810768127,0.8207920789718628,0.11173266917467117,9.888564109802246,35.36579132080078,0,122.02474975585938,egg
ASC061,Plain omelette/omlet,asc_manual,1127.426513671875,272.4109802246094,0.6448251605033875,9.664055824279785,25.74034881591797,0.5140559673309326,0.11594405770301819,4620.50341796875,6433.8564453125,12775.580078125,255.94406127929688,48.402095794677734,140.00628662109375,10.218181610107422,226.181396484375,114.07691955566406,1.3500349521636963,0.060419581830501556,28.421781539916992,0.0006573426653631032,0.04125874117016792,0.015384615398943424,0.899440586566925,138.46153259277344,10.376748085021973,0.0897902101278305,0.5874125957489014,1.7874125242233276,10.216782569885254,35.303462982177734,0.04531468451023102,0.14472027122974396,0.08828671276569366,1.064685344696045,0.11702796816825867,12.975139617919922,35.303462982177734,0.2108391523361206,123.14335632324219,omelette
ASC062,Stuffed egg omelette/omlet,asc_manual,843.31298828125,203.51486206054688,2.3019466400146484,8.602519035339355,17.774503707885742,1.5683587789535522,0.7503053545951843,4762.884765625,4522.7041015625,7171.76708984375,154.37786865234375,89.90934753417969,182.38702392578125,14.149618148803711,267.1867980957031,161.72137451171875,0.9143320918083191,0.06290076673030853,16.65291976928711,0.0018854961963370442,0.07270992547273636,0.01221374049782753,0.9037023186683655,115.96183013916016,5.773377895355225,3.207404613494873,0.3206106722354889,5.164885520935059,5.576335906982422,26.803987503051758,0.08484732359647751,0.1193702295422554,0.5758587718009949,0.7849236726760864,0.13410304486751556,9.024789810180664,26.803987503051758,3.1646947860717773,649.9771118164062,omelette
ASC063,Pancake,asc_manual,846.211669921875,203.35560607910156,20.48965072631836,5.68212890625,10.816617012023926,3.3151979446411133,0.6528680920600891,2766.083984375,2526.376220703125,4767.8486328125,35.92903518676758,79.48967742919922,101.28621673583984,13.559822082519531,143.6984100341797,116.82614135742188,0.6940390467643738,0.06577173620462418,4.5316619873046875,0.003548196516931057,0.15690124034881592,0.007687758654356003,0.5243524312973022,19.43701934814453,3.7830042839050293,1.5919573307037354,0.08246008306741714,0.6836191415786743,1.4342164993286133,12.842767715454102,0.059112951159477234,0.09789473563432693,0.24024836719036102,0.5156829953193665,0.05828503891825676,3.098663568496704,12.842767715454102,1.1886457204818726,195.3932647705078,pancake
ASC064,Keema pancake,asc_manual,733.0740966796875,176.2749786376953,9.559337615966797,9.006999969482422,11.245588302612305,2.1966712474823,0.840624213218689,4774.8154296875,3416.917724609375,2148.88427734375,46.43195343017578,40.96306610107422,110.6751480102539,16.95063018798828,125.39991760253906,198.4211883544922,0.9272348880767822,0.07400607317686081,2.4697325229644775,0.0023126176092773676,0.16570675373077393,0.010191832669079304,1.4550601243972778,38.43408203125,1.6033737659454346,2.1268808841705322,0.0315810926258564,4.300617218017578,0.5492854714393616,11.079110145568848,0.07383235543966293,0.10568976402282715,1.8272497653961182,0.5683921575546265,0.11661495268344879,2.3198108673095703,11.079110145568848,4.2014899253845215,770.6041259765625,pancake
ASC065,Vegetable pancake,asc_manual,520.552490234375,125.17634582519531,12.23516845703125,3.865659475326538,6.573175430297852,2.08504056930542,2.477165937423706,2574.501708984375,1578.6693115234375,1920.97998046875,19.31519317626953,42.885623931884766,63.247440338134766,19.90549659729004,116.69419860839844,230.71766662597656,0.7856636643409729,0.08876867592334747,2.0711779594421387,0.003307725302875042,0.2078147679567337,0.010029876604676247,0.47901836037635803,35.16815948486328,1.537838339805603,4.209240436553955,0.02975672297179699,13.93694019317627,0.5175544023513794,24.389591217041016,0.08636576682329178,0.05744558200240135,0.5514852404594421,0.45992743968963623,0.10148527473211288,2.480119466781616,24.389591217041016,17.606700897216797,1985.42041015625,pancake
ASC066,Jam and fruit pancake,asc_manual,675.434814453125,162.0184326171875,20.727575302124023,3.791611433029175,7.008038520812988,7.847491264343262,1.2086658477783203,1792.72216796875,1632.6405029296875,3082.635009765625,23.09235954284668,54.05626678466797,68.54142761230469,11.90047836303711,93.08523559570312,110.42303466796875,0.5184796452522278,0.059129610657691956,2.930840015411377,0.004123907536268234,0.41422274708747864,0.008361839689314365,0.37026986479759216,12.49258804321289,2.535522699356079,1.0747814178466797,0.0529988594353199,1.003800868988037,0.9218016266822815,12.795085906982422,0.051866210997104645,0.07015963643789291,0.18576966226100922,0.36435574293136597,0.06891296058893204,2.2492740154266357,12.795085906982422,9.850247383117676,146.3267822265625,pancake
ASC067,Khoa and coconut pancake,asc_manual,1138.7784423828125,271.980712890625,27.323190689086914,6.979613304138184,15.294413566589355,16.470800399780273,1.6516162157058716,6999.2861328125,2755.887939453125,3040.07275390625,21.347856521606445,157.22312927246094,151.28390502929688,22.60880470275879,101.00405883789062,205.43324279785156,1.118506669998169,0.0962122306227684,10.613699913024902,0.0236999299377203,0.2520098388195038,0.013352072797715664,0.8008537888526917,11.548840522766113,2.541078805923462,1.0437806844711304,0.04899508133530617,2.8657941818237305,0.8521644473075867,26.872583389282227,0.05782150477170944,0.08604708313941956,0.25190091133117676,0.3869887590408325,0.055976808071136475,5.498432636260986,26.872583389282227,1.0224876403808594,171.6233367919922,pancake
ASC068,Brown stock,asc_manual,89.24229431152344,21.324813842773438,0.2517152726650238,1.9483927488327026,1.3840610980987549,0.14024583995342255,0.09378182142972946,2.9786555767059326,1.6365272998809814,7.670627117156982,0,17.164995193481445,16.784446716308594,0.7178933620452881,44.59760284423828,36.6777229309082,0.2970040738582611,0.003670215606689453,0.025507895275950432,0.0001244663872057572,0.015023401938378811,0.002468754770234227,0.009782440960407257,0,0.003654271364212036,0.041310496628284454,0,0.3685131072998047,0,1.3018747568130493,0.019903307780623436,0.015157639980316162,0.710834264755249,0.008460627868771553,0.0031913798302412033,0.04599856212735176,1.3018747568130493,0.3076685667037964,101.74279022216797,cup
ASC069,Vegetable stock,asc_manual,72.83649444580078,17.604402542114258,0.9595896005630493,0.2996930778026581,1.377679467201233,0.4429078698158264,0.3815610408782959,853.5580444335938,343.8364562988281,67.21044921875,3.4609134197235107,5.082204818725586,5.433592319488525,2.6375999450683594,49.74882507324219,30.04964828491211,0.11720828711986542,0.013464524410665035,0.09742733091115952,0.000320154067594558,0.04091592878103256,0.005295781418681145,0.05283745378255844,15.565986633300781,0.044084370136260986,0.3968345820903778,0,2.0311126708984375,0,3.35176944732666,0.010472407564520836,0.003748570801690221,0.06190949305891991,0.04152374342083931,0.013543359003961086,0.23032738268375397,3.35176944732666,1.8243365287780762,330.9511413574219,cup
ASC070,Chicken stock,asc_manual,125.02301025390625,29.880197525024414,0.36780157685279846,3.6864609718322754,1.5104801654815674,0.19571751356124878,0.10351110994815826,139.33668518066406,167.21705627441406,66.50884246826172,10.23241138458252,3.5696237087249756,30.822582244873047,4.250565052032471,58.579917907714844,56.11716842651367,0.18347519636154175,0.05004388839006424,3.105220317840576,0.0001449660921934992,0.0206543430685997,0.0014629604993388057,0.14423461258411407,1.1570687294006348,0.05071818083524704,0.04134858399629593,0.2294188141822815,0.26333290338516235,4.6216254234313965,2.7103936672210693,0.017999734729528427,0.010590504854917526,1.3528727293014526,0.20135655999183655,0.09161458164453506,0.7723699808120728,2.7103936672210693,0.22243650257587433,6.411756992340088,cup
ASC079,Clear tomato soup (Tamatar ka soup),asc_manual,330.9048156738281,80.07408905029297,3.4506852626800537,4.793009281158447,12.224908828735352,1.4366905689239502,1.963787317276001,851.47216796875,1413.99755859375,4382.484375,0,29.0460205078125,50.311832427978516,22.386016845703125,5135.7421875,232.94668579101562,1.1444926261901855,0.05499308556318283,0.20636865496635437,0.002074688905850053,0.23236514627933502,0.013579781167209148,0.23168615996837616,0,3.471212148666382,6.13579797744751,0,14.324280738830566,0,11.043033599853516,0.028540173545479774,0.014197157695889473,0.32280272245407104,0.12255752831697464,0.05336979776620865,0.7659059762954712,11.043033599853516,13.369043350219727,3417.469482421875,soup bowl
ASC080,Lentil soup,asc_manual,129.85047912597656,31.16623878479004,3.9445831775665283,9.653425216674805,11.678777694702148,1.0551661252975464,2.5739505290985107,568.3059692382812,231.82713317871094,109.9548568725586,2.188937187194824,40.568328857421875,96.89124298095703,36.61178970336914,10418.8427734375,350.2551574707031,2.2592990398406982,0.09739973396062851,1.9873340129852295,0.0018402744317427278,0.35369962453842163,0.038280706852674484,0.46797189116477966,9.845078468322754,0.09381496906280518,1.9330979585647583,0,8.170186042785645,0,8.97245979309082,0.02671222575008869,0.015392441302537918,0.1958189159631729,0.1363697648048401,0.04140482470393181,0.564841091632843,8.97245979309082,4.599881649017334,2080.891845703125,soup bowl
ASC081,Chicken consomme (Clear chicken soup),asc_manual,199.24435424804688,47.944820404052734,1.1854139566421509,11.471491813659668,12.01870346069336,0.5409916043281555,1.5683488845825195,819.649169921875,1205.064697265625,595.9052734375,16.998672485351562,35.47910690307617,102.44975280761719,32.3470573425293,8953.63671875,305.3873291015625,1.824059247970581,0.06214253976941109,3.83030104637146,0.001073483843356371,0.3600265681743622,0.020362991839647293,0.4555334150791168,9.561753273010254,0.045263390988111496,0.35354140400886536,0.0790172591805458,4.650287628173828,0,5.038667678833008,0.018809208646416664,0.03735281154513359,1.3508411645889282,0.3310756981372833,0.09413457661867142,0.8911243677139282,5.038667678833008,0.9308986067771912,560.4404907226562,soup bowl
ASC082,Cream of tomato soup,asc_manual,404.6037902832031,97.81221771240234,3.9280059337615967,4.610315799713135,13.115484237670898,1.8071366548538208,1.3752379417419434,2374.4814453125,1898.5947265625,3845.4931640625,5.469290733337402,39.60661697387695,56.77097702026367,19.753459930419922,4461.22265625,205.6585235595703,0.9541738629341125,0.046297576278448105,0.2781790494918823,0.0020934257190674543,0.1493404060602188,0.011245674453675747,0.24096021056175232,26.014272689819336,3.0511677265167236,5.203892707824707,0,11.492863655090332,0,9.517279624938965,0.027711937204003334,0.032424308359622955,0.2784385681152344,0.14619377255439758,0.04681012034416199,0.9431012272834778,9.517279624938965,11.512543678283691,2573.711181640625,soup bowl
ASC083,Cream of green peas soup,asc_manual,529.63037109375,127.84082794189453,6.750673294067383,7.126903533935547,14.781371116638184,1.6098653078079224,2.950526475906372,2672.927001953125,2142.49853515625,4324.3330078125,6.190942764282227,51.013221740722656,76.13671875,29.973928451538086,4999.6962890625,242.60220336914062,1.4846510887145996,0.10536108165979385,0.8772582411766052,0.00201713596470654,0.27416157722473145,0.021052632480859756,0.5646021962165833,29.44675636291504,3.422839641571045,4.132117748260498,0,16.432804107666016,0,21.683818817138672,0.09645043313503265,0.03807833418250084,0.46959608793258667,0.30178701877593994,0.07817625254392624,1.8543696403503418,21.683818817138672,12.798335075378418,1001.4100341796875,soup bowl
ASC084,Cream of spinach soup,asc_manual,416.0080871582031,100.53778076171875,3.446488857269287,5.214042663574219,13.30996322631836,1.1309452056884766,1.7408103942871094,2433.500244140625,1903.385498046875,3918.173095703125,5.466571807861328,70.76974487304688,64.43806457519531,52.292850494384766,4429.8076171875,404.1294250488281,2.1001219749450684,0.10347210615873337,1.1899964809417725,0.012910728342831135,0.59158855676651,0.012753171846270561,0.3915122151374817,26.001340866088867,3.513612985610962,0.2525908350944519,0,141.6310577392578,0,64.42694091796875,0.07988241314888,0.06699717044830322,0.1997963935136795,0.1658264696598053,0.07820526510477066,2.266357898712158,64.42694091796875,13.691177368164062,4180.57568359375,soup bowl
ASC085,Cream of mixed vegetable soup,asc_manual,248.41831970214844,59.64580535888672,4.931180953979492,6.844812393188477,9.04925537109375,2.0977373123168945,2.1433775424957275,2015.6385498046875,852.7673950195312,171.60043334960938,7.04746150970459,65.26049041748047,94.3338851928711,27.04773712158203,5655.44970703125,255.86920166015625,1.3634381294250488,0.07408388704061508,0.6402593851089478,0.0019260486587882042,0.22593818604946136,0.020419426262378693,0.47632449865341187,28.598234176635742,0.16961920261383057,3.5995583534240723,0,11.377483367919922,0,15.02784252166748,0.05688190087676048,0.03702538460493088,0.3205021917819977,0.23758278787136078,0.06255518645048141,1.4365066289901733,15.02784252166748,10.767936706542969,1564.125244140625,soup bowl
ASC086,Cream of mushroom soup,asc_manual,484.6348876953125,117.27780151367188,3.7424185276031494,6.6403021812438965,15.500728607177734,1.931230068206787,1.3361760377883911,2922.1767578125,2330.750732421875,4743.447265625,6.743460655212402,70.56117248535156,106.93019104003906,24.307233810424805,5276.0595703125,249.78639221191406,1.8117601871490479,0.08022638410329819,0.24561528861522675,0.003346105571836233,0.1888691484928131,0.012265685014426708,0.5576362013816833,32.07476806640625,3.6511688232421875,4.305978298187256,0,4.352494716644287,0,8.190135955810547,0.015572087839245796,0.035498227924108505,0.2167207896709442,0.2087867558002472,0.050942860543727875,2.744821071624756,8.190135955810547,1.5438741445541382,77.09437561035156,soup bowl
ASC087,Chicken sweet corn soup,asc_manual,119.03102111816406,28.32048225402832,1.632999062538147,14.47509765625,12.593029975891113,0.2650051712989807,0.46616339683532715,106.18096923828125,155.2032012939453,113.22440338134766,6.365046501159668,91.4976806640625,177.67015075683594,41.63731002807617,12205.3349609375,362.1540832519531,3.826664924621582,0.10866598039865494,2.672063112258911,3.5160290281055495e-05,0.22839710116386414,0.0045501552522182465,1.0219131708145142,0.7197518348693848,0.06680972129106522,0.013278179802000523,0.17962771654129028,0.08841779083013535,2.874870538711548,5.565237998962402,0.02794208936393261,0.01754395104944706,1.0419493913650513,0.2422647327184677,0.057119954377412796,0.5811634063720703,5.565237998962402,0.8355739116668701,4.115304946899414,soup bowl
ASC088,Minestrone soup,asc_manual,178.39413452148438,42.65936279296875,3.7148396968841553,9.303705215454102,11.087420463562012,1.014839768409729,1.9226291179656982,787.8424682617188,334.7933654785156,103.83009338378906,3.6979904174804688,53.553611755371094,101.29821014404297,31.058988571166992,8875.064453125,299.6387939453125,1.8172242641448975,0.060966864228248596,0.7122922539710999,0.001166757196187973,0.2215643674135208,0.011732754297554493,0.393720805644989,14.192286491394043,0.1045464426279068,3.240673542022705,0,10.806844711303711,0,10.100754737854004,0.039359044283628464,0.022819120436906815,0.6396795511245728,0.13096143305301666,0.042297665029764175,0.7686529159545898,10.100754737854004,8.442585945129395,1748.036376953125,soup bowl
ASC089,Egg drop soup,asc_manual,110.83399200439453,26.63651466369629,1.1007238626480103,12.929913520812988,13.516396522521973,0.604657769203186,0.8106687664985657,929.7262573242188,583.3798828125,160.3682098388672,31.666404724121094,100.13548278808594,170.95767211914062,39.39339065551758,12418.84375,346.41778564453125,3.930220365524292,0.09221085906028748,3.3001809120178223,0.000494099163915962,0.24210858345031738,0.00755310757085681,1.0444060564041138,28.129032135009766,0.18024390935897827,0.07937057316303253,0.0660896897315979,7.623445987701416,1.1494885683059692,8.871038436889648,0.01150275394320488,0.020810386165976524,0.08548387140035629,0.15501180291175842,0.030078677460551262,1.717616081237793,8.871038436889648,2.677576780319214,63.91423797607422,soup bowl
ASC090,Chinese cabbage and meat ball soup,asc_manual,1992.3736572265625,484.30548095703125,1.4290056228637695,5.210831642150879,56.57162094116211,0.37342920899391174,0.56608647108078,6459.8916015625,10712.2099609375,32686.767578125,5.829716682434082,41.07033920288086,64.93245697021484,15.072936058044434,4249.40625,147.09527587890625,1.5195188522338867,0.042589157819747925,0.7304950952529907,0.0006103746709413826,0.11217880994081497,0.005693292710930109,0.3603116273880005,6.775018215179443,25.434309005737305,1.3462867736816406,0.011279163882136345,8.539234161376953,0.1961769014596939,4.3679070472717285,0.01578202098608017,0.012572831474244595,0.3697620630264282,0.057051949203014374,0.016759227961301804,0.4682082235813141,4.3679070472717285,3.591085433959961,640.3692016601562,soup bowl
ASC091,French onion soup,asc_manual,230.89599609375,55.60973358154297,4.2752203941345215,11.40778636932373,14.39195728302002,1.502301812171936,1.0132992267608643,2424.628662109375,995.7525024414062,166.58993530273438,10.586813926696777,106.22023010253906,167.13043212890625,37.544189453125,11202.8876953125,320.6748962402344,3.5220375061035156,0.09668371826410294,0.23888888955116272,0.0007786303176544607,0.2598181366920471,0.006251776125282049,0.9917590618133545,44.42455291748047,0.09977266192436218,0.20244386792182922,0,1.5953395366668701,0,7.062645435333252,0.01129298098385334,0.012668372131884098,0.08361750841140747,0.08759590238332748,0.025106564164161682,0.7651179432868958,7.062645435333252,1.5208866596221924,53.650184631347656,soup bowl
ASC092,Hot and sour soup,asc_manual,132.16537475585938,31.513946533203125,1.7757666110992432,3.1162946224212646,1.312411904335022,0.6560335755348206,0.6012079119682312,199.03602600097656,223.11520385742188,125.98076629638672,17.905853271484375,10.682498931884766,34.221038818359375,7.526093006134033,163.25599670410156,93.43328094482422,0.42693638801574707,0.04664987325668335,3.2528369426727295,0.0013604070991277695,0.11430814117193222,0.00839694682508707,0.18438829481601715,7.006106853485107,0.10259923338890076,0.7294488549232483,0.1671755611896515,6.902957439422607,3.2942111492156982,10.134709358215332,0.02299872785806656,0.022854706272482872,0.9667809009552002,0.2187572568655014,0.08808804303407669,1.5059038400650024,10.134709358215332,6.256027698516846,595.2139282226562,soup bowl
ASC093,Talaumein soup,asc_manual,149.3231201171875,35.62731170654297,4.171391487121582,10.122030258178711,12.784790992736816,0.7679230570793152,1.9394147396087646,257.7396545410156,354.0782165527344,793.1891479492188,12.39669418334961,42.33483123779297,101.54383087158203,37.80500793457031,11088.1376953125,340.9657287597656,2.22693133354187,0.06376642733812332,2.089136838912964,0.0017284920904785395,0.27541255950927734,0.01652892492711544,0.414572536945343,6.706408500671387,0.6575071215629578,1.2423818111419678,0.028451427817344666,14.952337265014648,0.49485164880752563,13.16396427154541,0.024102425202727318,0.023557784035801888,0.2520471513271332,0.15945807099342346,0.05672943964600563,1.3811055421829224,13.16396427154541,3.4197020530700684,1060.598876953125,soup bowl
ASC094,Cold cucumber soup (Thanda kheere ka soup),asc_manual,201.4317169189453,48.02956771850586,4.580854415893555,2.9876434803009033,1.990923285484314,3.3449158668518066,0.8775031566619873,1232.65673828125,523.2379150390625,98.36711883544922,7.0608296394348145,99.79180908203125,98.43505096435547,15.829026222229004,121.3151626586914,171.01710510253906,0.3184508979320526,0.025936158373951912,1.0706874132156372,0.0026029949076473713,0.0636519119143486,0.01705257035791874,0.42077508568763733,20.116703033447266,0.054604459553956985,0.46583011746406555,0,4.586853504180908,0,14.613996505737305,0.031366072595119476,0.10571607947349548,0.20035862922668457,0.3396608233451843,0.06289120763540268,2.080073595046997,14.613996505737305,2.6899008750915527,265.6842346191406,soup bowl
ASC095,Cold summer garden soup,asc_manual,203.381103515625,49.18648147583008,2.645667791366577,8.571334838867188,14.081335067749023,0.4605211913585663,1.8566449880599976,2460.768798828125,990.5249633789062,183.13973999023438,10.117263793945312,43.933876037597656,86.53827667236328,38.8913688659668,9919.625,361.42669677734375,2.127833843231201,0.06846905499696732,0.550570011138916,0.0038794788997620344,0.2787947952747345,0.018892508000135422,0.36032575368881226,46.92508316040039,0.1692996770143509,0.2790553569793701,0,22.77915382385254,0,14.089722633361816,0.020553745329380035,0.021807817742228508,0.18838761746883392,0.1267426759004593,0.03408794850111008,0.940830647945404,14.089722633361816,5.309739589691162,1029.9315185546875,soup bowl
ASC096,Chapati/Roti,asc_manual,844.75,202.3111114501953,35.64999771118164,5.875,3.5611112117767334,1,6.3111114501953125,1737.2222900390625,796.6666870117188,538.8888549804688,6.833333492279053,17.21666717529297,175,69.44444274902344,1.1611111164093018,172.7777862548828,2.277777671813965,0.2666666805744171,29.511110305786133,0.0033333334140479565,1.6555556058883667,0.015277777798473835,1.5833332538604736,25.611112594604492,0.30444443225860596,7.461111545562744,0,0.8333333730697632,0,16.233333587646484,0.23333333432674408,0.0833333283662796,1.3166667222976685,0.4833333194255829,0.1388888955116272,0.42222219705581665,16.233333587646484,0,209.52777099609375,chapati
ASC097,Plain parantha/paratha,asc_manual,1237.5462646484375,298.30084228515625,30.69233512878418,5.055602073669434,16.858184814453125,0.8609350919723511,5.433456897735596,2035.6331787109375,3380.4853515625,10573.1201171875,0,14.814062118530273,150.66519165039062,59.905296325683594,62.06623840332031,148.8887939453125,1.9776276350021362,0.2313213050365448,25.407150268554688,0.002869783667847514,1.425325870513916,0.01315317489206791,1.3633025884628296,0,8.069711685180664,6.423532485961914,0,1.73442542552948,0,13.975845336914062,0.2008848488330841,0.07174459099769592,1.1335644721984863,0.4161185920238495,0.11957431584596634,0.36350589990615845,13.975845336914062,0,135.83642578125,parantha
ASC098,Potato parantha/paratha (Aloo ka parantha/paratha),asc_manual,851.6143188476562,205.04238891601562,23.920074462890625,3.6979143619537354,10.220277786254883,1.15238356590271,4.17527961730957,1241.0318603515625,2032.3465576171875,6381.7890625,0,17.38222885131836,107.56103515625,46.11192321777344,127.203125,272.8771667480469,1.5238815546035767,0.18197830021381378,15.42093563079834,0.002847834723070264,0.9364932775497437,0.014281123876571655,0.9480348825454712,0,4.8470458984375,4.017659664154053,0,4.416149616241455,0,16.023473739624023,0.14345282316207886,0.050524115562438965,1.045284390449524,0.3925081193447113,0.11732800304889679,0.8728904724121094,16.023473739624023,8.542765617370605,295.455078125,parantha
ASC099,Radish parantha/paratha (Mooli ka parantha/paratha),asc_manual,762.000244140625,183.52423095703125,20.542415618896484,3.297506809234619,9.527800559997559,1.30684494972229,4.324216365814209,1161.3310546875,1896.2589111328125,5939.94921875,0,23.74950408935547,98.84757995605469,41.97703552246094,127.02696990966797,206.43862915039062,1.3903295993804932,0.1558542400598526,14.226564407348633,0.0031245627906173468,0.8700803518295288,0.015661967918276787,0.8835185766220093,0,4.511343479156494,3.7159063816070557,0,4.389747619628906,0,20.734495162963867,0.12456163018941879,0.05115565285086632,0.7983394861221313,0.3150308132171631,0.10617614537477493,1.2812420129776,20.734495162963867,8.436613082885742,223.84620666503906,parantha
ASC100,Cauliflower parantha/paratha (Phoolgobhi ka parantha/paratha),asc_manual,739.2868041992188,178.07040405273438,18.837081909179688,3.726067066192627,9.46512508392334,1.147685170173645,4.6809587478637695,1168.136474609375,1868.3765869140625,5892.40576171875,0,21.998064041137695,103.43424224853516,44.534141540527344,190.0313262939453,222.9447021484375,1.5932261943817139,0.16185182332992554,14.091592788696289,0.004589973483234644,0.9599542021751404,0.01374390535056591,0.9036130309104919,0,4.438656806945801,4.131536960601807,0,8.599985122680664,0,25.83957290649414,0.12951895594596863,0.06725122034549713,0.7941153049468994,0.46708858013153076,0.12717169523239136,1.2724169492721558,25.83957290649414,17.28424644470215,238.25062561035156,parantha
ASC101,Dal parantha/paratha,asc_manual,1114.6883544921875,268.2444763183594,30.032482147216797,6.775821685791016,13.053577423095703,1.4258382320404053,6.463358402252197,1556.720458984375,2583.3994140625,8046.56982421875,0,23.88886260986328,158.21273803710938,63.14871597290039,156.13204956054688,268.85205078125,2.449580669403076,0.29714590311050415,25.15689468383789,0.003814377123489976,1.310367226600647,0.03694206476211548,1.5325963497161865,0,5.9042510986328125,5.052833080291748,0,4.834279537200928,0,37.842647552490234,0.199398934841156,0.07758399099111557,1.1546512842178345,0.5542944073677063,0.132828027009964,0.6988043785095215,37.842647552490234,2.350137233734131,420.0704345703125,parantha
ASC102,Sprouted moong parantha/paratha,asc_manual,948.7098388671875,228.59439086914062,24.306026458740234,4.292011260986328,12.426431655883789,1.474080204963684,4.488044261932373,1508.60888671875,2482.221435546875,7749.81640625,0,20.326778411865234,120.66222381591797,49.58880615234375,153.9376983642578,150.07244873046875,1.943691611289978,0.19153505563735962,18.511234283447266,0.0027713070157915354,1.1043609380722046,0.016515277326107025,1.0958107709884644,0,5.8794779777526855,4.8246612548828125,0,4.6387038230896,0,16.329326629638672,0.16549915075302124,0.06454560905694962,0.9499487280845642,0.3769724667072296,0.11718197166919708,0.593193531036377,16.329326629638672,2.6109049320220947,293.3374328613281,parantha
ASC103,Pea parantha/paratha (Matar ka parantha/paratha),asc_manual,792.6071166992188,190.73114013671875,21.512731552124023,5.594754695892334,8.798940658569336,1.287093162536621,5.606614112854004,1065.8343505859375,1758.6763916015625,5488.28125,0,23.491920471191406,103.50032043457031,49.22833251953125,109.99115753173828,197.71499633789062,1.7801963090896606,0.21923252940177917,13.72850513458252,0.0027304748073220253,0.9492830038070679,0.017841212451457977,1.167015552520752,0,4.24208402633667,8.378776550292969,0,20.286134719848633,0,31.0482177734375,0.21264788508415222,0.05260481685400009,1.1368350982666016,0.5061293840408325,0.14953520894050598,1.9732625484466553,31.0482177734375,16.42850685119629,697.849853515625,parantha
ASC104,Keema parantha/paratha,asc_manual,989.265380859375,238.086181640625,18.35640525817871,9.405674934387207,13.909818649291992,0.9902732968330383,3.441148042678833,3212.755615234375,3659.35009765625,6122.01416015625,25.65896987915039,19.3508243560791,152.131591796875,43.619876861572266,140.62289428710938,213.769775390625,1.8035389184951782,0.17251591384410858,14.859707832336426,0.0021248625125736,0.8400893211364746,0.01266286801546812,1.976523995399475,1.6661667823791504,4.5679931640625,3.699244737625122,0,3.55666446685791,0,11.48727035522461,0.15788497030735016,0.10447299480438232,2.2978897094726562,0.5649558305740356,0.14949648082256317,1.1212899684906006,11.48727035522461,1.801936388015747,220.31393432617188,parantha
ASC105,Paneer parantha/paratha,asc_manual,1093.3538818359375,262.9658203125,24.326213836669922,7.984040260314941,14.621496200561523,3.7711048126220703,4.000173091888428,3429.6591796875,3237.828125,7067.93798828125,0,127.6484375,181.47113037109375,48.99168395996094,142.5160675048828,141.54600524902344,1.6977301836013794,0.19295267760753632,22.132972717285156,0.028314124792814255,1.010241150856018,0.014896702952682972,1.5907527208328247,0,5.306986331939697,4.368091106414795,0,4.095885276794434,0,34.11115646362305,0.1426151543855667,0.07566466927528381,0.8454807996749878,0.4211752712726593,0.10491356253623962,5.432740688323975,34.11115646362305,1.9886828660964966,303.06365966796875,parantha
ASC106,Besan and spinach parantha/paratha (Besan aur palak ka parantha/paratha),asc_manual,901.2130126953125,216.49209594726562,21.389270782470703,5.544742584228516,12.086648941040039,1.3119601011276245,4.393850326538086,1478.4661865234375,2414.97265625,7507.21240234375,0,33.074134826660156,101.72398376464844,53.30093002319336,177.18804931640625,251.93263244628906,1.8547016382217407,0.18109427392482758,11.705424308776855,0.007258639670908451,1.0613880157470703,0.012964388355612755,0.9010213017463684,0,6.015432357788086,2.8890585899353027,0,68.840576171875,0,61.4130973815918,0.1779552698135376,0.0757051408290863,0.8478049635887146,0.40666693449020386,0.15388081967830658,2.2863829135894775,61.4130973815918,8.082498550415039,2059.790283203125,parantha
ASC107,Poori,asc_manual,3035.5869140625,737.6346435546875,8.220335960388184,1.354683756828308,77.60576629638672,0.23058447241783142,1.4552441835403442,9623.955078125,15940.3046875,48777.58203125,1.5756605863571167,3.977902412414551,40.35308074951172,16.073657989501953,31.732906341552734,39.911128997802734,0.6023218631744385,0.06923939287662506,6.804803371429443,0.0007686149328947067,0.3817453980445862,0.003522818209603429,0.3651721477508545,5.905524730682373,37.901424407958984,1.7204164266586304,0,5.034427642822266,0,3.743154525756836,0.05380304157733917,0.01921537145972252,0.3036028742790222,0.11144915968179703,0.032025620341300964,0.09735788404941559,3.743154525756836,0,48.31385040283203,poori
ASC108,Spinach poori (Palak poori),asc_manual,2816.03564453125,684.25439453125,7.757184982299805,1.4218518733978271,71.85770416259766,0.23644445836544037,1.5484445095062256,8919.318359375,14753.2841796875,45156.08203125,1.4577778577804565,10.020296096801758,39.97037124633789,21.423704147338867,35.473628997802734,84.66592407226562,0.7885925769805908,0.0773925930261612,6.4505181312561035,0.0027851853519678116,0.43740740418434143,0.004444444552063942,0.37511110305786133,5.463703632354736,35.16139221191406,1.610962986946106,0,28.810148239135742,0,14.00236988067627,0.0618148148059845,0.025881480425596237,0.31392592191696167,0.12006666511297226,0.04229629784822464,0.39674073457717896,14.00236988067627,2.243703842163086,765.5066528320312,poori
ASC109,Methi poori,asc_manual,2922.037109375,710.0203247070312,7.981307506561279,1.4534616470336914,74.6041488647461,0.2609230875968933,1.61338472366333,9255.9462890625,15318.1982421875,46887.27734375,1.5138461589813232,14.614153861999512,41.04115295410156,18.00653839111328,35.37300109863281,48.53769302368164,0.8108461499214172,0.07421538233757019,6.587461471557617,0.0022384615149348974,0.4003846347332001,0.006000000052154064,0.37492308020591736,5.673846244812012,36.428367614746094,1.743692398071289,0,21.37976837158203,0,6.5124616622924805,0.05611538514494896,0.027646154165267944,0.32753846049308777,0.12660768628120422,0.04699999839067459,0.2789230942726135,6.5124616622924805,2.2411539554595947,550.6799926757812,poori
ASC110,Dal stuffed poori,asc_manual,3231.842041015625,785.162841796875,10.137200355529785,2.0753488540649414,81.68533325195312,0.2936740815639496,1.9644328355789185,10132.771484375,16769.6796875,51322.12109375,1.6567888259887695,6.884532451629639,53.37355041503906,22.741079330444336,128.17950439453125,81.93607330322266,0.828906238079071,0.09385186433792114,7.761061668395996,0.0013189486926421523,0.510367751121521,0.013469827361404896,0.47397106885910034,6.209590911865234,39.86334991455078,2.099261999130249,0,6.0763750076293945,0,6.4435529708862305,0.06330869346857071,0.02452973462641239,0.38512980937957764,0.19710129499435425,0.045153554528951645,0.14261533319950104,6.4435529708862305,0.3567768335342407,82.43785095214844,poori
ASC111,Potato stuffed poori (Aloo ki poori),asc_manual,3196.778564453125,776.7381591796875,9.400838851928711,1.5213927030563354,81.35301971435547,0.2637583911418915,1.6401007175445557,10088.4169921875,16705.939453125,51123.28125,1.6510066986083984,5.570134162902832,45.0479850769043,18.51946258544922,69.86409759521484,71.97818756103516,0.70192950963974,0.07934563606977463,7.167952537536621,0.0009060403099283576,0.41350671648979187,0.004026845563203096,0.4036073684692383,6.187919616699219,39.71684646606445,1.8122483491897583,0,5.470553874969482,0,4.72634220123291,0.05989932641386986,0.021703019738197327,0.38229864835739136,0.13665267825126648,0.04035234823822975,0.1699664443731308,4.72634220123291,1.166107416152954,76.3036880493164,poori
ASC112,Tandoori parantha/paratha,asc_manual,1225.73046875,295.37005615234375,30.7401180267334,5.079640865325928,16.512575149536133,0.8622754812240601,5.441916465759277,9543.8330078125,4226.46728515625,1092.694580078125,39.77245330810547,14.983234405517578,150.89820861816406,59.88024139404297,1.138922095298767,148.98204040527344,1.9640718698501587,0.22994011640548706,25.446704864501953,0.002874251687899232,1.4275449514389038,0.013173652812838554,1.365269422531128,149.0658721923828,1.055808424949646,6.433533191680908,0,0.71856290102005,0,13.997604370117188,0.20119760930538177,0.07185628265142441,1.1353293657302856,0.4167664647102356,0.11976048350334167,0.3640718460083008,13.997604370117188,0,437.2514953613281,parantha
ASC113,Boiled rice (Uble chawal),asc_manual,490.3333435058594,117.18966674804688,25.720001220703125,2.6033332347869873,0.18333333730697632,0.22333334386348724,1.246666669845581,50,28.886667251586914,72,0,2.7033331394195557,46.66666793823242,8.90666675567627,1.0533334016799927,47.33333206176758,0.24000000953674316,0.09000000357627869,0.39666667580604553,0.0016666665906086564,0.26333335041999817,0.018333332613110542,0.36000001430511475,0,0.030000001192092896,0,0,0.5,0,3.25,0.05666666850447655,0.019999999552965164,0.8366666436195374,0.18333333730697632,0.07333333045244217,0.10333333164453506,3.25,0,15.633334159851074,plate
ASC114,Plain pulao,asc_manual,583.7749633789062,140.20791625976562,21.81610870361328,2.338649034500122,4.622068881988525,1.145469307899475,1.685498595237732,585.2744140625,946.977294921875,2865.53759765625,0,12.756739616394043,42.928062438964844,12.304643630981445,193.76136779785156,74.7385482788086,0.4072263538837433,0.09443975239992142,0.4013478457927704,0.0022150049917399883,0.4680415987968445,0.027281584218144417,0.3651023209095001,0,2.195030927658081,0.28210458159446716,0,2.005911111831665,0,7.349074363708496,0.052530042827129364,0.01866839826107025,0.7215654253959656,0.19417019188404083,0.07492692768573761,0.5179765820503235,7.349074363708496,1.112374186515808,35.37187576293945,plate
ASC115,Mixed vegetable pulao,asc_manual,470.9952087402344,113.0494384765625,17.489917755126953,2.722787380218506,3.327634572982788,1.3519388437271118,2.6673471927642822,427.7965393066406,671.5734252929688,2058.533203125,0,19.608348846435547,44.58382797241211,17.60492706298828,187.91976928710938,133.81956481933594,0.6020415425300598,0.10542427003383636,0.49287182092666626,0.0025136861950159073,0.42588961124420166,0.028056569397449493,0.4346829354763031,0,1.595688819885254,1.9522353410720825,0,9.581022262573242,0,18.391149520874023,0.07567062228918076,0.02337591163814068,0.7305428385734558,0.2666172385215759,0.11694799363613129,1.4014256000518799,18.391149520874023,5.964644432067871,1340.12548828125,plate
ASC116,Mushroom pulao,asc_manual,517.562255859375,124.28645324707031,19.018360137939453,2.5225167274475098,4.029394626617432,0.9980189800262451,1.8818777799606323,511.58062744140625,814.4957885742188,2498.462646484375,0,13.537388801574707,49.03334426879883,13.229909896850586,222.36363220214844,108.69559478759766,0.3907226622104645,0.09380022436380386,0.3447963297367096,0.003297991119325161,0.4230189919471741,0.02399553544819355,0.3375139534473419,0,1.8871372938156128,3.1078684329986572,0,3.4671316146850586,0,7.46869421005249,0.04652344062924385,0.020223213359713554,0.7147600054740906,0.22679966688156128,0.08111049234867096,1.7326589822769165,7.46869421005249,0.9556361436843872,30.387834548950195,plate
ASC117,Sprouted moong pulao,asc_manual,470.4444885253906,112.97147369384766,17.491247177124023,2.1882078647613525,3.607832670211792,1.4321892261505127,1.7846653461456299,464.7989807128906,729.6513671875,2220.149658203125,0,16.25962257385254,42.21757888793945,13.054915428161621,153.16407775878906,95.51850891113281,0.6506128907203674,0.08231920003890991,0.32992154359817505,0.0021622946951538324,0.3937484920024872,0.02108359895646572,0.3430129885673523,0,1.6826428174972534,0.37965187430381775,0,3.7634716033935547,0,10.578033447265625,0.055587153881788254,0.023898014798760414,0.6084089279174805,0.21276047825813293,0.07862221449613571,0.5748590230941772,10.578033447265625,1.847266435623169,1181.7626953125,plate
ASC118,Paneer pulao,asc_manual,2396.197998046875,581.9120483398438,8.757226943969727,1.9848072528839111,59.809207916259766,1.1113379001617432,0.6193639039993286,7617.56298828125,12348.220703125,37341.26953125,0,33.09201431274414,35.46670150756836,6.110036849975586,72.27726745605469,31.25492286682129,0.2606337368488312,0.04639933258295059,1.5283148288726807,0.00737796863541007,0.17974698543548584,0.01002506259828806,0.2976667881011963,0,29.003997802734375,0.11142141371965408,0,4.346127033233643,0,8.268623352050781,0.02049648016691208,0.012827306054532528,0.27290844917297363,0.1005907654762268,0.02992003783583641,1.4458587169647217,8.268623352050781,0.4087600111961365,24.57453155517578,plate
ASC119,Peanut pulao ,asc_manual,806.2149047851562,193.2752685546875,21.180999755859375,5.3159260749816895,9.512810707092285,1.6029337644577026,2.900153636932373,1641.25732421875,3376.429931640625,4083.5400390625,0,18.51858139038086,91.55504608154297,38.10729217529297,168.39794921875,159.15618896484375,0.8309164643287659,0.2097736895084381,0.8216680884361267,0.0028834871482104063,0.6289746165275574,0.053646270185709,0.7583543062210083,0,2.486309051513672,1.2345906496047974,0,2.074937105178833,0,19.01726722717285,0.12482257932424545,0.0328248105943203,2.2063984870910645,0.3081447184085846,0.09659122675657272,0.670536458492279,19.01726722717285,0.9569712281227112,41.997764587402344,plate
ASC120,Navratan pulao,asc_manual,1090.189453125,261.707763671875,36.979042053222656,6.198443412780762,9.453126907348633,2.5189785957336426,3.8167121410369873,1703.7547607421875,2268.6591796875,4982.26806640625,0,59.606773376464844,107.10308837890625,32.27334976196289,334.2568664550781,185.62875366210938,1.0962861776351929,0.21664118766784668,2.645002603530884,0.012210540473461151,0.978782057762146,0.037684325128793716,0.982495903968811,0,3.7636265754699707,2.506239652633667,0,11.432727813720703,0,25.649999618530273,0.13128618896007538,0.044399235397577286,1.3295739889144897,0.4567859172821045,0.15188421308994293,2.7447433471679688,25.649999618530273,7.038503646850586,1517.8582763671875,plate
ASC121,Green chickpeas pulao (Choliya pulao/Hare chane ka pulao),asc_manual,722.951416015625,173.42837524414062,27.569656372070312,4.875859260559082,4.820158958435059,2.480273723602295,3.154414653778076,587.7507934570312,1007.4722290039062,2846.602294921875,0,18.937692642211914,72.1362075805664,21.62224006652832,170.04505920410156,164.60464477539062,0.9524587988853455,0.17289187014102936,0.3452780246734619,0.0019055602606385946,0.9824252724647522,0.02347024343907833,0.6996786594390869,0,2.0029337406158447,0.24269349873065948,0,2.9830119609832764,0,84.13741302490234,0.11183012276887894,0.04567756503820419,0.8359038233757019,0.3891729712486267,0.13920089602470398,0.445613294839859,84.13741302490234,1.5157865285873413,36.01844024658203,plate
ASC122,Mutton biryani/biriyani,asc_manual,795.739013671875,190.76315307617188,22.495088577270508,7.376446723937988,7.724486827850342,2.389554023742676,2.415123462677002,714.7535400390625,935.605712890625,2609.102294921875,0.3969877064228058,68.58154296875,94.86802673339844,19.121366500854492,262.6424255371094,212.05136108398438,1.2944698333740234,0.12053244560956955,0.5890852808952332,0.0036736761685460806,0.6672208309173584,0.0639992281794548,0.4612171947956085,1.0105141401290894,1.9874770641326904,2.0328266620635986,0,6.937376022338867,0,14.46966552734375,0.10819527506828308,0.0729704275727272,2.4529104232788086,0.2748747766017914,0.10737314075231552,1.0626364946365356,14.46966552734375,4.946408748626709,811.0419311523438,plate
ASC123,Vegetable biryani/biriyani,asc_manual,724.7648315429688,174.60516357421875,18.557273864746094,3.1605417728424072,9.507964134216309,2.1417360305786133,3.3085036277770996,1274.584228515625,1942.7027587890625,5841.21142578125,0.2735728621482849,33.51523971557617,59.3752555847168,24.371883392333984,183.7902069091797,242.50477600097656,0.864250659942627,0.12427154928445816,0.6540903449058533,0.004081856459379196,0.5641354322433472,0.03415515646338463,0.5032176971435547,0.6963672637939453,4.518229961395264,2.834287405014038,0,12.904666900634766,0,25.711143493652344,0.08212856203317642,0.042741529643535614,0.8623648285865784,0.37568384408950806,0.15405882894992828,1.9971458911895752,25.711143493652344,13.049220085144043,1582.909423828125,plate
ASC124,"Lemon rice (Pulihora, Elumichai sadam, Chitranna)",asc_manual,734.9304809570312,176.30288696289062,21.622270584106445,4.256220817565918,7.8798065185546875,0.777531623840332,2.522399425506592,1232.1094970703125,2472.6708984375,3775.384033203125,0,12.701051712036133,77.41979217529297,29.944416046142578,187.10906982421875,152.572998046875,0.7704969048500061,0.16370849311351776,1.510223150253296,0.0045862263068556786,0.3943539261817932,0.0783306211233139,0.5937010049819946,0,2.4738588333129883,1.2929333448410034,0,6.627365589141846,0,11.910735130310059,0.10321970283985138,0.04478255286812782,1.698663353919983,0.24336132407188416,0.08833249658346176,0.2332911342382431,11.910735130310059,3.1958892345428467,2148.0556640625,plate
ASC125,Sweet rice (Meethe chawal),asc_manual,906.1187744140625,215.41348266601562,42.59217071533203,2.095991611480713,4.565640926361084,24.8045654296875,1.130673885345459,2409.37548828125,1377.4599609375,361.3459777832031,9.549551963806152,11.375873565673828,39.74028396606445,11.128130912780762,3.1987802982330322,56.07658767700195,0.3395601809024811,0.10564763844013214,0.38416144251823425,0.001850560074672103,0.459013432264328,0.04226992279291153,0.31925955414772034,35.791412353515625,0.4996974766254425,0.21667620539665222,0,0.9153981804847717,0,3.061039924621582,0.044255029410123825,0.0192561075091362,0.6174232363700867,0.14291878044605255,0.05448952689766884,0.1646943986415863,3.061039924621582,0.060005318373441696,90.74079895019531,plate
ASC126,Curd rice (Dahi bhaat/Dahi chawal/ Perugu annam/Daddojanam/Thayir saadam),asc_manual,818.4671630859375,195.73703002929688,32.93044662475586,5.753233909606934,4.316627025604248,3.914783477783203,2.1338064670562744,1595.73974609375,1009.273681640625,1392.2052001953125,3.1169042587280273,101.5156021118164,133.74855041503906,24.276823043823242,213.29034423828125,211.7777557373047,0.5906245112419128,0.1303853690624237,1.8342033624649048,0.005528404843062162,0.35382774472236633,0.05829015374183655,0.7385936379432678,7.9339375495910645,1.059643268585205,1.5810630321502686,0,7.90893030166626,0,13.062823295593262,0.09999074786901474,0.14542560279369354,1.1426669359207153,0.4579279124736786,0.1377035528421402,1.4507031440734863,13.062823295593262,2.3588919639587402,1872.219482421875,plate
ASC127,Tamarind rice (Chintapandu pulihora/Puliyodharai/Puli sadam/Huli anna),asc_manual,1556.8211669921875,373.0386047363281,65.08139038085938,7.453181743621826,8.532773971557617,11.649308204650879,5.117789268493652,2643.60205078125,2460.178466796875,2781.056396484375,7.697723865509033,50.9384651184082,147.53497314453125,58.318702697753906,162.4134063720703,369.080810546875,2.8900368213653564,0.36741843819618225,3.6719579696655273,0.018783697858452797,0.811671793460846,0.4466870129108429,1.1332457065582275,28.850818634033203,1.9659578800201416,7.052462577819824,0,13.30790901184082,0,18.007959365844727,0.2095501869916916,0.08031291514635086,2.286045551300049,0.5184080600738525,0.2081952542066574,0.4871203899383545,18.007959365844727,0.6608777046203613,3140.331787109375,plate
ASC128,Spanish rice,asc_manual,686.2390747070312,164.24085998535156,31.09807014465332,4.189563274383545,2.2327356338500977,1.2596322298049927,2.7778851985931396,315.5819396972656,435.8042907714844,1330.74853515625,0,18.934528350830078,69.94611358642578,21.128459930419922,96.60800170898438,190.3333282470703,0.9194482564926147,0.15898850560188293,0.9363678097724915,0.005448276177048683,0.4412873685359955,0.04873563349246979,0.6082758903503418,0,1.021195411682129,4.181654930114746,0,14.787540435791016,0,25.046897888183594,0.10951724648475647,0.03917241469025612,1.307172417640686,0.36455172300338745,0.15098850429058075,1.2320460081100464,25.046897888183594,22.370574951171875,1934.3402099609375,plate
ASC129,Chinese fried rice,asc_manual,502.2953186035156,120.58412170410156,13.401684761047363,4.05177116394043,5.434627056121826,1.4722087383270264,2.312879800796509,952.9724731445312,1319.8516845703125,2741.7109375,52.0877799987793,34.697261810302734,70.04961395263672,18.990032196044922,248.36143493652344,210.87020874023438,0.9868101477622986,0.08935900777578354,6.133833885192871,0.0036764582619071007,0.25526541471481323,0.02248598262667656,0.5134748220443726,28.178634643554688,2.1819632053375244,0.5660099983215332,0.11954572051763535,23.240028381347656,2.0792417526245117,38.94727325439453,0.061792902648448944,0.06289329379796982,0.6981006264686584,0.430372029542923,0.18296872079372406,4.23347806930542,38.94727325439453,19.180692672729492,1886.7603759765625,plate
ASC133,Macroni cheese pie,asc_manual,717.1565551757812,170.62753295898438,21.09503173828125,5.85098123550415,7.483591079711914,3.4027557373046875,0.39908143877983093,4429.5595703125,1955.4759521484375,419.11480712890625,15.98747444152832,122.01043701171875,162.88099670410156,19.782880783081055,200.5116424560547,156.11273193359375,0.5401043891906738,0.08810020983219147,5.536805629730225,0.002438413444906473,0.2070981115102768,0.01252609584480524,0.7128183841705322,60.1837158203125,0.3222755789756775,2.5233402252197266,0,5.850522041320801,0,11.772212982177734,0.06317327916622162,0.08498956263065338,0.8410229682922363,0.4114822745323181,0.07050104439258575,1.8615657091140747,11.772212982177734,6.114822864532471,1334.6492919921875,casserole dish
ASC134,Vegetable chowmein,asc_manual,543.3236694335938,129.71388244628906,15.444334983825684,3.066948175430298,6.358810901641846,1.9676917791366577,1.8633472919464111,795.8560791015625,1254.129638671875,3937.861572265625,0,28.327245712280273,56.262203216552734,21.670650482177734,258.4696044921875,201.59317016601562,0.9940450191497803,0.09452233463525772,3.9000017642974854,0.004374124109745026,0.2702864110469818,0.00801121536642313,0.3910861909389496,0,2.9958412647247314,0.5928927063941956,0,20.63996124267578,0,33.16583251953125,0.06448928266763687,0.03617998585104942,0.9256749153137207,0.3010551333427429,0.1461876630783081,1.9392913579940796,33.16583251953125,28.501955032348633,2228.364990234375,plate
ASC135,Chicken chowmein,asc_manual,632.980224609375,151.3335723876953,13.301461219787598,6.331267833709717,8.234783172607422,1.6309642791748047,1.6449854373931885,968.7545166015625,1496.6219482421875,4214.8740234375,10.72611141204834,26.100994110107422,77.92623901367188,21.812976837158203,288.1506652832031,225.32472229003906,0.8919183611869812,0.13021348416805267,6.636639595031738,0.0038549231830984354,0.23827765882015228,0.013360441662371159,0.4598126709461212,1.2128957509994507,3.2299840450286865,0.5342593789100647,0.2404879480600357,18.154788970947266,4.844612121582031,29.70388412475586,0.06834737211465836,0.03908800333738327,2.1931440830230713,0.44861602783203125,0.21566656231880188,2.406118154525757,29.70388412475586,24.675554275512695,1937.7518310546875,plate
ASC136,Cheese noodle ring,asc_manual,561.07421875,133.66921997070312,13.955496788024902,6.224301815032959,6.117282867431641,2.843169689178467,1.2688804864883423,3321.539794921875,1715.810791015625,431.1577453613281,55.670440673828125,99.3016357421875,140.95396423339844,20.448049545288086,241.9593505859375,176.93206787109375,0.7850440144538879,0.09076729416847229,8.658024787902832,0.0024754717014729977,0.19408804178237915,0.01735849119722843,0.7298616170883179,61.167293548583984,0.4336729645729065,2.141735792160034,0.10566037148237228,8.176352500915527,1.8377357721328735,23.841873168945312,0.07366037368774414,0.0934716984629631,0.6742767095565796,0.552327036857605,0.11845283210277557,4.426024913787842,23.841873168945312,6.086792469024658,1462.2352294921875,plate
ASC137,Spaghetti and cheese balls in tomato sauce,asc_manual,2095.4609375,508.322021484375,7.815141677856445,2.4087061882019043,52.08030700683594,1.8348984718322754,0.5925891995429993,7373.75,10795.81640625,31606.3828125,3.8328304290771484,40.594295501708984,39.58677291870117,8.726736068725586,104.13626098632812,68.2813949584961,0.31662067770957947,0.046704914420843124,2.673762083053589,0.006596227176487446,0.10034164786338806,0.004763852804899216,0.3166362941265106,17.420166015625,24.567195892333984,2.5280206203460693,0,9.188591003417969,0,12.008790016174316,0.02840416133403778,0.022377990186214447,0.35798561573028564,0.1292988359928131,0.03716881945729256,1.5683109760284424,12.008790016174316,5.972116947174072,1266.578369140625,plate
ASC138,Penne platter,asc_manual,744.455078125,177.40061950683594,20.872121810913086,5.040764808654785,8.709636688232422,4.501567840576172,1.091510534286499,2136.860107421875,4920.3857421875,1072.4588623046875,2.294455051422119,67.67189025878906,87.00611877441406,21.92619514465332,283.3703308105469,202.22084045410156,0.9004015326499939,0.11464627087116241,6.88743782043457,0.011449330486357212,0.29852771759033203,0.011472275480628014,0.6652772426605225,5.965583324432373,1.0606310367584229,1.5303633213043213,0,6.791013240814209,0,23.019866943359375,0.07544933259487152,0.029827915132045746,1.1643403768539429,0.36741873621940613,0.1023135781288147,3.5022754669189453,23.019866943359375,6.2512431144714355,1013.170166015625,plate
ASC139,Pasta hot pot,asc_manual,524.2405395507812,125.17289733886719,11.601784706115723,5.837541580200195,6.466379642486572,5.993335247039795,0.8040021061897278,2683.040283203125,1884.6131591796875,1351.1185302734375,27.18722152709961,55.276885986328125,100.04383850097656,17.08871078491211,231.1653289794922,215.222412109375,0.819957435131073,0.07259026914834976,3.2637624740600586,0.0018619952024891973,0.17493878304958344,0.005652979016304016,0.8876301050186157,24.04199981689453,1.0009874105453491,1.6282098293304443,0.02525799162685871,4.954680919647217,0.43930864334106445,13.386717796325684,0.19654963910579681,0.0876767486333847,1.4383480548858643,0.3759951591491699,0.09848824888467789,1.7949436902999878,13.386717796325684,7.065393447875977,1010.4749755859375,plate
ASC140,Chicken lasagne,asc_manual,785.1788330078125,187.4915313720703,13.902274131774902,10.452420234680176,10.36139965057373,2.742215633392334,0.10575316101312637,5062.30126953125,2431.580078125,487.5821228027344,50.381439208984375,119.98299407958984,190.0233154296875,18.113216400146484,238.55215454101562,176.851318359375,0.6449174284934998,0.12025267630815506,9.923479080200195,0.001687074895016849,0.12282799184322357,0.00855199247598648,0.80415940284729,81.44800567626953,0.40144801139831543,0.04991253465414047,0.3760932981967926,0.7640427947044373,7.464042663574219,11.86081600189209,0.06653061509132385,0.10482021421194077,2.3992226123809814,0.649436354637146,0.17792031168937683,3.437784194946289,11.86081600189209,0.8221574425697327,126.09232330322266,plate
ASC141,Fettuccine with spinach sauce,asc_manual,540.0045776367188,129.20672607421875,12.18928050994873,3.103574752807617,7.828339576721191,1.1831419467926025,0.7732551693916321,2898.782470703125,3757.31298828125,628.9385375976562,10.289190292358398,53.667972564697266,64.03874969482422,34.19379425048828,153.5908966064453,247.35276794433594,1.280839204788208,0.10149607062339783,3.8615806102752686,0.00808123778551817,0.46349674463272095,0.014642525464296341,0.43012502789497375,45.572044372558594,0.6866719126701355,0.14901894330978394,0,94.43011474609375,0,48.12757873535156,0.07711542397737503,0.05489511042833328,0.6112601161003113,0.21893757581710815,0.07871793955564499,1.640779972076416,48.12757873535156,10.803224563598633,2774.567626953125,plate
ASC142,Naan,asc_manual,1197.7962646484375,286.44964599609375,51.75419998168945,8.05210018157959,4.987837314605713,5.586300849914551,1.9091849327087402,2749.4765625,1219.122314453125,438.4325866699219,10.150470733642578,88.00627136230469,245.7724151611328,27.527273178100586,326.10894775390625,166.23825073242188,1.2925077676773071,0.12545454502105713,0.46924763917922974,0.004125391598790884,0.45219436287879944,0.08213166147470474,0.797084629535675,39.97492218017578,0.19529780745506287,4.363698959350586,0,1.5685893297195435,0,14.224827766418457,0.11285267025232315,0.0973040759563446,0.5678369998931885,0.5753605365753174,0.0733855813741684,1.0384012460708618,14.224827766418457,0.433855801820755,238.35250854492188,naan
ASC143,Bhatura,asc_manual,3265.000244140625,793.2029418945312,10.733963012695312,1.6303993463516235,82.5638427734375,0.6942034959793091,0.37921854853630066,9971.8056640625,16934.05078125,52234.33203125,0.37784457206726074,12.11592960357666,39.05281066894531,4.8921427726745605,28.300901412963867,30.066553115844727,0.3294117748737335,0.03180764243006706,0.06869901716709137,0.0006869901553727686,0.08656075596809387,0.0022327178157866,0.1511378288269043,0.961786150932312,40.5849723815918,0.9246886968612671,0,5.331043243408203,0,2.851008892059326,0.022670673206448555,0.01751824840903282,0.11266638338565826,0.11610132455825806,0.014426792971789837,0.1689995676279068,2.851008892059326,0.034349508583545685,37.81880569458008,bhatura
ASC144,Idli,asc_manual,575.4613647460938,137.53526306152344,28.17755699157715,4.637406349182129,0.33316707611083984,0.28428927063941956,2.3092269897460938,72.41895294189453,44.48678207397461,138.6533660888672,0,8.004987716674805,79.30423736572266,25.442392349243164,100.83391571044922,158.12718200683594,0.6820449233055115,0.14483791589736938,2.749127149581909,0.0025935161393135786,0.38204488158226013,0.05436408892273903,0.6226933002471924,0,0.043890275061130524,0.8399002552032471,0,1.2768079042434692,0,11.770573616027832,0.0718204453587532,0.026932667940855026,0.9266833066940308,0.4588528573513031,0.08778055012226105,0.1735660880804062,11.770573616027832,0,41.86533737182617,idli
ASC146,Masala dosa,asc_manual,683.7960205078125,164.5846710205078,19.566587448120117,3.2877273559570312,7.840357303619385,1.32723867893219,2.522749423980713,964.8112182617188,1609.5943603515625,4867.07666015625,0,15.582390785217285,62.57358169555664,26.623254776000977,191.2777099609375,271.77008056640625,0.7867333889007568,0.1310354620218277,2.3352463245391846,0.003798010991886258,0.31298381090164185,0.09777501970529556,0.4952848553657532,0,3.70809006690979,1.4778903722763062,0,5.9575276374816895,0,17.05425262451172,0.06417809426784515,0.02637278474867344,0.8407225608825684,0.393957257270813,0.09335988759994507,0.9014227390289307,17.05425262451172,6.746070861816406,1008.0889892578125,dosa
ASC147,Semolina dosa (Suji/Rava dosa),asc_manual,947.5578002929688,227.05209350585938,32.84082794189453,7.300220012664795,7.116666316986084,4.374471187591553,4.044466972351074,1502.6334228515625,1512.925537109375,3665.50634765625,4.588640213012695,116.0367660522461,196.55853271484375,28.13524627685547,202.3602294921875,254.06272888183594,1.3870360851287842,0.18767963349819183,4.93678092956543,0.0036089355126023293,0.7769182324409485,0.051760539412498474,1.1554968357086182,11.680173873901367,2.8119871616363525,5.029277324676514,0,5.408257007598877,0,21.60679054260254,0.14079003036022186,0.1359824240207672,0.5834890604019165,0.5470108389854431,0.10663624852895737,1.496188759803772,21.60679054260254,3.1069815158843994,457.80841064453125,dosa
ASC148,Onion tomato uttapam,asc_manual,1903.542236328125,462.0191955566406,11.315990447998047,1.9062505960464478,45.30297088623047,0.796848714351654,1.26231849193573,5458.2177734375,9283.9345703125,28671.17578125,0,5.8179707527160645,33.48426818847656,12.347790718078613,143.5269317626953,90.2049560546875,0.3641449809074402,0.07217162847518921,1.0284315347671509,0.0015132746193557978,0.17000232636928558,0.03890074044466019,0.27033165097236633,0,22.27676773071289,1.4480152130126953,0,5.986087799072266,0,8.37468433380127,0.03377319127321243,0.013151497580111027,0.4156440198421478,0.20950396358966827,0.05004642903804779,0.3991680145263672,8.37468433380127,3.4262285232543945,554.361572265625,uttapam
ASC149,Paneer kaathi roll,asc_manual,1186.2999267578125,285.942138671875,20.103469848632812,6.916443347930908,19.554462432861328,3.294161558151245,2.404341220855713,3708.314453125,4319.95849609375,10424.251953125,30.842350006103516,101.66181945800781,131.59848022460938,29.553146362304688,221.0313262939453,130.5001220703125,1.4170087575912476,0.129531130194664,14.558650970458984,0.021715542301535606,0.568536102771759,0.020224491134285927,1.0893278121948242,16.685205459594727,8.142653465270996,2.516883134841919,0.07078571617603302,4.608000755310059,1.231165885925293,36.43442153930664,0.08946910500526428,0.07190211117267609,0.556464433670044,0.4387447237968445,0.09270435571670532,6.0167765617370605,36.43442153930664,12.585185050964355,384.66473388671875,kaathi roll
ASC150,Makki ki roti,asc_manual,1094.5211181640625,263.9683532714844,24.191999435424805,3.4924707412719727,16.849411010742188,0.6976470351219177,5.191764831542969,9436.6923828125,4332.0166015625,1297.369384765625,39.070587158203125,14.76235294342041,102.01764678955078,53.51411819458008,236.22000122070312,152.7941131591797,1.113411784172058,0.16282354295253754,3.0788235664367676,0.0038823529612272978,0.26235294342041016,0.025882352143526077,0.8276470303535461,146.435302734375,1.0430588722229004,11.864706039428711,0,1.1764706373214722,0,12.609411239624023,0.11882352828979492,0.034117646515369415,0.9847058653831482,0.13764706254005432,0.12823529541492462,0.4647058844566345,12.609411239624023,2.342353105545044,612.311767578125,roti
ASC151,Washed moong dal (Dhuli moong ki dal),asc_manual,208.28158569335938,50.00269317626953,5.906931400299072,2.677743673324585,1.680992841720581,0.12059566378593445,1.1709928512573242,208.54331970214844,321.63897705078125,997.6588134765625,0,8.479783058166504,47.49097442626953,19.193140029907227,150.6404571533203,151.47653198242188,0.6385559439659119,0.1130685955286026,5.449133396148682,0.0007166065042838454,0.14223827421665192,0.08086642622947693,0.29716604948043823,0,0.7436281442642212,0.2775631844997406,0,1.4673285484313965,0,10.101533889770508,0.04003610089421272,0.015541515313088894,0.23270757496356964,0.18418772518634796,0.025306859984993935,0.07393501698970795,10.101533889770508,0.016245486214756966,101.53429412841797,bowl
ASC152,Washed urad dal (Dhuli urad ki dal),asc_manual,254.82431030273438,61.32363510131836,5.8411149978637695,2.5109291076660156,2.9800169467926025,0.3224831223487854,1.5285979509353638,366.2148742675781,595.716064453125,1820.1571044921875,0,10.235811233520508,42.12905502319336,21.315540313720703,142.21200561523438,143.15541076660156,0.7205405235290527,0.07841216027736664,2.4608445167541504,0.001903716241940856,0.25489863753318787,0.03986486420035362,0.34819257259368896,0,1.362043857574463,0.9991047382354736,0,2.0418918132781982,0,10.27103042602539,0.025304054841399193,0.01251689251512289,0.22824324667453766,0.3152702748775482,0.0334797278046608,0.19165541231632233,10.27103042602539,0.3329392075538635,69.125,bowl
ASC153,Split bengal gram with bottle gourd (Channa dal with ghiya/lauki),asc_manual,304.6279296875,73.25393676757812,7.101042747497559,2.789580821990967,3.602670431137085,1.0464659929275513,2.720830202102661,425.7858581542969,710.8843383789062,2148.679443359375,0,14.334320068359375,46.18595504760742,21.157760620117188,149.46788024902344,183.94552612304688,0.9873435497283936,0.12320948392152786,5.85772705078125,0.0030131263192743063,0.3409152626991272,0.044112902134656906,0.49936917424201965,0,1.4821363687515259,1.8380062580108643,0,4.864772319793701,0,32.4273567199707,0.05501452460885048,0.024580569937825203,0.35648494958877563,0.33256858587265015,0.05314134061336517,0.9727357029914856,32.4273567199707,5.451181888580322,803.0054931640625,bowl
ASC154,Dry washed urad,asc_manual,520,124.71212768554688,15.66222095489502,6.8496856689453125,3.4971020221710205,0.7276187539100647,4.05785608291626,444.2430419921875,671.8580322265625,2050.46435546875,0,27.084497451782227,114.17304992675781,57.15614318847656,295.7929992675781,384.3296203613281,1.8867318630218506,0.2098463773727417,6.768226146697998,0.005164106376469135,0.6422486305236816,0.09217876940965652,0.9387221336364746,0,1.4588338136672974,2.702758550643921,0,8.451117515563965,0,28.14067840576172,0.06822625547647476,0.03285614401102066,0.6048882603645325,0.8664804100990295,0.08722066879272461,0.5109636783599854,28.14067840576172,1.0215781927108765,355.21649169921875,bowl
ASC155,Mixed dal,asc_manual,257.3645935058594,61.92817687988281,5.792935848236084,2.5055992603302,3.103567600250244,0.3387412130832672,1.6162534952163696,371.54193115234375,624.5521240234375,1869.152587890625,0,10.996240615844727,42.40740966796875,19.71963119506836,141.36485290527344,144.27125549316406,0.7816438674926758,0.09754860401153564,4.236359596252441,0.0017586878966540098,0.26886311173439026,0.10979417711496353,0.35969749093055725,0,1.3602913618087769,0.59371018409729,0,2.1602306365966797,0,13.546689987182617,0.03560151904821396,0.015858711674809456,0.23991404473781586,0.22680453956127167,0.032807305455207825,0.1918984055519104,13.546689987182617,0.3685723543167114,107.3265609741211,bowl
ASC156,Whole moong (Moong ki dal),asc_manual,223.1586456298828,53.698612213134766,5.218648910522461,2.249401330947876,2.5644569396972656,0.5858303308486938,2.0171144008636475,323.92657470703125,505.64630126953125,1579.2020263671875,0,13.581005096435547,37.072776794433594,22.526649475097656,123.86322021484375,149.1552276611328,0.6832062602043152,0.10664534568786621,2.0767533779144287,0.002178570255637169,0.21454590559005737,0.07186048477888107,0.2933827042579651,0,1.2181683778762817,1.729835867881775,0,4.985048294067383,0,16.173255920410156,0.048325300216674805,0.02916250377893448,0.29735517501831055,0.21832500398159027,0.05207255855202675,0.3937811553478241,16.173255920410156,3.223707675933838,754.6572875976562,bowl
ASC157,Whole masoor (Masoor ki dal),asc_manual,224.6484375,54.05467224121094,5.37463903427124,2.2791972160339355,2.518010377883911,0.6699597239494324,1.9838132858276367,306.58978271484375,511.33905029296875,1549.6690673828125,0,12.199005126953125,29.0103816986084,12.74485969543457,123.72212219238281,112.96208190917969,0.9478631615638733,0.0961291715502739,4.9651947021484375,0.002178570255637169,0.2592396140098572,0.10837496072053909,0.3494689166545868,0,1.2058995962142944,3.0031685829162598,0,4.338303565979004,0,14.070021629333496,0.045696258544921875,0.024780767038464546,0.3324090838432312,0.18852919340133667,0.06258872896432877,0.41831886768341064,14.070021629333496,3.223707675933838,759.0390014648438,bowl
ASC158,Whole moth (Moth ki dal),asc_manual,228.5919952392578,54.99718475341797,5.740952014923096,2.005776882171631,2.6187903881073,0.6576908230781555,1.84885573387146,337.9481201171875,509.5924987792969,1599.971435546875,0,18.976675033569336,37.861488342285156,23.140092849731445,125.07783508300781,164.8418426513672,0.9469867944717407,0.07509683817625046,1.6823971271514893,0.0013898577308282256,0.21629860997200012,0.038267169147729874,0.22765664756298065,0,1.258480429649353,2.3099777698516846,0,5.871911525726318,0,34.050743103027344,0.048325300216674805,0.013388250954449177,0.27194109559059143,0.1648678183555603,0.035421960055828094,0.4612599015235901,34.050743103027344,3.223707675933838,731.2587890625,bowl
ASC159,Whole urad (Urad ki dal),asc_manual,223.54905700683594,53.795135498046875,5.047299385070801,2.213059902191162,2.62381911277771,0.5669622421264648,2.3189191818237305,324.9545593261719,521.6744995117188,1601.5714111328125,0,13.069829940795898,36.55666732788086,21.913677215576172,126.11945343017578,141.57106018066406,0.7827837467193604,0.08601626753807068,2.5071022510528564,0.0027901746798306704,0.2846064269542694,0.050393421202898026,0.32859960198402405,0,1.2181521654129028,2.8508670330047607,0,4.654087543487549,0,15.207499504089355,0.036905668675899506,0.015097986906766891,0.26806825399398804,0.3919464945793152,0.06773936748504639,0.3814372420310974,15.207499504089355,3.0287976264953613,672.1593017578125,bowl
ASC160,Moti mahal dal (Urad rajmah mix dal),asc_manual,428.4725341796875,103.12796020507812,8.737751007080078,3.929511785507202,5.656059265136719,1.7049695253372192,3.3802528381347656,1001.320068359375,1157.90478515625,3158.368896484375,1.9180470705032349,38.125850677490234,74.55553436279297,33.50662612915039,157.61412048339844,246.0863037109375,1.0526591539382935,0.13134263455867767,3.9166955947875977,0.004023539833724499,0.35326939821243286,0.056843940168619156,0.5536617040634155,7.515257358551025,2.410444736480713,4.900305271148682,0,6.839232921600342,0,32.481693267822266,0.06277245283126831,0.0532606802880764,0.4491717517375946,0.5985440015792847,0.10518744587898254,0.883609414100647,32.481693267822266,5.389232635498047,1117.9271240234375,bowl
ASC161,Black channa curry/Bengal gram curry (Kale chane ki curry),asc_manual,585.3535766601562,140.67662048339844,14.114450454711914,5.666234970092773,6.610110759735107,2.355384349822998,7.989398956298828,773.589111328125,1286.595458984375,3881.212890625,0,53.87455749511719,87.47499084472656,55.35654830932617,358.6307678222656,388.5877380371094,2.4329802989959717,0.27476316690444946,10.425429344177246,0.007183622103184462,0.9524641633033752,0.11257504671812057,1.0375983715057373,0,3.0240111351013184,5.833162307739258,0,17.607934951782227,0,72.8675308227539,0.12497331947088242,0.08008922636508942,0.901154100894928,0.7698323726654053,0.17004252970218658,1.3587132692337036,72.8675308227539,12.618125915527344,3014.28466796875,bowl
ASC162,Chickpeas curry (Safed channa curry),asc_manual,680.166748046875,163.43203735351562,19.97835922241211,6.099023818969727,6.842765808105469,4.784503936767578,4.732227325439453,811.1141357421875,1409.1771240234375,3979.5283203125,0,30.60904884338379,83.72248840332031,35.093040466308594,357.9903259277344,334.3015441894531,1.8150683641433716,0.22623081505298615,0.11105319857597351,0.00343112088739872,1.31270432472229,0.05920613557100296,0.8849966526031494,0,2.798861026763916,5.350340366363525,0,19.33408546447754,0,153.92156982421875,0.151741161942482,0.07308455556631088,0.7610607147216797,0.5722006559371948,0.21382172405719757,1.1260582208633423,153.92156982421875,13.618792533874512,2774.374755859375,bowl
ASC163,Lobia curry,asc_manual,620.1267700195312,148.98741149902344,17.881961822509766,6.064000129699707,5.619450569152832,2.507986307144165,4.567117214202881,731.060791015625,1079.10205078125,3434.164794921875,0,36.79567337036133,113.74250030517578,68.61538696289062,355.4085998535156,465.1387634277344,2.2128336429595947,0.2647565007209778,6.102547645568848,0.005932788364589214,0.6522639989852905,0.14926618337631226,1.047605037689209,0,2.768841028213501,5.580493450164795,0,17.520376205444336,0,72.36720275878906,0.11496664583683014,0.042564209550619125,0.7860773801803589,0.5421806573867798,0.15503253042697906,2.11922025680542,72.36720275878906,12.618125915527344,2818.904541015625,bowl
ASC164,Soyabean curry,asc_manual,679.9166259765625,163.27719116210938,6.759547233581543,10.426908493041992,10.189997673034668,2.6580862998962402,7.341466903686523,1411.26416015625,2269.000244140625,6066.16943359375,0,65.13206481933594,144.26284790039062,62.611385345458984,352.6943054199219,563.4542846679688,2.7932205200195312,0.25975316762924194,4.3263630867004395,0.005182288121432066,0.842390775680542,0.18929286301136017,1.0626150369644165,0,2.926445960998535,22.814483642578125,0,28.640289306640625,0,86.626708984375,0.18501333892345428,0.0775875598192215,0.9461841583251953,0.6672640442848206,0.19255754351615906,1.318686604499817,86.626708984375,12.618125915527344,2834.915283203125,bowl
ASC165,Kidney bean curry (Rajmah curry),asc_manual,598.112060546875,143.7259063720703,16.378459930419922,5.951425075531006,5.7745537757873535,2.4879729747772217,5.825456142425537,724.3062744140625,1085.921630859375,3529.478271484375,0,47.87055587768555,122.99867248535156,58.60871505737305,354.6005554199219,485.9026184082031,2.270371913909912,0.257251501083374,5.727297306060791,0.010685957036912441,0.5847190022468567,0.10423615574836731,0.867484986782074,0,2.6512625217437744,12.037298202514648,0,18.308401107788086,0,93.63137817382812,0.10746164619922638,0.06758088618516922,0.9812074899673462,0.629738986492157,0.1325175166130066,1.318686604499817,93.63137817382812,13.618792533874512,2790.13525390625,bowl
ASC167,Sambar,asc_manual,404.498046875,96.91847229003906,10.567740440368652,3.3500633239746094,4.382696628570557,3.3076579570770264,3.5215985774993896,1886.4910888671875,544.7274169921875,1179.958740234375,0,30.237764358520508,59.317787170410156,32.163848876953125,159.53822326660156,298.2939758300781,1.2364188432693481,0.20384353399276733,2.3591203689575195,0.006593780592083931,0.2848445177078247,0.10748299211263657,0.46618562936782837,0,1.0391933917999268,3.3062779903411865,0,34.1590690612793,0,26.506345748901367,0.08017978817224503,0.0451117567718029,0.5276724696159363,0.2648882567882538,0.0786297395825386,0.7849951386451721,26.506345748901367,7.908804893493652,1606.20458984375,bowl
ASC168,Besan kadhi with pakodies,asc_manual,1661.215576171875,403.3492126464844,3.5637803077697754,1.6443043947219849,42.5884895324707,0.8779765963554382,0.8116763234138489,5250.46875,8747.3984375,26784.0390625,0.9373109340667725,24.5317440032959,27.825971603393555,8.750231742858887,60.804908752441406,70.20986938476562,0.383767306804657,0.0296432264149189,0.5397614240646362,0.0015569927636533976,0.12208645790815353,0.018575798720121384,0.16121628880500793,2.3858823776245117,20.846487045288086,0.38717979192733765,0,10.830836296081543,0,13.127129554748535,0.031457092612981796,0.03802977502346039,0.1620187908411026,0.10824552178382874,0.03691062331199646,0.6953076124191284,13.127129554748535,0.7100386023521423,795.4866943359375,bowl
ASC169,Khatta channa,asc_manual,841.5595703125,202.56605529785156,21.140640258789062,6.295548915863037,10.559773445129395,4.749385356903076,5.260317325592041,1251.0577392578125,2209.048095703125,6291.158203125,0,40.771114349365234,86.53959655761719,38.76115036010742,513.3212890625,344.7828369140625,1.9423022270202637,0.24693048000335693,0.19974850118160248,0.004286196548491716,1.5265687704086304,0.04393225535750389,0.930378794670105,0,4.565609931945801,6.311367988586426,0,18.992046356201172,0,155.5029296875,0.15485738217830658,0.0758945643901825,0.7459716200828552,0.5678676962852478,0.2195078283548355,1.0362664461135864,155.5029296875,13.299074172973633,2188.99072265625,bowl
ASC170,Sprouted moong dal chat,asc_manual,135.7894744873047,32.47376251220703,6.005068302154541,1.3497076034545898,0.32163742184638977,1.566861629486084,1.3450292348861694,66.64054870605469,34.79648971557617,122.83235931396484,0,16.535673141479492,30.2152042388916,17.451461791992188,87.07212829589844,218.91812133789062,0.8786744475364685,0.05235867574810982,0.317738801240921,0.00249512679874897,0.12163742631673813,0.004678362514823675,0.23450292646884918,0,0.06432748585939407,2.674074172973633,0,7.2397661209106445,0,16.812475204467773,0.049707602709531784,0.022378167137503624,0.5052631497383118,0.2904483377933502,0.07699804753065109,1.3306043148040771,16.812475204467773,15.119688034057617,1275.902587890625,plate
ASC171,Potato cauliflower (Aloo gobhi),asc_manual,439.2431945800781,106.17748260498047,5.990505218505859,1.8975750207901,8.125692367553711,0.43618035316467285,3.0182628631591797,1022.1915283203125,1605.366455078125,5068.7421875,0,22.872386932373047,44.462013244628906,25.221277236938477,254.75828552246094,378.77825927734375,1.0654395818710327,0.07219573110342026,0.4950355589389801,0.005657980218529701,0.35636189579963684,0.03926031291484833,0.3077644407749176,0,3.8326971530914307,1.048938274383545,0,13.78015422821045,0,31.83146858215332,0.044941678643226624,0.04935647174715996,0.5464716553688049,0.4815027117729187,0.12060369551181793,1.8825331926345825,31.83146858215332,34.77217102050781,321.8652038574219,bowl
ASC172,Potato capsicum (Shimla mirch aloo),asc_manual,519.3829956054688,125.52963256835938,8.716957092285156,1.409610629081726,9.332274436950684,0.5350494384765625,2.0246083736419678,1146.8699951171875,1861.6328125,5844.4873046875,0,16.446578979492188,35.268314361572266,22.01253318786621,277.9205017089844,364.1477966308594,0.8590447902679443,0.08582686632871628,0.44943615794181824,0.007922985590994358,0.31927430629730225,0.04510779306292534,0.24935057759284973,0,4.4882025718688965,0.6109512448310852,0,15.090295791625977,0,26.398876190185547,0.052394695580005646,0.022715754806995392,0.7896676659584045,0.28274694085121155,0.1207038164138794,2.3025221824645996,26.398876190185547,53.903541564941406,1209.086669921875,bowl
ASC173,Cabbage and peas (Pattagobhi aur matar),asc_manual,265.73529052734375,63.88294219970703,6.235406398773193,3.2393312454223633,2.6449499130249023,0.9664132595062256,3.9855921268463135,343.88067626953125,529.1497192382812,1635.2838134765625,0,45.496673583984375,40.40119552612305,28.591815948486328,253.73455810546875,255.4964141845703,1.1007277965545654,0.10197533667087555,1.1645413637161255,0.004403849598020315,0.46452993154525757,0.052330825477838516,0.4762381911277771,0,1.3066856861114502,4.29484748840332,0,86.07992553710938,0,45.68328094482422,0.10436692088842392,0.04476330801844597,0.5926610231399536,0.3695284128189087,0.15160059928894043,2.162677764892578,45.68328094482422,32.989227294921875,772.2048950195312,bowl
ASC174,Carrot and fenugreek leaves (Gajar methi),asc_manual,257.0143737792969,61.91693878173828,4.170989990234375,2.095118284225464,3.806856632232666,2.1075291633605957,4.428805828094482,516.9261474609375,674.7117919921875,2342.759765625,0,128.8300018310547,46.653045654296875,37.09844970703125,262.9130554199219,255.94903564453125,2.7181179523468018,0.12381861358880997,0.6225425601005554,0.017906369641423225,0.5933845639228821,0.012057666666805744,0.3754631578922272,0,1.8128257989883423,1.8038448095321655,0,179.39402770996094,0,42.81465530395508,0.06744953989982605,0.10741494596004486,0.4459758698940277,0.36215782165527344,0.2216702401638031,2.722543716430664,42.81465530395508,27.170215606689453,10000.71875,bowl
ASC175,Potato fenugreek (Aloo methi),asc_manual,559.2239379882812,135.14739990234375,8.468133926391602,2.24550199508667,10.040675163269043,0.5435065031051636,2.9267795085906982,1254.2896728515625,1981.5533447265625,6304.6826171875,0,107.79594421386719,43.74574279785156,38.240047454833984,221.9273681640625,370.24371337890625,2.5303843021392822,0.12119168043136597,0.8408812880516052,0.015743646770715714,0.5101008415222168,0.01126070972532034,0.3653346300125122,0,4.872786045074463,1.1117913722991943,0,160.0071563720703,0,35.80854797363281,0.07278335094451904,0.0905233845114708,0.8179676532745361,0.37738850712776184,0.20212288200855255,2.469156503677368,35.80854797363281,33.66324996948242,4850.60986328125,bowl
ASC177,Brinjal bhartha (Baingan ka bhartha),asc_manual,269.7462158203125,65.11573028564453,4.397458076477051,1.3797035217285156,4.4805498123168945,1.816042423248291,3.2744195461273193,567.5462036132812,879.609619140625,2773.1494140625,0,17.853906631469727,29.979469299316406,20.02095603942871,132.1516571044922,222.05300903320312,0.48244789242744446,0.10021943598985672,0.056471165269613266,0.0044429609552025795,0.23463891446590424,0.008593438193202019,0.22514531016349792,0,2.1342084407806396,2.6820926666259766,0,15.389986991882324,0,28.365144729614258,0.052112143486738205,0.07611729949712753,0.49741795659065247,0.27510541677474976,0.08090844750404358,1.696553111076355,28.365144729614258,7.380054473876953,1228.7589111328125,bowl
ASC178,Dry potato (Sookhe aloo),asc_manual,429.1229248046875,103.14553833007812,14.378251075744629,1.6200236082077026,4.182056903839111,0.3285106420516968,1.8769739866256714,504.62176513671875,841.3380737304688,2550.756591796875,0,17.196218490600586,45.212764739990234,26.88888931274414,199.99388122558594,531.411376953125,0.8295981287956238,0.1020331010222435,0.7336879372596741,0.0022860520984977484,0.18137115240097046,0.026477541774511337,0.3127659559249878,0,1.9243971109390259,0.21137115359306335,0,2.9224586486816406,0,14.850732803344727,0.06066193804144859,0.014089833945035934,1.03231680393219,0.3626241087913513,0.10054373741149902,1.2828842401504517,14.850732803344727,21.962175369262695,244.01654052734375,bowl
ASC179,Beans with coconut (Nariyal aur sem/phali; Beans thoran),asc_manual,547.2544555664062,131.63136291503906,4.393538951873779,2.618790864944458,11.393542289733887,2.062751054763794,5.585058689117432,4485.794921875,1551.2366943359375,3706.46337890625,0,51.91774368286133,55.02267074584961,40.92777633666992,271.6534423828125,336.814697265625,1.3413889408111572,0.13956734538078308,0.938073456287384,0.0075057512149214745,0.39364051818847656,0.0976327434182167,0.4434746503829956,0,3.1275932788848877,3.648714065551758,0,24.62488555908203,0,50.7325553894043,0.057827338576316833,0.06999866664409637,0.7899103760719299,0.2620335817337036,0.34307610988616943,4.303308010101318,50.7325553894043,4.030909538269043,3596.72607421875,bowl
ASC180,Cauliflower with coconut (Nariyal ke saath phoolgobhi),asc_manual,549.2606201171875,132.11083984375,3.9923083782196045,2.638852596282959,11.560721397399902,1.7083308696746826,5.270761966705322,4519.3642578125,1559.916748046875,3760.62939453125,0,35.37367630004883,55.978939056396484,32.97003936767578,286.0575866699219,344.83929443359375,1.3280144929885864,0.12619298696517944,1.2523705959320068,0.009511902928352356,0.3668918013572693,0.08760198205709457,0.4033516049385071,0,3.0807831287384033,3.2942938804626465,0,24.08322525024414,0,40.01301574707031,0.05114016309380531,0.08337301015853882,0.48230037093162537,0.49608466029167175,0.135773703455925,1.9895459413528442,40.01301574707031,34.63141632080078,2661.511474609375,bowl
ASC181,Carrot and cabbage with coconut (Nariyal ke saath pattagobhi aur gajar),asc_manual,443.45208740234375,106.61273193359375,4.994035243988037,1.8197554349899292,8.621280670166016,2.355236053466797,4.521347522735596,3373.585693359375,1176.9190673828125,2822.514404296875,0,48.63325119018555,44.131954193115234,26.349802017211914,219.6028594970703,278.7274169921875,0.8398882150650024,0.10459506511688232,1.2993861436843872,0.006627292837947607,0.31755536794662476,0.0666533038020134,0.28975242376327515,0,2.376467227935791,2.253326177597046,0,72.09534454345703,0,36.21603012084961,0.043337173759937286,0.059975944459438324,0.3814934194087982,0.25651249289512634,0.12931542098522186,1.3356554508209229,36.21603012084961,20.551177978515625,4455.7705078125,bowl
ASC182,Raw turnip with coconut ,asc_manual,550.5980224609375,132.14828491210938,5.7777838706970215,1.8029557466506958,11.467101097106934,4.403262138366699,2.7898201942443848,4441.12451171875,1543.3123779296875,3749.929931640625,0,50.647178649902344,51.74595642089844,22.885780334472656,275.5453796386719,312.0721435546875,0.8197893500328064,0.09944429248571396,1.6067907810211182,0.004830881487578154,0.2799585461616516,0.08626454323530197,0.26292094588279724,0,3.067408561706543,2.4115867614746094,0,14.600811958312988,0,18.64749526977539,0.057827338576316833,0.04324996843934059,0.5424849390983582,0.21522335708141327,0.10233783721923828,0.40468570590019226,18.64749526977539,14.476275444030762,2641.12890625,bowl
ASC183,Raw papaya with coconut (Papaya thoran),asc_manual,551.9354858398438,132.7501220703125,5.5771684646606445,1.5354688167572021,11.42029094696045,3.8214778900146484,4.314496040344238,4487.3662109375,1573.0904541015625,3666.768310546875,0,33.74200439453125,40.45132064819336,27.586864471435547,270.56341552734375,240.51939392089844,0.8197893500328064,0.12619298696517944,1.800718903541565,0.006837033666670322,0.23314832150936127,0.08693326264619827,0.2495466023683548,0,3.1142189502716064,7.627582550048828,0,16.13886260986328,0,29.206544876098633,0.03776581585407257,0.056624315679073334,0.35524407029151917,0.24197204411029816,0.06890196353197098,1.1670235395431519,29.206544876098633,16.970590591430664,2994.211669921875,bowl
ASC184,Stuffed okra (Bharwa bhindi),asc_manual,390.01409912109375,94.34012603759766,3.8542532920837402,2.079592704772949,7.655135631561279,0.4805203378200531,4.146153926849365,950.6923217773438,1555.7601318359375,4732.2490234375,0,86.89140319824219,57.09502410888672,64.47058868408203,210.03445434570312,265.83258056640625,1.1786425113677979,0.13819004595279694,0.9481674432754517,0.005052036140114069,0.3373529613018036,0.05701357498764992,0.46800902485847473,0,4.027103900909424,6.7992987632751465,0,20.600000381469727,0,57.886878967285156,0.03990950062870979,0.07015836983919144,0.6247737407684326,0.2589819133281708,0.25432127714157104,1.4381901025772095,57.886878967285156,20.497737884521484,1194.29638671875,bowl
ASC185,Stuffed round gourd (Bharwa tinde),asc_manual,301.0392761230469,72.7967758178711,4.020564079284668,1.1034642457962036,5.7472004890441895,1.959667682647705,2.103806734085083,713.9446411132812,1164.5235595703125,3563.3212890625,0,20.213092803955078,27.091360092163086,18.747875213623047,180.14686584472656,132.68479919433594,0.5882779359817505,0.08054380863904953,0.1819637417793274,0.003884189296513796,0.23040281236171722,0.03343403711915016,0.2248741239309311,0,2.788419008255005,4.965246677398682,0,12.655387878417969,0,28.6298885345459,0.03137965872883797,0.02438066340982914,0.4948539733886719,0.2843000888824463,0.0784793570637703,2.2270290851593018,28.6298885345459,15.047894477844238,1954.95166015625,bowl
ASC186,Stuffed capsicum (Bharwa shimla mirch),asc_manual,376.99249267578125,90.94032287597656,8.255976676940918,1.3372509479522705,5.704382419586182,1.2133466005325317,2.0107569694519043,710.2322998046875,1125.6121826171875,3560.836669921875,0,15.168525695800781,32.58964157104492,18.799203872680664,173.9388427734375,312.56573486328125,0.613545835018158,0.08157370239496231,0.412350594997406,0.008187251165509224,0.21633465588092804,0.0019920319318771362,0.23745019733905792,0,2.7114343643188477,0.5233067870140076,0,12.265538215637207,0,30.55976104736328,0.05059760808944702,0.020458167418837547,0.7145417928695679,0.27747011184692383,0.11972111463546753,2.699800968170166,30.55976104736328,59.1607551574707,1136.585693359375,capsicum
ASC187,Stuffed brinjal (Bharwa baingan),asc_manual,384.40740966796875,92.99759674072266,3.9584197998046875,1.5331376791000366,7.728148937225342,0.9218736290931702,4.091648101806641,950.1535034179688,1564.302490234375,4757.68408203125,0,24.36568832397461,34.46501159667969,23.60270881652832,212.8831329345703,250.78555297851562,0.7516027092933655,0.11981941014528275,0.043092548847198486,0.0050406320951879025,0.2192099392414093,0.054176073521375656,0.2502483129501343,0,3.629751682281494,0.9871105551719666,0,13.339051246643066,0,30.893905639648438,0.057878103107213974,0.106117382645607,0.551128625869751,0.28548532724380493,0.07316026836633682,1.597471833229065,30.893905639648438,2.0406320095062256,366.3182678222656,brinjal
ASC189,Stuffed tomatoes (Bharwa tamatar),asc_manual,387.68634033203125,93.34754943847656,6.1900739669799805,3.2818820476531982,6.059778690338135,2.6756088733673096,2.197859764099121,1394.5103759765625,1334.5048828125,2965.782958984375,0,59.15756607055664,54.51800537109375,18.83490753173828,165.85276794433594,202.87545776367188,0.6186347007751465,0.07966789603233337,2.402951955795288,0.012826568447053432,0.17018450796604156,0.01697416976094246,0.5066789388656616,0,2.351512908935547,8.156641960144043,0,22.41863441467285,0,27.61317253112793,0.06450184434652328,0.02964944578707218,0.5729151368141174,0.2876568138599396,0.09346863627433777,3.328929901123047,27.61317253112793,20.830406188964844,4231.00390625,tomato
ASC190,Pea potato curry (Aloo matar),asc_manual,419.09423828125,100.92295837402344,9.739043235778809,3.4828591346740723,5.126852989196777,1.8644886016845703,3.6079277992248535,631.8171997070312,1031.291748046875,3196.23388671875,0,21.10076904296875,40.51566696166992,27.53093147277832,154.83279418945312,274.2627258300781,1.017978549003601,0.13486459851264954,0.7967583537101746,0.0028455271385610104,0.3529185354709625,0.034255217760801315,0.5626206994056702,0,2.546403646469116,7.116201877593994,0,24.677169799804688,0,31.769750595092773,0.12708579003810883,0.02376699261367321,0.854257345199585,0.42028486728668213,0.13470378518104553,2.4362776279449463,31.769750595092773,25.244674682617188,1722.53759765625,bowl
ASC191,Pea paneer curry (Matar paneer),asc_manual,560.9829711914062,134.83436584472656,9.291922569274902,6.605493068695068,7.750081539154053,3.8927581310272217,3.299630880355835,2219.716064453125,1804.0498046875,3252.1240234375,0,105.20274353027344,92.18335723876953,27.990673065185547,157.34423828125,188.17935180664062,1.0774744749069214,0.13666750490665436,4.833465576171875,0.022316914051771164,0.3511156439781189,0.033534057438373566,1.0061357021331787,0,2.539191961288452,7.105384349822998,0,24.294954299926758,0,45.79636001586914,0.11987415701150894,0.03999314829707146,0.6901928782463074,0.440116822719574,0.1238863468170166,5.986200332641602,45.79636001586914,21.070947647094727,1720.0135498046875,bowl
ASC192,Pea mushroom curry (Matar mushroom),asc_manual,387.18280029296875,93.2961196899414,7.4114909172058105,3.868680953979492,5.161108016967773,1.824824571609497,3.860334634780884,635.3021850585938,1030.0296630859375,3220.392822265625,0,22.698143005371094,48.3925666809082,26.49065399169922,155.483642578125,234.0579071044922,0.9674972295761108,0.13486459851264954,0.6615403890609741,0.004287851974368095,0.35472145676612854,0.034255217760801315,0.5427887439727783,0,2.537389039993286,10.785116195678711,0,26.548585891723633,0,30.466249465942383,0.11807125806808472,0.027372805401682854,0.7893527746200562,0.42929938435554504,0.13830959796905518,3.8569676876068115,30.466249465942383,21.070947647094727,1685.0372314453125,bowl
ASC193,Pea curry (Matar ki sabzi),asc_manual,427.7481994628906,102.99124908447266,9.196368217468262,4.5123186111450195,5.108823776245117,1.9816774129867554,4.439067363739014,627.3910522460938,1033.9835205078125,3183.115966796875,0,24.47580909729004,42.77471160888672,30.422794342041016,154.7516632080078,221.61785888671875,1.2000720500946045,0.15830238163471222,0.9554141163825989,0.0028455269057303667,0.4106115400791168,0.033534057438373566,0.7086561322212219,0,2.5734472274780273,9.409499168395996,0,32.26740646362305,0,38.84796142578125,0.1649468094110489,0.027372805401682854,0.8975270986557007,0.4743720293045044,0.15092994272708893,2.9212594032287598,38.84796142578125,27.99410629272461,1916.890869140625,bowl
ASC194,Pea vadi curry,asc_manual,423.4413757324219,101.94745635986328,8.900667190551758,4.637181282043457,5.077193737030029,1.9231497049331665,4.284573554992676,622.9573974609375,1025.840087890625,3141.939697265625,0,23.623971939086914,44.592315673828125,30.164457321166992,149.50502014160156,216.09744262695312,1.200069546699524,0.15975359082221985,0.922162652015686,0.0027464935556054115,0.4102422297000885,0.03236696496605873,0.7083548307418823,0,2.5169460773468018,9.08201789855957,0,31.144397735595703,0,38.017974853515625,0.16129432618618011,0.027116209268569946,0.8697706460952759,0.4596025347709656,0.14811332523822784,2.8195903301239014,38.017974853515625,27.019821166992188,1850.24658203125,bowl
ASC195,Paneer curry,asc_manual,734.20849609375,176.5167694091797,8.398056983947754,7.80112361907959,12.384866714477539,6.285912036895752,1.3991330862045288,4126.7626953125,2989.878662109375,4484.0732421875,0,189.05686950683594,139.4761505126953,21.831430435180664,216.0889434814453,142.7174835205078,0.807176411151886,0.09095042943954468,8.678717613220215,0.043192557990550995,0.26997923851013184,0.03607967123389244,1.1789236068725586,0,3.379103899002075,3.374617099761963,0,11.445260047912598,0,47.23202133178711,0.03333514556288719,0.05234666168689728,0.32946768403053284,0.3277200758457184,0.08084515482187271,8.808149337768555,47.23202133178711,9.90266227722168,1745.96630859375,bowl
ASC196,Lotus stem curry (Kamal kakdi curry),asc_manual,457.30938720703125,110.33787536621094,9.235796928405762,1.529191493988037,7.250926971435547,2.086090087890625,3.141336441040039,938.1597290039062,1427.129638671875,4474.80615234375,0,26.59084701538086,44.69287872314453,21.81660270690918,217.04901123046875,345.6545104980469,1.711639404296875,0.13543221354484558,1.8099886178970337,0.012796668335795403,0.7407447695732117,0.03706815466284752,0.2929946184158325,0,3.6422879695892334,3.4265127182006836,0,27.922056198120117,0,22.46307945251465,0.0518692210316658,0.03381258249282837,0.4406721591949463,0.22022241353988647,0.13644738495349884,2.0654520988464355,22.46307945251465,19.77391242980957,1731.88037109375,bowl
ASC197,Gravy for kofta,asc_manual,519.4003295898438,125.58592987060547,6.30678653717041,1.748348355293274,10.349658966064453,3.728222608566284,1.9572532176971436,1434.6268310546875,2113.44287109375,6283.28369140625,1.1849192380905151,39.647666931152344,42.511165618896484,19.191274642944336,312.8621520996094,199.42010498046875,0.7528904676437378,0.0754937157034874,0.37391382455825806,0.0036642728373408318,0.3300897479057312,0.05098743364214897,0.3108976483345032,3.016157865524292,4.903231620788574,4.7924418449401855,0,16.194255828857422,0,19.82100486755371,0.04208258539438248,0.048671454191207886,0.4117414653301239,0.26109516620635986,0.10023339092731476,1.732459545135498,19.82100486755371,12.246696472167969,2403.21435546875,bowl
ASC198,Pea kofta curry (Matar kofta curry),asc_manual,2451.226806640625,595.664794921875,4.1676106452941895,2.0104196071624756,63.392459869384766,0.8833504319190979,1.7043529748916626,7648.09521484375,13003.859375,40099.1484375,0.21140293776988983,13.842968940734863,21.502473831176758,12.234638214111328,83.06669616699219,88.84849548339844,0.5597885847091675,0.0667681023478508,0.4312203526496887,0.0010381166357547045,0.17269699275493622,0.011659192852675915,0.28804293274879456,0.5381165742874146,31.217519760131836,3.336127519607544,0,15.410218238830566,0,16.543977737426758,0.06546764820814133,0.017139654606580734,0.34911593794822693,0.19344009459018707,0.060836002230644226,1.1931389570236206,16.543977737426758,9.565153121948242,682.2359008789062,bowl
ASC199,Spinach kofta curry (Palak kofta curry),asc_manual,2353.02001953125,571.7760620117188,3.5648884773254395,1.0858426094055176,61.49188995361328,0.8187775611877441,0.9238912463188171,7427.7783203125,12579.94921875,38832.86328125,0.2046714723110199,29.31484603881836,17.896596908569336,20.783973693847656,104.50801849365234,158.65353393554688,0.8299974203109741,0.05820484459400177,0.7486851215362549,0.005853107664734125,0.29090338945388794,0.010047508403658867,0.1731252670288086,0.5209819078445435,30.39687156677246,0.882619321346283,0,67.09193420410156,0,31.12120246887207,0.046798814088106155,0.03068980574607849,0.20699268579483032,0.08676508069038391,0.04940657690167427,1.0708622932434082,31.12120246887207,7.944601535797119,2201.104736328125,bowl
ASC200,Paneer kofta curry,asc_manual,2761.294677734375,670.9107666015625,3.2690014839172363,2.3853530883789062,72.06321716308594,1.9810341596603394,0.4012089967727661,9450.373046875,14918.8291015625,44643.90234375,0.23537802696228027,59.49135208129883,44.25917434692383,7.071519374847412,121.71548461914062,48.28887176513672,0.3448858857154846,0.034169044345617294,2.55002498626709,0.01249679084867239,0.08436518907546997,0.010128388181328773,0.36286377906799316,0.5991440415382385,34.67885208129883,0.9659022688865662,0,7.5684380531311035,0,13.944828033447266,0.010980741120874882,0.020937945693731308,0.10161911696195602,0.1046077087521553,0.024939371272921562,2.5952138900756836,13.944828033447266,2.4330992698669434,504.7290954589844,bowl
ASC201,Lotus stem kofta curry (Kamal kakdi kofta curry),asc_manual,2607.511474609375,633.5641479492188,5.014779090881348,0.9571969509124756,67.76353454589844,0.8781458735466003,1.0125051736831665,8177.68408203125,13870.18359375,42798.10546875,0.22566570341587067,19.308094024658203,20.66783332824707,7.8003973960876465,108.61492919921875,109.38184356689453,0.6525418162345886,0.051866188645362854,0.8695891499519348,0.003581383265554905,0.2345796376466751,0.010257532820105553,0.13241571187973022,0.574421763420105,33.325077056884766,0.9475104212760925,0,11.859424591064453,0,7.899298191070557,0.025955386459827423,0.018451523035764694,0.2046327143907547,0.07104695588350296,0.04319118708372116,0.6237223744392395,7.899298191070557,5.279140949249268,483.08135986328125,bowl
ASC202,Raw banana kofta curry (Kela kofta curry),asc_manual,2580.810791015625,627.271484375,3.4044394493103027,0.6216891407966614,67.97930908203125,2.3014891147613525,0.5909394025802612,8205.3056640625,13944.7490234375,43014.203125,0.22690704464912415,9.226520538330078,12.067604064941406,6.837351322174072,88.39573669433594,71.3460693359375,0.2829723358154297,0.03302253782749176,0.0991068109869957,0.0007131757447496057,0.11146994680166245,0.010038917884230614,0.08838153630495071,0.5775815844535828,33.460575103759766,0.9248747825622559,0,7.4069414138793945,0,6.419379234313965,0.024062873795628548,0.01541757769882679,0.16842181980609894,0.08959033340215683,0.05115736275911331,0.610994815826416,6.419379234313965,3.2491705417633057,472.0692443847656,bowl
ASC203,Cauliflower kofta curry (Phoolgobhi kofta curry),asc_manual,2637.44287109375,641.099609375,2.616612434387207,1.037197470664978,69.62345886230469,0.8289493322372437,0.9967566132545471,8405.75,14273.8798828125,44035.94140625,0.23201203346252441,12.25902271270752,18.14608383178711,7.819391250610352,93.64952087402344,82.15858459472656,0.3999592363834381,0.03401859104633331,0.2015235424041748,0.001467440975829959,0.12664707005023956,0.010546001605689526,0.12798403203487396,0.5905760526657104,34.23356628417969,1.0848900079727173,0,9.192086219787598,0,12.586625099182129,0.02186228334903717,0.02107962965965271,0.15864181518554688,0.14174866676330566,0.043590281158685684,0.7665496468544006,12.586625099182129,7.5905890464782715,486.168701171875,bowl
ASC204,Cabbage kofta curry (Pattagobhi kofta curry),asc_manual,2632.23095703125,639.812744140625,2.87414813041687,0.9756070971488953,69.40044403076172,0.8907748460769653,0.9021880030632019,8374.767578125,14234.3994140625,43899.34375,0.23136138916015625,15.45669174194336,16.55769157409668,7.323873043060303,92.85335540771484,72.20819854736328,0.33889394998550415,0.0322125144302845,0.28473925590515137,0.0011478329543024302,0.12451112270355225,0.010516426526010036,0.11381353437900543,0.5889198780059814,34.14094161987305,0.9651151895523071,0,19.542865753173828,0,12.675771713256836,0.021366294473409653,0.019113535061478615,0.15532243251800537,0.10138873010873795,0.043664343655109406,0.6529257893562317,12.675771713256836,6.108570575714111,508.2064514160156,bowl
ASC205,Ghiya/Lauki Kofta Curry,asc_manual,2627.603759765625,638.7068481445312,2.7090401649475098,0.8883207440376282,69.40149688720703,0.8234696984291077,0.8348828554153442,8374.23046875,14231.6123046875,43896.55859375,0.23136138916015625,11.635022163391113,15.070670127868652,6.581413745880127,91.4315414428711,60.74529266357422,0.32942917943000793,0.0343158021569252,0.35730260610580444,0.0011478329543024302,0.11714962869882584,0.010516426526010036,0.11276189237833023,0.5889198780059814,34.137786865234375,1.0208522081375122,0,7.880148887634277,0,12.216203689575195,0.021366294473409653,0.014906964264810085,0.14480601251125336,0.13504129648208618,0.03209627419710159,0.772813081741333,12.216203689575195,3.0672202110290527,489.49981689453125,bowl
ASC206,Spinach paneer kofta curry (Palak paneer kofta curry),asc_manual,2493.69921875,606.025146484375,2.942911386489868,1.426927924156189,65.40789031982422,1.1609245538711548,0.7456361055374146,8131.09765625,13438.5341796875,41051.05078125,0.21639344096183777,37.70811462402344,25.352367401123047,16.58902931213379,99.3712158203125,125.10491943359375,0.6775278449058533,0.05021967366337776,1.257137656211853,0.007947868667542934,0.2268459051847458,0.010360655374825,0.2265147566795349,0.5508196353912354,32.051456451416016,0.9135704636573792,0,49.58095169067383,0,25.95780372619629,0.03454098477959633,0.027367213740944862,0.16384917497634888,0.09289180487394333,0.041537705808877945,1.5491738319396973,25.95780372619629,6.208003520965576,1704.1510009765625,bowl
ASC207,Vegetarian egg kofta curry,asc_manual,2581.8955078125,627.4058227539062,4.260971546173096,1.3274797201156616,67.24187469482422,1.1895006895065308,0.6372975707054138,8348.12890625,13824.4658203125,42217.5625,0.22267206013202667,28.388713836669922,26.304697036743164,8.048225402832031,95.89279174804688,104.037109375,0.38765856623649597,0.03837044537067413,1.0779656171798706,0.004717611242085695,0.10153171420097351,0.016194332391023636,0.2011302262544632,0.5668016076087952,32.81556701660156,0.9381005167961121,0,7.397402286529541,0,9.15324592590332,0.019875168800354004,0.015563427470624447,0.23307693004608154,0.10701079666614532,0.03319500759243965,1.1816802024841309,9.15324592590332,4.801083087921143,487.1371154785156,bowl
ASC208,Baked vegetables,asc_manual,371.4322204589844,88.98686218261719,8.436529159545898,3.669917345046997,4.436777114868164,2.5621488094329834,2.335702419281006,2685.0693359375,1146.2073974609375,231.8000030517578,8.265289306640625,80.19917297363281,90.11817932128906,19.92727279663086,124.69999694824219,221.87603759765625,0.6214049458503723,0.07466115802526474,0.9115702509880066,0.003305785357952118,0.16388429701328278,0.008429751731455326,0.5214875936508179,32.53388595581055,0.22103305160999298,3.501652956008911,0,13.660991668701172,0,25.516529083251953,0.07654545456171036,0.06819834560155869,0.4778512418270111,0.3953305780887604,0.11867768317461014,2.578016519546509,25.516529083251953,15.554545402526855,1693.7305908203125,bowl
ASC209,Cauliflower musallam (Phoolgobhi musallam),asc_manual,244.366943359375,58.82717514038086,4.484461307525635,1.8922444581985474,3.5467426776885986,1.7072473764419556,3.0581061840057373,469.2806701660156,672.0726318359375,2159.21044921875,0,24.610340118408203,39.611366271972656,20.8736572265625,123.3568344116211,266.33660888671875,0.8320546746253967,0.06421345472335815,0.4539101719856262,0.005499131977558136,0.26259171962738037,0.01690010353922844,0.2935571074485779,0,1.6058849096298218,3.029405117034912,0,15.170482635498047,0,35.55791091918945,0.043234169483184814,0.05019909515976906,0.38022804260253906,0.4566720426082611,0.11725083738565445,2.1170692443847656,35.55791091918945,33.07615280151367,1145.392578125,bowl
ASC210,Baked vegetables with spinach ,asc_manual,324.4527587890625,77.79354858398438,6.929444313049316,3.2176640033721924,4.027524948120117,2.0877981185913086,2.325833797454834,2163.451416015625,986.6937866210938,546.3560791015625,6.552780628204346,78.62635803222656,74.08360290527344,35.61738967895508,122.84779357910156,314.3216552734375,1.1582608222961426,0.09812406450510025,1.1638667583465576,0.00913097895681858,0.393240749835968,0.012396035715937614,0.49636489152908325,26.672727584838867,0.70357346534729,2.6128525733947754,0,86.84648132324219,0,52.72219467163086,0.09421908110380173,0.07508007436990738,0.43282681703567505,0.34740468859672546,0.12422019988298416,2.933279275894165,52.72219467163086,18.641685485839844,3474.594970703125,bowl
ASC211,Baked potato with skin ,asc_manual,563.80224609375,135.77285766601562,11.109951972961426,3.426379680633545,8.503636360168457,1.6577990055084229,1.1966826915740967,5243.81494140625,2214.88671875,380.72088623046875,21.722488403320312,90.06060791015625,121.8934555053711,21.176395416259766,354.5013732910156,392.7113342285156,0.4952472150325775,0.07023923844099045,1.1774481534957886,0.0022583731915801764,0.12169059365987778,0.015311004593968391,0.5119298100471497,86.95375061035156,0.2550877332687378,0.2031259983778,0,2.5231258869171143,0,12.74542236328125,0.049952153116464615,0.05610845237970352,0.6910685300827026,0.3690589964389801,0.07901116460561752,1.7999681234359741,12.74542236328125,15.15342903137207,225.92982482910156,bowl
ASC212,Shepherd's pie (vegetarian),asc_manual,564.3311767578125,135.63352966308594,12.034181594848633,5.0406107902526855,7.304504871368408,2.781447649002075,2.2289252281188965,4094.251220703125,1874.4532470703125,763.447021484375,10.623833656311035,85.58631134033203,86.22897338867188,25.044645309448242,118.19754028320312,332.0761413574219,0.7598341107368469,0.11080949008464813,3.9384477138519287,0.017062881961464882,0.19564294815063477,0.0044335247948765755,0.7715702056884766,47.78231430053711,0.543714702129364,2.5771827697753906,0,10.145926475524902,0,33.4107551574707,0.08654554933309555,0.035789258778095245,0.7825886011123657,0.4198088049888611,0.10096872597932816,4.649470329284668,33.4107551574707,19.09334945678711,426.798828125,bowl
ASC213,Baked brinjal in tomato sauce,asc_manual,161.01931762695312,38.62895965576172,4.129225254058838,1.5794516801834106,1.6234697103500366,2.1959965229034424,2.340339422225952,423.5904235839844,344.2836608886719,726.6983032226562,0,26.237640380859375,31.14244270324707,15.565099716186523,79.65674591064453,187.99478149414062,0.32067885994911194,0.06856687366962433,0.70230633020401,0.006647809874266386,0.12764723598957062,0.0011604293249547482,0.23854075372219086,0,0.6099042296409607,7.235814094543457,0,18.436031341552734,0,24.135509490966797,0.04511169344186783,0.04816652089357376,0.4902814030647278,0.2374035269021988,0.07892370223999023,1.9842472076416016,24.135509490966797,15.870858192443848,3493.72265625,bowl
ASC214,Dum aloo,asc_manual,2806.84326171875,682.3298950195312,3.3304882049560547,0.6982631683349609,74.0066909790039,0.7082840204238892,0.6791980266571045,9067.4814453125,15158.9375,46646.2265625,0.49211129546165466,16.494491577148438,19.1403865814209,8.62622356414795,183.85401916503906,119.54544067382812,0.3564392030239105,0.040639445185661316,0.3448469936847687,0.0010683289729058743,0.14601151645183563,0.03907065466046333,0.12445434927940369,1.2526469230651855,36.266273498535156,0.2790775001049042,0,6.800380706787109,0,5.132079601287842,0.016850637272000313,0.016990963369607925,0.206804096698761,0.10140490531921387,0.030644964426755905,0.47442197799682617,5.132079601287842,4.382259368896484,103.89631652832031,bowl
ASC215,Spinach paneer (Palak paneer),asc_manual,323.5482177734375,77.6831283569336,4.429644584655762,4.033646583557129,4.763011932373047,2.55055832862854,1.9068105220794678,1587.57373046875,1101.38671875,1711.8570556640625,0,113.24767303466797,69.62199401855469,54.126312255859375,166.8661651611328,386.6309509277344,1.8513199090957642,0.12543146312236786,4.231192588806152,0.03031049109995365,0.7083079218864441,0.011167512275278568,0.6839509010314941,0,1.8314889669418335,2.3110406398773193,0,170.4521942138672,0,90.37367248535156,0.09749576449394226,0.07254653424024582,0.33751270174980164,0.24616751074790955,0.11440777778625488,5.385702133178711,90.37367248535156,20.376861572265625,5906.13232421875,bowl
ASC216,Methi chaman,asc_manual,1957.784912109375,475.62451171875,2.778881788253784,1.5414977073669434,50.90748596191406,1.7927658557891846,0.5260059833526611,6884.080078125,10537.2373046875,31291.3671875,0,60.56904602050781,41.039737701416016,12.50504207611084,54.94015121459961,115.42436218261719,0.6280179619789124,0.04036445543169975,0.5445581674575806,0.005003494676202536,0.1368447244167328,0.008686969988048077,0.1885921061038971,0,24.419506072998047,0.17068396508693695,0,41.00838851928711,0,14.163819313049316,0.027583623304963112,0.05587119236588478,0.1418122798204422,0.17508737742900848,0.04756365343928337,1.2131402492523193,14.163819313049316,6.316175937652588,1205.413330078125,bowl
ASC217,Sarson ka saag,asc_manual,364.17034912109375,87.84226989746094,5.325719356536865,3.004992723464966,5.860703468322754,0.7542064785957336,3.6934401988983154,3303.10400390625,1432.9896240234375,570.509033203125,13.244026184082031,134.40908813476562,61.907386779785156,55.109169006347656,165.45291137695312,399.5634765625,2.4333205223083496,0.19726920127868652,5.065433502197266,0.02660730853676796,0.6671698689460754,0.021914321929216385,0.6464124321937561,50.76700210571289,0.8635388016700745,4.369396209716797,0,176.6044921875,0,90.78158569335938,0.09341438859701157,0.15858936309814453,0.5711197257041931,0.2608034014701843,0.15910398960113525,2.0132980346679688,90.78158569335938,42.11748504638672,5512.578125,bowl
ASC218,Jackfruit sabzi (Kathal ki sabzi),asc_manual,2572.4833984375,625.3995971679688,3.4002726078033447,0.6894789338111877,67.59599304199219,2.5894932746887207,1.0243123769760132,8126.6708984375,13872.314453125,42800.21484375,0,9.849343299865723,8.83129596710205,8.878149032592773,58.94796371459961,80.7494888305664,0.2703556418418884,0.05423698201775551,0.032720502465963364,0.0015362092526629567,0.12221546471118927,0.011629033833742142,0.07667769491672516,0,33.28947830200195,2.1769707202911377,0,13.51587200164795,0,8.897927284240723,0.015698779374361038,0.006100120488554239,0.1493932157754898,0.0676942691206932,0.055068183690309525,0.9481579065322876,8.897927284240723,3.9063940048217773,479.50738525390625,bowl
ASC219,Avial,asc_manual,520.9249877929688,124.55918884277344,8.47270679473877,2.4609272480010986,8.936988830566406,3.8266396522521973,5.443193435668945,6227.568359375,550.7403564453125,219.9594268798828,0,31.90111541748047,60.03023147583008,36.4007568359375,81.49559783935547,378.29833984375,1.0128589868545532,0.21014714241027832,3.895211696624756,0.006778062786906958,0.40428802371025085,0.04506789892911911,0.3962877094745636,0,1.0431090593338013,2.234747886657715,0,89.50096130371094,0,32.26972579956055,0.048996567726135254,0.043056558817625046,0.5488303303718567,0.2921241521835327,0.1722733974456787,2.700439691543579,32.26972579956055,28.246309280395508,1270.8399658203125,bowl
ASC220,Al yakhani,asc_manual,610.8038940429688,147.54446411132812,4.646077632904053,2.857478380203247,13.144094467163086,3.5605387687683105,1.2702155113220215,2256.258544921875,2791.77587890625,7477.28662109375,4.741379261016846,103.88038635253906,84.25708770751953,18.73362159729004,206.2366180419922,198.34913635253906,0.4603448212146759,0.03692888095974922,1.713211178779602,0.0027758621145039797,0.4630388021469116,0.019396550953388214,0.4196551740169525,12.068965911865234,5.772133827209473,0.6863793134689331,0,3.0743534564971924,0,26.186294555664062,0.04650862142443657,0.123814657330513,0.19631466269493103,0.46164870262145996,0.055096983909606934,2.2505388259887695,26.186294555664062,2.3318965435028076,57.56034469604492,bowl
ASC221,Shahi paneer,asc_manual,649.7433471679688,156.49583435058594,6.6409196853637695,5.063810348510742,12.341103553771973,5.01357889175415,1.4023563861846924,7253.3798828125,3336.87890625,668.6356811523438,23.700546264648438,125.37715148925781,97.37495422363281,18.28955841064453,215.34524536132812,170.60098266601562,0.620428740978241,0.06810595840215683,4.736870288848877,0.023463638499379158,0.24009832739830017,0.020822087302803993,0.7572769522666931,92.1859359741211,0.6570536494255066,4.90195894241333,0,13.525851249694824,0,30.298254013061523,0.0395989827811718,0.07045962661504745,0.448784202337265,0.2818431556224823,0.08886635303497314,5.261853218078613,30.298254013061523,11.886905670166016,2763.727783203125,bowl
ASC222,Paneer in butter sauce,asc_manual,607.5001831054688,145.60780334472656,9.701619148254395,6.986546993255615,8.809211730957031,7.487279415130615,1.497916340827942,5258.02490234375,2378.2646484375,392.41680908203125,9.904969215393066,170.5879669189453,126.5750732421875,23.01343536376953,151.44834899902344,158.3416748046875,0.847585916519165,0.09020664542913437,7.445842742919922,0.03785126656293869,0.4055022597312927,0.016582690179347992,1.0556049346923828,45.9404296875,0.20007365942001343,4.280307292938232,0,12.884653091430664,0,41.32465362548828,0.035285092890262604,0.058497991412878036,0.3589473068714142,0.30575960874557495,0.08297690749168396,7.714500427246094,41.32465362548828,11.492619514465332,2146.715576171875,bowl
ASC223,Methi malai paneer,asc_manual,810.1641845703125,194.97784423828125,8.150174140930176,7.340943813323975,14.758784294128418,6.001214981079102,1.4724628925323486,5462.56591796875,3671.43896484375,4730.849609375,7.110536575317383,183.9575958251953,135.3990936279297,22.079120635986328,221.16030883789062,125.71751403808594,0.7681965231895447,0.0941176488995552,6.587588787078857,0.0314466692507267,0.44591468572616577,0.03930187597870827,1.055617332458496,37.62120056152344,3.6095926761627197,1.7732902765274048,0,17.203102111816406,0,38.195396423339844,0.05749192088842392,0.09030381590127945,0.27577248215675354,0.3852100968360901,0.06903684139251709,7.2259345054626465,38.195396423339844,7.031673908233643,602.56787109375,bowl
ASC224,Chilli paneer,asc_manual,3199.660888671875,777.5137329101562,3.3070476055145264,2.1021547317504883,84.01101684570312,1.503921627998352,0.5005616545677185,10750.478515625,17529.384765625,52208.83203125,0.33683642745018005,42.90443801879883,38.6172981262207,8.814303398132324,89.04096984863281,54.24919128417969,0.3553999960422516,0.05086684972047806,2.309741735458374,0.010694202966988087,0.05867522209882736,0.012462948448956013,0.3206162452697754,0.8757746815681458,40.54001998901367,0.4156091511249542,0,8.619635581970215,0,9.667752265930176,0.018788903951644897,0.022156763821840286,0.17531730234622955,0.07909289747476578,0.021029876545071602,1.8680801391601562,9.667752265930176,1.6400389671325684,1217.7545166015625,bowl
ASC225,Paneer makhana korma,asc_manual,3194.044677734375,775.816162109375,4.631985187530518,3.242100477218628,82.75785827636719,1.8411284685134888,0.2097858339548111,11231.2470703125,17613.40625,50403.81640625,1.5848435163497925,72.89291381835938,81.40260314941406,20.505701065063477,77.00662994384766,95.39456176757812,0.5533690452575684,0.09221581369638443,3.7644481658935547,0.013214168138802052,0.15647445619106293,0.027512356638908386,0.5037561655044556,6.774299621582031,38.98274230957031,0.20532125234603882,0,6.300939083099365,0,15.52819538116455,0.05001647397875786,0.024085666984319687,0.13058483600616455,0.12603789567947388,0.035140033811330795,2.534621238708496,15.52819538116455,0.10583195835351944,89.58447265625,bowl
ASC226,Kadhai Paneer,asc_manual,449.91455078125,107.99248504638672,7.340911388397217,4.332953453063965,6.807462692260742,5.538896560668945,2.0674757957458496,1950.5150146484375,1574.9793701171875,2863.853759765625,0,91.5273208618164,80.68019104003906,22.39974594116211,144.33041381835938,290.80609130859375,0.6450567245483398,0.11941438913345337,3.873528242111206,0.020830761641263962,0.23379310965538025,0.011001791805028915,0.6594797968864441,0,2.8428797721862793,4.081479549407959,0,12.01425838470459,0,36.813720703125,0.15573349595069885,0.046238645911216736,0.7984607219696045,0.2517879605293274,0.1158413216471672,5.524291038513184,36.813720703125,26.978246688842773,2379.68408203125,bowl
ASC227,Roghan josh,asc_manual,582.6939697265625,139.58607482910156,4.928968906402588,9.558643341064453,9.021520614624023,2.6610727310180664,2.0765023231506348,622.6768798828125,707.0484008789062,1802.96142578125,1.3982458114624023,112.3263931274414,106.86953735351562,20.99544906616211,204.31137084960938,294.0424499511719,1.7671958208084106,0.07703486829996109,0.7792186737060547,0.005228422582149506,0.706001877784729,0.1080462709069252,0.29927757382392883,3.559170961380005,1.3467650413513184,2.760319471359253,0,13.334059715270996,0,15.396498680114746,0.11482564359903336,0.1183534562587738,3.2163565158843994,0.1877496838569641,0.07048048824071884,1.1754827499389648,15.396498680114746,5.260047912597656,2383.1650390625,bowl
ASC228,Spinach mutton (Palak mutton),asc_manual,335.4284973144531,80.32388305664062,3.4480481147766113,5.742547035217285,4.710127353668213,1.4156906604766846,2.232619285583496,396.5102844238281,365.3793029785156,1027.277099609375,0.6789983510971069,96.87589263916016,68.66068267822266,54.93227767944336,121.10250091552734,464.28460693359375,2.375621795654297,0.12485545873641968,1.453474998474121,0.01694195531308651,0.9189594984054565,0.05411411449313164,0.3819520175457001,1.7283594608306885,1.3175654411315918,1.4741734266281128,0,173.65274047851562,0,80.52041625976562,0.1380629986524582,0.10891257226467133,1.7316358089447021,0.20433901250362396,0.11138474196195602,2.700408935546875,80.52041625976562,18.130128860473633,6071.27587890625,bowl
ASC229,Pea keema curry (Matar keema ki sabzi),asc_manual,553.14794921875,133.0029754638672,6.240138053894043,8.433099746704102,8.137558937072754,1.8179516792297363,2.9595608711242676,2401.2001953125,2411.699951171875,2748.26708984375,22.874675750732422,35.604713439941406,89.75105285644531,27.285594940185547,148.37612915039062,252.62734985351562,1.3503838777542114,0.12243521213531494,1.2411787509918213,0.0023538959212601185,0.5375767350196838,0.030538346618413925,1.4834284782409668,2.675740957260132,2.1037986278533936,5.8751540184021,0,19.99468231201172,0,24.76119041442871,0.13214291632175446,0.0824802964925766,1.947378396987915,0.5702242255210876,0.15651775896549225,2.4772260189056396,24.76119041442871,16.177541732788086,1356.009033203125,bowl
ASC230,Keema kofta curry,asc_manual,643.3822631835938,154.45361328125,5.644655227661133,9.769634246826172,10.388391494750977,2.1375985145568848,1.5072987079620361,3273.04052734375,3229.654296875,2994.872802734375,57.79236602783203,49.8857536315918,118.72000885009766,22.065744400024414,311.51080322265625,251.55941772460938,1.2537237405776978,0.08454503864049911,4.444070816040039,0.0022702219430357218,0.4108521342277527,0.04144231230020523,1.6483685970306396,19.40528678894043,2.2666754722595215,2.278376579284668,0.06352471560239792,8.1254301071167,1.1048762798309326,15.98078727722168,0.08443856239318848,0.12256397306919098,2.108120918273926,0.602912187576294,0.15020570158958435,3.0356497764587402,15.98078727722168,5.868860721588135,1054.5692138671875,kofta
ASC231,Kashmiri mutton koftas (Gushtaba),asc_manual,405.60247802734375,97.42452239990234,3.0412137508392334,6.334486961364746,6.767289161682129,2.1251871585845947,0.624586820602417,2896.493408203125,2194.366943359375,1102.67578125,25.30712890625,52.5341682434082,86.43170928955078,15.87501049041748,130.11126708984375,171.55044555664062,0.8485651016235352,0.04984952136874199,0.9492722749710083,0.0010706356260925531,0.40398404002189636,0.01578817516565323,1.143318772315979,18.0511474609375,0.7910944819450378,0.3236411511898041,0,1.14456045627594,0,7.388232707977295,0.05072444677352905,0.09696735441684723,1.4119890928268433,0.3640572428703308,0.08599621802568436,1.318164587020874,7.388232707977295,1.0594524145126343,49.87953186035156,gushtaba
ASC232,Mutton yakhni,asc_manual,434.62158203125,104.12504577636719,0.8425586819648743,8.272323608398438,7.70028018951416,0.1253284513950348,0.6720439195632935,239.48094177246094,472.1473083496094,1137.7083740234375,0,88.60865783691406,72.01225280761719,8.538444519042969,101.01701354980469,154.3021697998047,1.6593797206878662,0.022907603532075882,0.12089166790246964,0.0012319621164351702,0.7136657238006592,0.024122335016727448,0.10284298658370972,0,0.8602842688560486,0.43527892231941223,0,1.4118242263793945,0,2.805298328399658,0.08694379031658173,0.06675855815410614,3.065905809402466,0.010898126289248466,0.006978246849030256,0.03874650225043297,2.805298328399658,0.038768038153648376,19.191255569458008,bowl
ASC233,Chicken yakhni,asc_manual,413.2770080566406,99.0019760131836,0.7757287621498108,10.658814430236816,6.098036766052246,0.11538766324520111,0.6187388300895691,608.8261108398438,906.3215942382812,1222.125732421875,29.29208755493164,28.23596954345703,91.52348327636719,17.474519729614258,97.38290405273438,175.3767547607422,0.9312909245491028,0.14958555996418,8.944140434265137,0.0011342454236000776,0.6665774583816528,0.02220900170505047,0.46589329838752747,3.31231427192688,0.9300614595413208,0.40075352787971497,0.6567519307136536,1.2998414039611816,13.230220794677734,5.251040935516357,0.05625222995877266,0.034495338797569275,3.961729049682617,0.5573269724845886,0.2586555480957031,1.9916518926620483,5.251040935516357,0.03569303825497627,14.09974193572998,bowl
ASC234,Mutton do piaza,asc_manual,762.276123046875,183.30474853515625,4.136778354644775,9.38663387298584,14.41110897064209,2.904559373855591,1.9265577793121338,5648.9365234375,2965.96044921875,673.4187622070312,77.85942077636719,118.61412811279297,120.409423828125,18.38344955444336,118.61749267578125,240.91868591308594,1.6347720623016357,0.06838145852088928,6.755584716796875,0.0023183890152722597,0.5188297629356384,0.0191489364951849,0.5031687021255493,110.9696044921875,0.7481839060783386,0.47648176550865173,0.12765957415103912,4.7948479652404785,2.220364570617676,20.455896377563477,0.09226443618535995,0.1325227916240692,2.2803494930267334,0.40692248940467834,0.08061550557613373,3.9287993907928467,20.455896377563477,2.2539892196655273,357.2655029296875,bowl
ASC236,Mutton chops,asc_manual,2732.119384765625,663.6375122070312,1.479083776473999,4.02982759475708,71.31482696533203,0.4167155623435974,0.17231284081935883,8390.57421875,14216.6943359375,43506.75390625,13.32103443145752,36.177738189697266,39.64966583251953,2.3205201625823975,51.03349304199219,70.55713653564453,0.6358502507209778,0.016242796555161476,1.6722323894500732,0.0001301500160479918,0.03517453745007515,0.0002860125678125769,0.09078367054462433,7.679437160491943,33.84540939331055,0.03870793804526329,0.030031317844986916,4.619765758514404,0.5223304033279419,4.769418716430664,0.041152630001306534,0.03985556215047836,1.2280055284500122,0.07789809256792068,0.016833268105983734,0.7745304107666016,4.769418716430664,1.0722254514694214,23.11438751220703,chop
ASC237,Shammi kebab,asc_manual,2822.973876953125,685.6908569335938,3.53739333152771,4.516568660736084,72.60784912109375,0.3147924244403839,1.049996018409729,9453.58984375,15312.341796875,44621.43359375,24.604646682739258,13.113215446472168,53.079898834228516,11.031270027160645,54.274166107177734,110.91696166992188,0.7452214360237122,0.06849714368581772,4.175316333770752,0.0006849729106761515,0.21429698169231415,0.01182775292545557,0.7544904351234436,7.958179473876953,34.59783172607422,0.21429507434368134,0.030664542689919472,5.331627368927002,0.533344030380249,12.000645637512207,0.042750317603349686,0.04385059326887131,0.8486348986625671,0.2727183401584625,0.05464860051870346,1.0942482948303223,12.000645637512207,0.9580143094062805,73.57283782958984,kabab
ASC238,Scotch egg,asc_manual,2786.454345703125,676.8924560546875,1.907884120941162,4.051231384277344,72.62322998046875,0.2955474555492401,0.3577994108200073,9440.1416015625,15346.3623046875,44593.109375,48.59032440185547,15.030348777770996,48.31052017211914,6.8045454025268555,90.67403411865234,72.33882904052734,0.5974989533424377,0.0372164212167263,4.858378887176514,0.0003959498426411301,0.12711583077907562,0.0070082200691103935,0.5721558928489685,22.433605194091797,34.708370208740234,0.13451912999153137,0.0919828861951828,6.0337138175964355,1.5998451709747314,8.943044662475586,0.03111051209270954,0.04800192639231682,0.6158944964408875,0.2878105342388153,0.053979210555553436,2.3878846168518066,8.943044662475586,0.7565628886222839,82.20230102539062,piece
ASC239,Shepherd's pie (with minced meat),asc_manual,593.8494262695312,142.7765350341797,8.057974815368652,7.448980808258057,8.878308296203613,1.6986808776855469,1.0464756488800049,4273.4921875,2828.225830078125,1052.16259765625,33.31245803833008,21.297134399414062,92.81278991699219,20.37175178527832,197.24722290039062,357.8807373046875,0.8431112766265869,0.08203864097595215,1.0840306282043457,0.0015109926462173462,0.09853430837392807,0.006395736243575811,1.352858066558838,36.13058090209961,0.6973284482955933,0.19032645225524902,0,1.8943371772766113,0,11.213117599487305,0.08731512725353241,0.07663557678461075,2.099433660507202,0.5163224339485168,0.123244509100914,1.6950633525848389,11.213117599487305,10.311125755310059,139.25582885742188,dish
ASC240,Chicken curry,asc_manual,538.9600830078125,129.22390747070312,3.378472328186035,11.794968605041504,7.5691046714782715,1.7907694578170776,1.4060683250427246,821.0840454101562,1119.9710693359375,2005.9151611328125,31.254411697387695,27.289676666259766,107.80882263183594,21.893064498901367,108.00471496582031,253.48512268066406,0.868752658367157,0.1851971447467804,9.557939529418945,0.002567006042227149,0.4219350516796112,0.04900675639510155,0.55867600440979,4.073812484741211,1.5620994567871094,2.9003055095672607,0.6957749128341675,8.571322441101074,14.016335487365723,15.607994079589844,0.07327114790678024,0.04657961055636406,4.283053398132324,0.7050862312316895,0.31801754236221313,2.94610857963562,15.607994079589844,6.771995544433594,1284.1903076171875,bowl
ASC241,Tandoori chicken,asc_manual,607.173095703125,145.19863891601562,2.3364603519439697,16.263874053955078,7.933260917663574,1.5838992595672607,0.5048695206642151,990.2442626953125,1050.4627685546875,1025.3193359375,44.246253967285156,44.32575225830078,154.07064819335938,22.01767349243164,158.00155639648438,287.20947265625,0.8996210694313049,0.20748750865459442,13.239648818969727,0.000839394808281213,0.1690213680267334,0.020266517996788025,0.7097085118293762,8.717379570007324,0.7713409066200256,0.19857440888881683,0.9578012228012085,1.566185474395752,19.294836044311523,12.682229042053223,0.08645197004079819,0.08646169304847717,5.704370975494385,0.9096460342407227,0.40663936734199524,3.4191503524780273,12.682229042053223,2.743903398513794,69.37057495117188,chicken
ASC242,Butter chicken,asc_manual,571.177978515625,137.00289916992188,3.7448949813842773,10.924116134643555,8.699542045593262,2.3704187870025635,1.3239551782608032,3047.653564453125,1620.5123291015625,424.98333740234375,39.25528335571289,25.27956771850586,102.51565551757812,23.269739151000977,26.21172332763672,319.5255432128906,0.9223796725273132,0.19754183292388916,8.606575012207031,0.002013589721173048,0.26611945033073425,0.011446013115346432,0.5130415558815002,48.97803497314453,0.8241641521453857,3.5815351009368896,0.6268054842948914,9.53042984008789,12.626951217651367,14.842944145202637,0.136478990316391,0.0548093244433403,4.132923603057861,0.6246438026428223,0.30069366097450256,2.991544008255005,14.842944145202637,11.862332344055176,1884.15771484375,large piece
ASC243,Chicken kebab,asc_manual,3001.14306640625,729.4060668945312,1.113486647605896,3.707453489303589,78.8861312866211,0.23725585639476776,0.21231235563755035,9436.357421875,16046.7353515625,49118.1796875,9.935431480407715,3.457122564315796,31.706859588623047,5.237247943878174,69.7614517211914,62.6715087890625,0.2776876389980316,0.05944713577628136,3.0161337852478027,0.00038054882315918803,0.08191283047199249,0.005972558632493019,0.15322436392307281,1.1234866380691528,38.19118881225586,0.1582445502281189,0.22276028990745544,5.522598743438721,4.487489700317383,3.0912792682647705,0.019717514514923096,0.011638417840003967,1.32608962059021,0.20817190408706665,0.09431799501180649,0.776186466217041,3.0912792682647705,0.33101293444633484,11.323406219482422,kabab
ASC244,Chilli chicken,asc_manual,823.96630859375,198.8343048095703,2.859405279159546,9.572081565856934,16.562744140625,0.9303923845291138,0.9930559396743774,1902.341064453125,3048.34033203125,8403.861328125,23.86768913269043,12.974178314208984,84.3507080078125,16.47649574279785,223.74600219726562,207.3008575439453,0.6558838486671448,0.13812755048274994,8.2033052444458,0.003149656346067786,0.16998758912086487,0.013701463118195534,0.3910963535308838,2.69892954826355,6.50364875793457,1.532153606414795,0.5812780857086182,6.1310882568359375,10.780207633972168,13.325358390808105,0.05325164273381233,0.044006772339344025,3.339860439300537,0.6127214431762695,0.2536376118659973,2.976776361465454,13.325358390808105,14.268070220947266,312.17138671875,bowl
ASC245,Fried chicken with tomato sauce (Fried chicken tamatar ki chutney kay saath),asc_manual,521.4828491210938,125.03194427490234,2.506707191467285,11.478141784667969,7.610383987426758,1.1560808420181274,1.1332929134368896,881.2178344726562,1099.942138671875,1993.1976318359375,31.085859298706055,16.08531379699707,101.90634155273438,17.771394729614258,107.563232421875,242.33837890625,0.6381010413169861,0.16643434762954712,9.424808502197266,0.0018404040019959211,0.08636363595724106,0.010303030721843243,0.4851919412612915,3.5151515007019043,1.5947071313858032,3.794485092163086,0.6969696879386902,11.018566131591797,14.040404319763184,14.071818351745605,0.07032322883605957,0.0410505048930645,4.2718987464904785,0.6846666932106018,0.3105858564376831,2.6899797916412354,14.071818351745605,8.70830249786377,2774.01904296875,piece
ASC246,Fish curry (Machli curry),asc_manual,461.6222229003906,111.1279067993164,3.7737722396850586,8.761919975280762,6.691418170928955,2.0156424045562744,1.885729432106018,1587.2919921875,2191.97314453125,3792.814208984375,19.22274398803711,52.060821533203125,101.87117004394531,24.1091365814209,184.7136688232422,241.98109436035156,1.0903570652008057,0.07589714974164963,20.6397705078125,0.0058903018943965435,0.7000413537025452,0.07717446982860565,0.5272819399833679,2.6262943744659424,3.63997483253479,3.0013301372528076,0.33074772357940674,8.350409507751465,0.4055596888065338,15.92825698852539,0.026980744674801826,0.04019293561577797,1.164414644241333,0.6068169474601746,0.1519726663827896,0.8971606492996216,15.92825698852539,8.8501615524292,1231.95947265625,bowl
ASC247,Fried fish (Indian style) (Tali hui machli),asc_manual,2711.37646484375,658.5440673828125,5.4047698974609375,4.345427989959717,68.8800048828125,0.39503180980682373,0.6069307327270508,8336.4248046875,14107.740234375,43531.63671875,6.5742573738098145,11.113790512084961,46.89975357055664,10.226414680480957,156.93601989746094,75.4890365600586,0.5587058067321777,0.045958273112773895,9.264497756958008,0.001821074984036386,0.10293493419885635,0.00311173964291811,0.2043847292661667,2.311173915863037,33.90345764160156,0.259317547082901,0.0311173964291811,4.943634986877441,0.7425742745399475,9.955286026000977,0.03486916422843933,0.02577086351811886,0.5092645287513733,0.27615275979042053,0.04121287167072296,1.2151343822479248,9.955286026000977,2.04384708404541,41.26235580444336,piece
ASC248,Fried fish and Chips (English Style) (Tali hui machli aur chips),asc_manual,2682.09326171875,651.7488403320312,2.770275831222534,3.3602795600891113,69.69393920898438,0.16884270310401917,0.28517377376556396,8701.072265625,14320.396484375,43724.44140625,12.513077735900879,6.562164306640625,40.200645446777344,8.051199913024902,72.73255157470703,90.72447204589844,0.2617413103580475,0.028828376904129982,5.0839338302612305,0.001926191383972764,0.036374058574438095,0.0065926192328333855,0.14728771150112152,7.891078472137451,34.08035659790039,0.4675599932670593,0.1024722307920456,5.389824390411377,0.40361878275871277,4.536574840545654,0.018964529037475586,0.011526334099471569,0.32723039388656616,0.23177355527877808,0.03566822037100792,0.4655607342720032,4.536574840545654,3.175779342651367,202.618408203125,fillet
ASC249,Tomato fish,asc_manual,2015.878662109375,489.78814697265625,3.17728853225708,2.3944642543792725,51.9081916809082,1.3504489660263062,0.7157089114189148,6631.00244140625,10659.6845703125,32431.607421875,5.173928260803223,6.460536003112793,31.483537673950195,9.638017654418945,91.4678726196289,115.54175567626953,0.23736633360385895,0.03643393516540527,3.1143698692321777,0.00229091988876462,0.07354292273521423,0.0039259037002921104,0.13493238389492035,7.090388774871826,25.289777755737305,2.5599303245544434,0.06302108615636826,9.558480262756348,0.10228012502193451,7.94262170791626,0.02177295833826065,0.010547559708356857,0.3541058599948883,0.20699183642864227,0.04924880713224411,0.5509198904037476,7.94262170791626,7.75774621963501,1270.903076171875,bowl
ASC250,Baked fish with cheese sauce,asc_manual,475.3187255859375,113.96247100830078,4.064233303070068,8.636777877807617,7.021681785583496,3.216883420944214,0.07612720876932144,4187.38232421875,1786.802490234375,454.5703125,21.36819839477539,115.64240264892578,170.771728515625,16.83982276916504,209.47509765625,158.5144805908203,0.2590600848197937,0.03578091785311699,9.24824047088623,0.005520141217857599,0.031413428485393524,0.01017667818814516,0.5381484031677246,43.898231506347656,0.5531377792358398,0.10763958096504211,0.17243815958499908,0.49088340997695923,0.27985864877700806,8.300727844238281,0.03849469870328903,0.090784452855587,0.4567137658596039,0.5632508993148804,0.06801412999629974,1.529667854309082,8.300727844238281,2.8183743953704834,136.29681396484375,bowl
ASC251,Fish tikka,asc_manual,489.07745361328125,117.33052825927734,3.9073238372802734,15.997218132019043,4.149013996124268,1.1809154748916626,1.1778521537780762,807.1952514648438,800.2422485351562,2221.321044921875,32.73239517211914,31.984859466552734,178.14260864257812,35.49911880493164,503.43682861328125,296.4260559082031,1.409824013710022,0.1252816915512085,45.21141052246094,0.008999999612569809,0.22802816331386566,0.02464788779616356,0.6253873109817505,11.507041931152344,1.9123942852020264,0.4461619555950165,0.15492957830429077,2.742957830429077,3.697183132171631,13.024894714355469,0.06915493309497833,0.09000000357627869,2.05686616897583,1.0766197443008423,0.13552816212177277,4.628380298614502,13.024894714355469,2.5401408672332764,160.26319885253906,piece
ASC252,Tandoori fish,asc_manual,400.9658508300781,95.9795150756836,2.374371290206909,11.191893577575684,4.642070770263672,1.6037614345550537,0.5800588726997375,1838.97705078125,952.48291015625,1468.22314453125,23.413591384887695,37.272525787353516,138.5438232421875,24.801122665405273,123.94243621826172,226.36436462402344,0.4608560800552368,0.045093633234500885,16.080930709838867,0.006734082475304604,0.1354253590106964,0.006206527352333069,0.42894062399864197,19.213483810424805,1.4253398180007935,1.4077688455581665,0.3263777494430542,3.5881755352020264,0.5296949744224548,11.790668487548828,0.04652755334973335,0.052306048572063446,0.8760567307472229,0.7108935713768005,0.11031567305326462,0.564612090587616,11.790668487548828,8.416292190551758,658.1644897460938,piece
ASC253,"Paneer, apple and pineapple salad",asc_manual,397.41900634765625,95.08026885986328,8.348224639892578,3.8840737342834473,5.067788600921631,6.363084316253662,1.647458791732788,2554.725830078125,1275.3131103515625,895.3687744140625,6.517943859100342,103.04783630371094,86.94471740722656,22.731367111206055,176.63133239746094,185.05392456054688,0.8402618765830994,0.0872550904750824,4.113550186157227,0.019815713167190552,0.3202812969684601,0.3363724648952484,0.6145684123039246,31.243452072143555,0.21761396527290344,1.675315260887146,0,21.04768180847168,0,26.044160842895508,0.04337536171078682,0.08508244156837463,0.2009117305278778,0.26164889335632324,0.08733268827199936,4.2034430503845215,26.044160842895508,9.814083099365234,2073.10498046875,bowl
ASC254,Russian salad,asc_manual,476.7077331542969,114.8276596069336,6.499463081359863,4.262938499450684,7.836682319641113,1.6575355529785156,2.5697314739227295,1490.3062744140625,4045.248291015625,1726.662841796875,64.49288940429688,34.923316955566406,64.30995178222656,24.518831253051758,101.09191131591797,254.54344177246094,1.226982593536377,0.10131121426820755,7.637535572052002,0.005055292509496212,0.32319116592407227,0.014218009077012539,0.5697630643844604,50.61611557006836,1.9424327611923218,2.358135938644409,0.13270141184329987,24.006603240966797,2.3080568313598633,32.96183395385742,0.08249605447053909,0.07546603679656982,0.5042969584465027,0.4985940158367157,0.1469668298959732,4.927961826324463,32.96183395385742,15.658073425292969,2270.964599609375,bowl
ASC255,Pasta salad,asc_manual,792.5399780273438,190.3612060546875,12.696222305297852,4.153348922729492,13.917381286621094,2.595365047454834,0.9554808735847473,2680.755615234375,7319.92529296875,3098.984130859375,12.704519271850586,66.74185180664062,74.80695343017578,20.160232543945312,152.30845642089844,162.15921020507812,0.8140672445297241,0.08073001354932785,5.450173854827881,0.015256083570420742,0.19184240698814392,0.006952491123229265,0.5688064694404602,33.48783493041992,3.3242411613464355,1.9127925634384155,0,16.943546295166016,0,26.207046508789062,0.052885282784700394,0.05957126244902611,0.7054924368858337,0.32354578375816345,0.0919119343161583,3.6860718727111816,26.207046508789062,17.97578239440918,2034.8238525390625,bowl
ASC256,Deviled egg,asc_manual,409.477294921875,98.55766296386719,2.2294209003448486,4.967010974884033,7.715618133544922,0.8237871527671814,1.1514867544174194,1331.6951904296875,3958.76318359375,1711.9185791015625,118.13458251953125,36.839500427246094,76.9570541381836,21.302160263061523,117.28939056396484,185.40689086914062,1.5092332363128662,0.08281689882278442,14.368043899536133,0.007179968990385532,0.1735837310552597,0.021283255890011787,0.5851330161094666,66.85446166992188,1.9321752786636353,3.817652463912964,0.26291078329086304,35.479434967041016,4.572769641876221,30.293865203857422,0.04676056280732155,0.09937401860952377,0.2499217540025711,0.5616901516914368,0.1062597781419754,6.767167568206787,30.293865203857422,11.529703140258789,4136.36669921875,egg
ASC257,Hawain salad,asc_manual,733.881591796875,175.2334442138672,14.351881980895996,4.268974781036377,11.366477966308594,5.242573261260986,3.9338231086730957,6350.9541015625,2596.896484375,469.2003173828125,4.235520839691162,61.027706146240234,72.05964660644531,27.74441909790039,64.91674041748047,204.63902282714844,1.1186811923980713,0.15571314096450806,3.826035499572754,0.012161077931523323,0.5215209126472473,0.01463179849088192,0.6451115012168884,22.40975570678711,0.722682535648346,1.9683619737625122,0,25.043067932128906,0,31.732572555541992,0.07516445219516754,0.061658911406993866,0.5516701340675354,0.30856409668922424,0.12370286881923676,3.210845470428467,31.732572555541992,13.28331184387207,2220.592529296875,bowl
ASC258,Mixed pulse and vegetable salad,asc_manual,349.2295837402344,83.11799621582031,13.961459159851074,4.735941410064697,0.8368490934371948,1.3594567775726318,2.9610753059387207,137.11941528320312,120.55675506591797,442.3629455566406,0,51.62807083129883,93.2432861328125,49.994712829589844,127.77945709228516,442.6478271484375,2.1267154216766357,0.2329360842704773,4.048743724822998,0.010159781202673912,0.5161405801773071,0.058851223438978195,0.7800782322883606,0,0.3061346709728241,2.765794038772583,0,32.483055114746094,0,62.139347076416016,0.09781250357627869,0.07033427804708481,0.7230979204177856,0.5098422765731812,0.13494645059108734,1.613197922706604,62.139347076416016,14.018461227416992,2388.84912109375,bowl
ASC259,Sprouted moong salad ,asc_manual,158.6527557373047,37.80807113647461,5.483361721038818,2.28932523727417,0.738871157169342,2.1341841220855713,0.9467975497245789,354.6885986328125,160.54925537109375,165.36441040039062,1.6196318864822388,54.55671310424805,55.089080810546875,22.91759490966797,116.3757553100586,254.1754608154297,1.4545644521713257,0.06380368024110794,1.729632019996643,0.005531288683414459,0.176760733127594,0.01766871102154255,0.3903803527355194,4.12269926071167,0.0525030680000782,1.8248834609985352,0,25.530258178710938,0,24.423030853271484,0.059214722365140915,0.07898159325122833,0.4190061390399933,0.2380613535642624,0.09009815752506256,1.2528711557388306,24.423030853271484,13.665178298950195,2753.7705078125,bowl
ASC260,Tossed salad,asc_manual,261.0322570800781,62.958805084228516,4.951407432556152,1.024545431137085,4.218504428863525,1.556627631187439,2.1481525897979736,630.6561279296875,2940.797119140625,449.8929748535156,0,32.37120056152344,29.21202278137207,17.76263999938965,77.50202178955078,232.98240661621094,0.8605278730392456,0.055043987929821014,0.958592414855957,0.006627566181123257,0.16205279529094696,0.00821114331483841,0.2327859252691269,0,0.24803519248962402,1.0653958320617676,0,29.226802825927734,0,29.229089736938477,0.035659823566675186,0.03338709846138954,0.30941349267959595,0.14598239958286285,0.0861876830458641,2.0980937480926514,29.229089736938477,25.132492065429688,2432.118896484375,bowl
ASC261,Mixed vegetable salad with curd sauce,asc_manual,252.11953735351562,60.28056716918945,7.034287452697754,4.229650020599365,1.500777006149292,2.157872438430786,3.785794496536255,880.4195556640625,364.9600830078125,160.5454864501953,4.085042953491211,65.51189422607422,67.79161834716797,32.93682861328125,116.65604400634766,267.24176025390625,1.3463419675827026,0.1267198920249939,1.9094791412353516,0.005776390433311462,0.3102896809577942,0.030173614621162415,0.6730382442474365,17.407854080200195,0.15170782804489136,5.013850688934326,0,36.95158767700195,0,40.077964782714844,0.12554684281349182,0.08581468462944031,0.6584175229072571,0.42292916774749756,0.1752975583076477,3.318039655685425,40.077964782714844,17.516603469848633,3408.864013671875,bowl
ASC262,Potato salad (Aloo ka salaad),asc_manual,374.93218994140625,89.90807342529297,11.18877124786377,1.3974575996398926,4.396949291229248,3.939279556274414,1.3211016654968262,572.7822265625,1642.0885009765625,1890.559326171875,0,25.61457633972168,38.46707534790039,21.312881469726562,125.01068115234375,347.44915771484375,0.9945762753486633,0.0836440697312355,1.1660593748092651,0.005300847347825766,0.17389830946922302,0.008898304775357246,0.29661017656326294,0,1.1646610498428345,0.25529661774635315,0,20.377626419067383,0,22.33741569519043,0.045254237949848175,0.025677965953946114,0.6054660677909851,0.24152542650699615,0.087711863219738,1.5575847625732422,22.33741569519043,24.906482696533203,1542.1356201171875,bowl
ASC263,Waldroff salad,asc_manual,588.941162109375,141.75323486328125,11.019432067871094,1.4740771055221558,10.051034927368164,8.230547904968262,1.8653548955917358,2201.576904296875,3984.380615234375,3304.795166015625,9.870182991027832,29.293874740600586,37.09777069091797,19.233793258666992,13.418539047241211,192.8640899658203,1.066409707069397,0.1219472587108612,1.1910345554351807,0.006713996175676584,0.248559832572937,0.3565922975540161,0.2975253462791443,29.026369094848633,1.6701420545578003,2.7002029418945312,0,14.229898452758789,0,16.476917266845703,0.0493914820253849,0.041115619242191315,0.26563894748687744,0.13849897682666779,0.09470587968826294,1.0685597658157349,16.476917266845703,8.692049026489258,953.5821533203125,bowl
ASC264,Coleslaw,asc_manual,318.36065673828125,76.7125244140625,5.590819835662842,1.2383606433868408,5.3203277587890625,3.6242623329162598,2.3380327224731445,1160.7652587890625,2611.75244140625,1217.259033203125,6.419672012329102,37.001312255859375,32.26426315307617,13.134098052978516,29.87016487121582,207.70492553710938,0.6314753890037537,0.049508195370435715,0.3616393506526947,0.003311475506052375,0.15639343857765198,0.5586885213851929,0.2209836095571518,22.918033599853516,1.22295081615448,0.7393442988395691,0,28.90328025817871,0,27.530820846557617,0.0354098342359066,0.043934423476457596,0.2521311342716217,0.2027868926525116,0.09688524901866913,1.1059015989303589,27.530820846557617,15.07245922088623,3281.212890625,bowl
ASC265,Fruit salad (Phalon ka salaad),asc_manual,328.7023010253906,78.13645935058594,15.960444450378418,0.9142269492149353,1.2166118621826172,9.782730102539062,1.5767269134521484,684.5427856445312,271.8462219238281,165.13717651367188,2.713815689086914,25.93231964111328,23.114227294921875,17.558059692382812,7.106660842895508,178.27137756347656,0.8057565689086914,0.07131578773260117,1.1858552694320679,0.009777960367500782,0.2720394730567932,0.2805921137332916,0.17837171256542206,14.358552932739258,0.12333881855010986,1.114802598953247,0,19.714801788330078,0,14.933305740356445,0.03705592080950737,0.042730264365673065,0.1917763203382492,0.14129933714866638,0.11159539222717285,1.4057565927505493,14.933305740356445,17.252138137817383,1660.974365234375,bowl
ASC269,Tomato onion raita (Tamatar aur pyaaz ka raita),asc_manual,248.26414489746094,59.00474166870117,7.080774307250977,3.735541582107544,1.8423898220062256,5.976607799530029,0.9748601317405701,1103.2786865234375,475.87451171875,125.37547302246094,6.191253662109375,120.61609649658203,106.97315216064453,18.224977493286133,165.2069854736328,237.7327117919922,0.25594642758369446,0.03532110154628754,1.200273036956787,0.0014906850410625339,0.07848876714706421,0.014071030542254448,0.5026081800460815,15.759553909301758,0.09215624630451202,2.853428840637207,0,6.8512163162231445,0,19.570283889770508,0.05258512869477272,0.16097934544086456,0.3230922520160675,0.38467326760292053,0.10013002157211304,2.2305514812469482,19.570283889770508,8.466802597045898,1379.488525390625,bowl
ASC270,Peanut raita (Mungfali ka raita),asc_manual,631.239013671875,150.38760375976562,9.30008316040039,8.590476036071777,8.979681015014648,7.105762958526611,1.8900578022003174,2892.843994140625,3657.707763671875,2000.9005126953125,8.967147827148438,174.59698486328125,204.41851806640625,49.52336883544922,235.8329315185547,351.78094482421875,0.7371321320533752,0.15672536194324493,2.194525957107544,0.0014661286259070039,0.2799796164035797,0.1018994078040123,1.1106904745101929,22.82546615600586,0.7452791929244995,1.2245756387710571,0,1.181671142578125,0,29.895267486572266,0.14463846385478973,0.24334557354450226,2.055138111114502,0.5775242447853088,0.1279049515724182,2.3930227756500244,29.895267486572266,2.1141836643218994,86.33927917480469,bowl
ASC271,Sprouted moong raita ,asc_manual,256.2002258300781,60.894527435302734,6.12721061706543,4.623001575469971,2.1873152256011963,5.588943004608154,0.15886159241199493,1290.267822265625,569.5357666015625,155.69830322265625,7.205082893371582,139.436767578125,125.14586639404297,18.569671630859375,189.2017059326172,208.77035522460938,0.8621471524238586,0.008682124316692352,1.3165814876556396,0.00026102049741894007,0.04549092799425125,0.011135128326714039,0.574103593826294,18.340211868286133,0.03814370930194855,0.05383310467004776,0,0.6219663619995117,0,17.684236526489258,0.07102115452289581,0.19618262350559235,0.2626829147338867,0.41032880544662476,0.09556625783443451,1.7118759155273438,17.684236526489258,2.3537492752075195,73.59166717529297,bowl
ASC272,Bottle gourd raita (Ghiya/Lauki ka raita),asc_manual,237.20501708984375,56.30751037597656,5.760406017303467,3.9778194427490234,2.066138744354248,5.2483391761779785,0.8531695604324341,1271.089111328125,537.9447631835938,111.46564483642578,7.205082893371582,138.26431274414062,118.27156066894531,17.564233779907227,188.36984252929688,234.31564331054688,0.22678980231285095,0.021782275289297104,1.8962631225585938,0.0015710355946794152,0.05531603842973709,0.012445143423974514,0.5249780416488647,18.340211868286133,0.044693782925605774,0.2961858808994293,0,1.30972421169281,0,25.86855697631836,0.051370929926633835,0.1830824762582779,0.2102823108434677,0.5151300430297852,0.07919106632471085,2.5470104217529297,25.86855697631836,3.116832971572876,89.67864990234375,bowl
ASC273,Cucumber raita (Kheere ka raita),asc_manual,248.99514770507812,59.12535095214844,6.349913120269775,4.036769866943359,2.0759637355804443,5.218863487243652,0.8597196936607361,1278.5333251953125,540.2470703125,112.44487762451172,7.205082893371582,138.5819854736328,122.30968475341797,20.65914535522461,189.9647979736328,253.63836669921875,0.2922905683517456,0.01850723661482334,1.372257113456726,0.002226043026894331,0.038940850645303726,0.012445143423974514,0.531528115272522,18.340211868286133,0.044693782925605774,0.466487854719162,0,3.307497262954712,0,17.6318359375,0.04809589311480522,0.1830824762582779,0.2790580987930298,0.479104608297348,0.0922912135720253,2.635436534881592,17.6318359375,3.6997897624969482,114.5296401977539,bowl
ASC274,Carrot and spinach raita (Gajar aur palak ka raita),asc_manual,239.1461181640625,56.82553482055664,5.834925651550293,4.004861354827881,1.9850701093673706,4.930567264556885,1.394458293914795,1144.4134521484375,476.2637023925781,197.95384216308594,6.191253662109375,142.56521606445312,112.35447692871094,38.846073150634766,180.7912139892578,380.75067138671875,1.0363258123397827,0.06374458223581314,1.7504502534866333,0.008666911162436008,0.35850226879119873,0.01519671268761158,0.5735262036323547,15.759553909301758,0.42535823583602905,0.31079360842704773,0,94.57817840576172,0,53.756134033203125,0.08635560423135757,0.1868700534105301,0.26511961221694946,0.38917601108551025,0.120110884308815,2.84714412689209,53.756134033203125,10.856345176696777,4058.142822265625,bowl
ASC275,Mint raita (Pudinay ka raita),asc_manual,326.9713439941406,77.58534240722656,7.645182132720947,5.6378493309021,2.9639573097229004,7.484703540802002,0.3442571759223938,1836.5833740234375,783.1994018554688,138.28662109375,10.5092191696167,198.22119140625,166.1079559326172,22.49958610534668,274.378173828125,292.8343505859375,0.3701538145542145,0.014956530183553696,2.126516580581665,0.0015845036832615733,0.03883729875087738,0.03534919396042824,0.708401620388031,26.75074005126953,0.06442533433437347,0.14291296899318695,0,4.040848255157471,0,19.69860076904297,0.06098022311925888,0.26589474081993103,0.2539772689342499,0.490349680185318,0.10920129716396332,2.5391428470611572,19.69860076904297,2.80564546585083,442.5455017089844,bowl
ASC276,Potato raita (Aloo ka raita),asc_manual,316.9537048339844,75.379638671875,10.23905086517334,4.220800876617432,2.039623260498047,5.079367637634277,0.7503228187561035,1232.834228515625,524.5838012695312,132.33627319335938,6.976596832275391,132.3105926513672,124.590087890625,21.937475204467773,183.36700439453125,376.2793884277344,0.33598020672798157,0.0366303026676178,1.5364527702331543,0.0009504027548246086,0.06117270141839981,0.012050485238432884,0.5584347248077393,17.758609771728516,0.05786389485001564,0.11840362846851349,0,1.3417619466781616,0,17.14278221130371,0.061158113181591034,0.17759370803833008,0.5220003724098206,0.45376357436180115,0.10522039979696274,2.128509521484375,17.14278221130371,9.720282554626465,129.2271270751953,bowl
ASC277,Boondi raita,asc_manual,2831.040771484375,687.7191162109375,3.962462902069092,2.1937742233276367,73.82686614990234,1.8782060146331787,0.45986318588256836,9220.09765625,15189.888671875,46338.52734375,2.508551836013794,49.00265884399414,47.878753662109375,7.396427154541016,99.18282318115234,79.70999908447266,0.2382592260837555,0.020098822191357613,0.6111820340156555,9.578107710694894e-05,0.06811858713626862,0.0022805016487836838,0.22663624584674835,6.385404586791992,36.027889251708984,0.009198023937642574,0,5.208209991455078,0,11.50421142578125,0.031562142074108124,0.06956290453672409,0.1376434862613678,0.16267578303813934,0.043397948145866394,0.9131128787994385,11.50421142578125,0.23565183579921722,33.472442626953125,bowl
ASC278,Sweet raita (Meetha raita),asc_manual,418.625,99.2430191040039,17.931249618530273,3.2395832538604736,1.7791666984558105,15.359895706176758,1.019791603088379,1052.0833740234375,427.02032470703125,146.1458282470703,5.729166507720947,108.91197967529297,94.58072662353516,16.72447967529297,42.984375,233.2916717529297,0.2135416567325592,0.03229166567325592,1.1640625,0.004479167051613331,0.06927083432674408,0.43697917461395264,0.4177083373069763,14.583333015441895,0.07916666567325592,0.4114583432674408,0,1.2942708730697632,0,12.968229293823242,0.04062499850988388,0.14947916567325592,0.24427083134651184,0.3385416567325592,0.14218750596046448,1.6833332777023315,12.968229293823242,2.7098958492279053,111.19791412353516,bowl
ASC279,Dahi vadas/Dahi bhalla,asc_manual,2748.733154296875,667.726318359375,5.486240863800049,2.960587739944458,70.4029312133789,1.7752975225448608,0.9654499292373657,8800.36328125,14475.9833984375,44186.9453125,2.394775152206421,49.03323745727539,65.22957611083984,17.837677001953125,78.9994888305664,152.37155151367188,0.48743104934692383,0.056719884276390076,2.180558681488037,0.0010798258008435369,0.14096516370773315,0.012336719781160355,0.3812844753265381,6.095790863037109,34.31765365600586,0.6597968339920044,0,6.154716968536377,0,10.626291275024414,0.02941219136118889,0.0665239468216896,0.1869303286075592,0.32730770111083984,0.041545718908309937,0.645558774471283,10.626291275024414,0.332931786775589,80.59869384765625,vada
ASC280,Gunjia,asc_manual,2747.768310546875,667.341552734375,5.677238941192627,2.9820384979248047,70.276611328125,2.049084424972534,1.1347854137420654,9274.2265625,14321.0625,43565.328125,2.3605151176452637,48.16020202636719,65.46951293945312,17.83121681213379,77.89739990234375,154.15879821777344,0.4990844130516052,0.06336194276809692,2.153397798538208,0.001010014326311648,0.12603004276752472,0.013876967132091522,0.3841702342033386,6.0085835456848145,33.88152313232422,0.6159799695014954,0,5.602875709533691,0,10.905786514282227,0.02934907004237175,0.06697425246238708,0.18697425723075867,0.3242131769657135,0.041609443724155426,0.6323462128639221,10.905786514282227,0.29127323627471924,42.55436325073242,gunjia
ASC281,Saunth/Sonth chutney with tamarind/imli,asc_manual,592.158203125,141.5258026123047,33.551185607910156,1.0124576091766357,0.1537853181362152,31.3123722076416,0.9340395331382751,32.104522705078125,43.78672409057617,46.68220138549805,0,54.7401123046875,38.946327209472656,46.269775390625,244.37570190429688,267.27117919921875,2.710395574569702,0.09689265489578247,0.3008756935596466,0.012785310856997967,0.2935310900211334,0.04802259802818298,0.23387004435062408,0,0.029632767662405968,3.789830446243286,0,0.9468926787376404,0,5.608163833618164,0.061497174203395844,0.015734463930130005,0.2668643891811371,0.09211864322423935,0.21889829635620117,0.2604519724845886,5.608163833618164,0.5367231369018555,83.59321594238281,teaspoon
ASC282,Rice kheer (Chawal ki kheer),asc_manual,315.32843017578125,75.02603149414062,10.049087524414062,2.2972254753112793,2.972336530685425,8.017951011657715,0.17283688485622406,1704.004150390625,866.1834716796875,129.28785705566406,0,75.57288360595703,65.40721893310547,7.334197521209717,16.236207962036133,83.08042907714844,0.16896836459636688,0.03670763596892357,0.6533172726631165,0.0029858641792088747,0.08224526792764664,0.029169056564569473,0.2522250711917877,0,0.2119608223438263,0.06553588807582855,0,0.07522624731063843,0,4.87234354019165,0.023837601765990257,0.07101194560527802,0.12590834498405457,0.22876593470573425,0.031487371772527695,1.25730562210083,4.87234354019165,1.2624876499176025,127.08497619628906,bowl
ASC283,Makhana kheer,asc_manual,452.8545837402344,107.84941864013672,12.878679275512695,3.309985399246216,5.004436492919922,11.53996753692627,0.11479846388101578,2878.296630859375,1437.949951171875,232.52903747558594,1.7690842151641846,111.64266204833984,100.55549621582031,13.392614364624023,23.400470733642578,139.34913635253906,0.2812732458114624,0.04952644929289818,0.8994718194007874,0.004126640502363443,0.13192406296730042,0.0222933366894722,0.3438207805156708,6.630470275878906,0.3438912630081177,0.09452051669359207,0,0.05456114560365677,0,8.546422958374023,0.03977383300662041,0.1029578223824501,0.1201075091958046,0.3254658281803131,0.04881126061081886,1.8022289276123047,8.546422958374023,1.8208492994308472,195.00216674804688,bowl
ASC285,Vermicelli kheer (Semiya/Seviyan ki kheer),asc_manual,504.2794494628906,120.0692367553711,15.874359130859375,3.3546767234802246,4.997086048126221,12.791242599487305,0.4955083131790161,2855.308349609375,1450.341064453125,229.31002807617188,2.1167664527893066,104.7973861694336,90.33910369873047,10.669204711914062,22.52063751220703,116.57054138183594,0.2950742244720459,0.05239943042397499,1.4600623846054077,0.003908015321940184,0.05595577135682106,0.029256120324134827,0.3475257158279419,7.933571815490723,0.3629092574119568,0.15579013526439667,0,0.09239599108695984,0,7.009106636047363,0.032204534858465195,0.09655121713876724,0.1181073859333992,0.3183216452598572,0.03710493445396423,1.7769501209259033,7.009106636047363,1.7447291612625122,190.2727508544922,bowl
ASC286,Semolina kheer (Suji/Rava kheer),asc_manual,476.1431579589844,113.2107925415039,15.882381439208984,3.4267563819885254,4.204195022583008,12.880998611450195,0.5071865916252136,2374.727783203125,1241.538818359375,198.4486846923828,0,105.99121856689453,91.64395904541016,10.712333679199219,22.6588191986084,122.22579193115234,0.33625873923301697,0.06326954066753387,1.326920509338379,0.0038985377177596092,0.10981990396976471,0.029076075181365013,0.40478846430778503,0,0.3243110775947571,0.3732599914073944,0,0.101877361536026,0,7.6111040115356445,0.039861563593149185,0.09869114309549332,0.13909517228603363,0.33236774802207947,0.04089875519275665,1.7533155679702759,7.6111040115356445,1.7598724365234375,186.80638122558594,bowl
ASC287,Paneer kheer,asc_manual,441.91229248046875,105.30525207519531,10.0291166305542,4.527268886566162,5.372189044952393,9.86566162109375,0.06796462088823318,3119.73486328125,1567.26806640625,208.52548217773438,0,144.66281127929688,114.01554107666016,10.907795906066895,23.812915802001953,112.74829864501953,0.26425766944885254,0.04581142216920853,2.8416621685028076,0.013088967651128769,0.031979408115148544,0.016929827630519867,0.540287435054779,0,0.29102373123168945,0.025430329144001007,0,0.03964896500110626,0,14.446590423583984,0.02862626686692238,0.10483156889677048,0.0967477485537529,0.3397626578807831,0.039126213639974594,3.540118455886841,14.446590423583984,1.7483584880828857,190.4978485107422,bowl
ASC288,Cabbage kheer (Pattagobhi ki kheer),asc_manual,350.8928527832031,83.50871276855469,9.72950267791748,2.8700525760650635,3.797400951385498,9.282193183898926,0.5112251043319702,2154.547119140625,1126.50390625,181.32504272460938,0,102.74007415771484,83.03862762451172,10.993762969970703,22.66781234741211,136.0471954345703,0.2377239316701889,0.04110835865139961,0.9419577121734619,0.003923830110579729,0.053082577884197235,0.020044805482029915,0.3056848645210266,0,0.2937192916870117,0.049169909209012985,0,17.810304641723633,0,13.172293663024902,0.029419878497719765,0.09567032009363174,0.11929292976856232,0.3092697560787201,0.053155288100242615,1.7923063039779663,13.172293663024902,6.821237564086914,201.25689697265625,bowl
ASC289,Carrot kheer (Gajar ki kheer),asc_manual,358.5963439941406,85.349853515625,10.091094970703125,2.8055949211120605,3.8524258136749268,9.632781028747559,0.7344692349433899,2161.019775390625,1125.0826416015625,208.77464294433594,0,100.11931610107422,85.0682601928711,10.795673370361328,28.539762496948242,142.3357696533203,0.2770274877548218,0.04896906763315201,0.8067535161972046,0.003923830110579729,0.057799000293016434,0.020044805482029915,0.3198341429233551,0,0.3188735544681549,0.2299662083387375,0,2.929983139038086,0,9.663273811340332,0.030992021784186363,0.09252604097127914,0.11614864319562912,0.3187025785446167,0.050011005252599716,1.8064556121826172,9.663273811340332,2.5717382431030273,1632.53466796875,bowl
ASC290,Cauliflower kheer (Phoolgobhi ki kheer),asc_manual,344.1437072753906,81.95392608642578,8.782567977905273,3.037898540496826,3.9515576362609863,8.491175651550293,0.55208420753479,2254.540771484375,1140.1884765625,190.5808563232422,0,101.75132751464844,87.51673126220703,11.216842651367188,25.194534301757812,145.20411682128906,0.3034658133983612,0.0419117696583271,0.8631287813186646,0.004330519121140242,0.04994842782616615,0.016752619296312332,0.329387366771698,0,0.277669757604599,0.1869405061006546,0,1.9205583333969116,0,12.109603881835938,0.030829092487692833,0.10065171122550964,0.12203691899776459,0.36424630880355835,0.050994645804166794,1.9624099731445312,12.109603881835938,7.856083393096924,171.81288146972656,bowl
ASC291,Moong dal kheer,asc_manual,324.2302551269531,77.15716552734375,9.894006729125977,2.952488660812378,2.973688840866089,7.918551921844482,0.3951878547668457,1690.48876953125,855.0233764648438,141.54978942871094,0,75.66461944580078,76.45097351074219,11.909684181213379,16.33641242980957,123.55891418457031,0.28151369094848633,0.0642014667391777,2.4568045139312744,0.002635078737512231,0.05107120797038078,0.05204350873827934,0.3103504776954651,0,0.2150334268808365,0.0859835222363472,0,0.33538612723350525,0,7.967285633087158,0.03215178847312927,0.07311102002859116,0.12912635505199432,0.2744925320148468,0.03249463438987732,1.253894567489624,7.967285633087158,1.2481251955032349,146.932373046875,bowl
ASC292,Phirni,asc_manual,487.79815673828125,116.11735534667969,16.108293533325195,3.4872515201568604,4.344455242156982,10.78785228729248,0.35763630270957947,2375.524658203125,1344.9766845703125,234.84701538085938,0,104.5701904296875,96.29977416992188,11.530425071716309,22.47098731994629,114.50547790527344,0.22634483873844147,0.060152988880872726,0.9279657006263733,0.0038361242040991783,0.08248501271009445,0.030321825295686722,0.3916683793067932,0,0.3935263156890869,0.012315484695136547,0,0.1676245629787445,0,7.006551265716553,0.03870512172579765,0.10087933391332626,0.2702646255493164,0.33636757731437683,0.05030597373843193,1.745247721672058,7.006551265716553,1.7371057271957397,175.6016387939453,bowl
ASC293,Semolina halwa (Suji ka halwa),asc_manual,940.2266845703125,225.64776611328125,24.666362762451172,2.1644556522369385,13.381912231445312,13.975862503051758,1.8562361001968384,7412.7216796875,3906.34765625,857.2132568359375,30.823205947875977,11.76905632019043,27.64226531982422,13.076138496398926,1.2793622016906738,70.4598388671875,0.6547186970710754,0.112795390188694,1.8272660970687866,0.0019012654665857553,0.47793760895729065,0.050119031220674515,0.4209710657596588,115.52436828613281,1.2092431783676147,1.4624807834625244,0,0.3701077699661255,0,4.987276077270508,0.04917178303003311,0.011375767178833485,0.24957147240638733,0.13285428285598755,0.020682871341705322,0.13234932720661163,4.987276077270508,0.029933592304587364,279.7137451171875,bowl
ASC294,Shahi suji halwa,asc_manual,1595.0223388671875,382.3438415527344,44.43684768676758,3.48014235496521,21.725046157836914,27.208890914916992,2.9615259170532227,12035.97265625,6342.52099609375,1389.811767578125,50.050865173339844,18.63580894470215,43.894203186035156,20.881484985351562,2.184180974960327,99.82909393310547,0.9818616509437561,0.18295015394687653,2.9421465396881104,0.002765004988759756,0.7690945863723755,0.0651068165898323,0.6857070326805115,187.58900451660156,1.9633060693740845,2.351149559020996,0,0.579094648361206,0,7.584059238433838,0.07863682508468628,0.0179348923265934,0.3988097608089447,0.21290946006774902,0.031302135437726974,0.20510680973529816,7.584059238433838,0.021078331395983696,451.42083740234375,bowl
ASC295,Carrot halwa (Gajar ka halwa),asc_manual,722.3648071289062,172.64108276367188,18.53288459777832,3.1124789714813232,9.732268333435059,16.853363037109375,2.653146982192993,5410.0947265625,2812.91259765625,694.9889526367188,14.659436225891113,106.94285583496094,98.65240478515625,22.983314514160156,39.95637130737305,249.92991638183594,0.7637500762939453,0.09918538480997086,5.726873397827148,0.01729491725564003,0.23516716063022614,0.028305822983384132,0.5406203269958496,54.94308853149414,0.7161736488342285,0.9313485622406006,0,11.036553382873535,0,26.697534561157227,0.046510934829711914,0.04291520267724991,0.22442106902599335,0.26484596729278564,0.07943149656057358,3.557457208633423,26.697534561157227,3.8911349773406982,5740.7724609375,bowl
ASC296,Egg halwa (Ande ka halwa),asc_manual,1262.4656982421875,299.7441101074219,39.58943176269531,7.854403972625732,13.413471221923828,37.854820251464844,0.4875647723674774,5538.1552734375,3406.1708984375,883.4352416992188,204.93264770507812,35.77201843261719,96.90155792236328,7.932642459869385,83.0440902709961,119.02590942382812,1.4452332258224487,0.059170983731746674,21.014039993286133,0.0010880829067900777,0.20715025067329407,0.013471502810716629,0.6927979588508606,159.91709899902344,1.1445077657699585,0.22652849555015564,0.43523314595222473,0.03528497368097305,7.569948196411133,25.569169998168945,0.03170984238386154,0.09880828857421875,0.0628497377038002,0.7630569934844971,0.08367875218391418,9.476372718811035,25.569169998168945,0,187.6787567138672,bowl
ASC297,Potato halwa (Aloo ka halwa),asc_manual,637.9686279296875,151.66384887695312,29.176040649414062,1.526275634765625,3.4848556518554688,17.421436309814453,1.641784429550171,1576.7794189453125,1203.115234375,406.24957275390625,6.226272106170654,14.147284507751465,41.83168029785156,25.147260665893555,4.228940486907959,451.7298278808594,0.6301822066307068,0.1121741309762001,0.6964970827102661,0.002531004836782813,0.270913690328598,0.04049607738852501,0.3000214993953705,23.335865020751953,0.5591027736663818,0.3259136974811554,0,1.829945683479309,0,13.10853099822998,0.05069476366043091,0.01211718562990427,0.8822753429412842,0.313419371843338,0.08225259184837341,1.1230663061141968,13.10853099822998,18.33775520324707,214.7136688232422,bowl
ASC298,Pumpkin halwa (Kaddu ka halwa),asc_manual,800.8034057617188,190.2737579345703,27.604692459106445,1.326190710067749,8.809317588806152,26.635602951049805,2.9703147411346436,5136.91455078125,1800.2763671875,469.30908203125,9.520124435424805,24.341053009033203,35.097900390625,19.353864669799805,8.090763092041016,235.46426391601562,0.6297987699508667,0.14627192914485931,1.972551703453064,0.0030959753785282373,0.3122755289077759,0.056114550679922104,0.24842233955860138,35.681114196777344,1.3737139701843262,1.0820266008377075,0,54.32794189453125,0,17.992918014526367,0.025230908766388893,0.026219040155410767,0.37109649181365967,0.1427554190158844,0.06449431926012039,1.1728547811508179,17.992918014526367,5.213808059692383,1021.151611328125,bowl
ASC299,Moong dal halwa,asc_manual,1461.343017578125,349.80303955078125,40.225799560546875,8.35069751739502,17.679285049438477,25.58980941772461,2.6476988792419434,10384.384765625,4714.0517578125,972.716064453125,34.81496810913086,110.39979553222656,172.43670654296875,46.777584075927734,11.188881874084473,386.8678283691406,1.5133273601531982,0.27713701128959656,18.243793487548828,0.02030317671597004,0.4380375146865845,0.1383792906999588,1.0521092414855957,130.48538208007812,1.0414351224899292,1.0223807096481323,0,1.9081014394760132,0,36.19443893432617,0.1098165437579155,0.0461861826479435,0.5358171463012695,0.45033547282218933,0.059732675552368164,3.4201488494873047,36.19443893432617,0.026414720341563225,442.2822570800781,bowl
ASC300,Caramel custard (steamed),asc_manual,512.1982421875,121.57780456542969,15.015517234802246,4.970086097717285,4.86879301071167,14.983189582824707,0,2387.758544921875,1535.17236328125,337.5172424316406,78.87931060791016,88.11637878417969,102.43965148925781,8.217672348022461,43.568965911865234,105.29310607910156,0.5121551752090454,0.04824138060212135,9.329741477966309,0.0025862068869173527,0.011767241172492504,0,0.4901293218135834,42.67241287231445,0.4676724076271057,0,0.18103447556495667,0,3.1487069129943848,15.174569129943848,0.03237500041723251,0.11247844994068146,0.07726293057203293,0.536788821220398,0.06045689433813095,5.211206912994385,15.174569129943848,1.299569010734558,158.40516662597656,bowl
ASC301,Baked custard,asc_manual,447.46478271484375,106.52605438232422,9.453520774841309,5.413426876068115,5.303098201751709,9.418310165405273,0,2600.751220703125,1672.1126708984375,367.6244201660156,85.91548919677734,95.31925201416016,111.51173400878906,8.819249153137207,47.12675857543945,114.35680389404297,0.5446948409080505,0.044657278805971146,10.161971092224121,0.0028169015422463417,0.012816901318728924,0,0.5272769927978516,46.47887420654297,0.5093896985054016,0,0.19718308746814728,0,3.429577350616455,16.528169631958008,0.03526291251182556,0.12251173704862595,0.08415492624044418,0.5846713781356812,0.06584976613521576,5.676056385040283,16.528169631958008,1.4154930114746094,172.53521728515625,bowl
ASC302,Soft Custard (stirred),asc_manual,459.0781555175781,109.18196105957031,11.189579010009766,5.013466835021973,5.065971851348877,11.153507232666016,0,2545.771484375,1573.4669189453125,330.4368591308594,73.34669494628906,95.82364654541016,106.83486938476562,8.72504997253418,122.17153930664062,111.75350952148438,0.48845693469047546,0.044777557253837585,8.789578437805176,0.0028857714496552944,0.012144288048148155,0,0.4924248456954956,39.679359436035156,0.4613226354122162,0,0.1683366745710373,0,2.9278557300567627,14.955511093139648,0.033711422234773636,0.11781562864780426,0.08146291971206665,0.5400200486183167,0.06102605164051056,5.083767414093018,14.955511093139648,1.4501001834869385,171.34268188476562,bowl
ASC304,Chocolate ice cream,asc_manual,743.059326171875,177.7037811279297,15.408894538879395,4.468894958496094,11.245984077453613,15.32938003540039,0,6645.9296875,3241.9677734375,486.9919128417969,68.2614517211914,84.2398910522461,97.51860046386719,13.629919052124023,36.78813934326172,118.05390930175781,0.4733692705631256,0.07849595695734024,6.078166961669922,0.0015094339614734054,0.04954177886247635,0,0.4873584806919098,125.74124145507812,0.5419137477874756,0,0.11320754140615463,0.15498651564121246,1.969002604484558,11.792991638183594,0.0322398915886879,0.13543125987052917,0.10680592805147171,0.44780322909355164,0.04885714128613472,4.350943565368652,11.792991638183594,1.095417857170105,151.61724853515625,ice-cream cup
ASC305,Mango ice cream,asc_manual,525.3289184570312,125.68596649169922,11.135087966918945,3.402543783187866,7.618004322052002,11.008991241455078,0.515350878238678,4443.607421875,2141.03076171875,373.03509521484375,55.20833206176758,67.1694107055664,71.52357482910156,9.597039222717285,29.13157844543457,115.29166412353516,0.393903523683548,0.05136403441429138,5.218201637268066,0.00657894741743803,0.06574561446905136,0,0.34728071093559265,101.48026275634766,0.43146929144859314,1.0169955492019653,0.09210526198148727,1.3075658082962036,1.6019736528396606,31.197368621826172,0.03127412497997284,0.11424341797828674,0.13360744714736938,0.3695943057537079,0.0696842148900032,3.748903512954712,31.197368621826172,9.86293888092041,506.3048095703125,ice-cream cup
ASC307,Fruit Ice cream (Phalon ka Ice cream),asc_manual,717.810302734375,171.460693359375,16.051361083984375,4.373229503631592,10.380544662475586,14.029727935791016,0.3315175175666809,5380.7626953125,2147.2685546875,263.87548828125,17.120622634887695,93.34630584716797,70.27703857421875,6.733852386474609,38.78287887573242,119.98054504394531,0.36428016424179077,0.025797665119171143,0.6731517314910889,0.001867704326286912,0.006186770275235176,0,0.26303502917289734,90.58365631103516,0.24902723729610443,0,0,0,0,4.8544745445251465,0.023501945659518242,0.1105058342218399,0.06848248839378357,0.252140074968338,0.028015563264489174,1.7961089611053467,4.8544745445251465,1.2498054504394531,145.99221801757812,ice-cream cup
ASC308,Caramel ice cream,asc_manual,725.485107421875,173.52276611328125,14.805932998657227,4.313412189483643,11.152161598205566,14.523147583007812,0.08412966877222061,6418.38427734375,3295.95361328125,548.1990356445312,54.78909683227539,87.31939697265625,91.33523559570312,11.975409507751465,33.466060638427734,105.16596221923828,0.3509136140346527,0.062984898686409,4.410953044891357,0.0018832196947187185,0.03525695204734802,0.010683367028832436,0.43497881293296814,125.10591125488281,0.5183625221252441,0.049215324223041534,0.0773623138666153,0.2510545253753662,1.345551609992981,9.561906814575195,0.03510775417089462,0.12371799349784851,0.0977325513958931,0.39455610513687134,0.043559588491916656,3.4077517986297607,9.561906814575195,1.2041279077529907,168.25296020507812,ice-cream cup
ASC309,Lemon souffle,asc_manual,705.6730346679688,168.50547790527344,13.43206787109375,6.947383880615234,10.019113540649414,11.672996520996094,0,5765.421875,2873.64990234375,523.6371459960938,100.42194366455078,59.812232971191406,75.15612030029297,7.400844097137451,50.727848052978516,88.44092559814453,0.5645991563796997,0.023253165185451508,9.280590057373047,0,0.008818564936518669,0,0.4196413457393646,164.5569610595703,0.5168776512145996,0,0.17721518874168396,0,3.0822784900665283,13.54852294921875,0.02977004274725914,0.12193037569522858,0.08106540143489838,0.45450422167778015,0.05385231971740723,5.02953577041626,13.54852294921875,5.443037986755371,100.52742767333984,souffle cup
ASC310,Orange souffle,asc_manual,704.6906127929688,168.2843017578125,14.199590682983398,6.798155784606934,9.725512504577637,12.306352615356445,0.22469262778759003,5592.11962890625,2794.543212890625,502.5585021972656,97.54098510742188,59.03524398803711,73.80020904541016,8.227971076965332,49.22325897216797,101.25614166259766,0.6462090015411377,0.027663934975862503,8.903995513916016,0.0020901639945805073,0.011577868834137917,0.00040983606595546007,0.4000000059604645,159.8360595703125,0.5090163946151733,0.059221312403678894,0.17213113605976105,0.43545082211494446,2.993852376937866,15.545287132263184,0.03678278625011444,0.12028688192367554,0.11229508370161057,0.4590163826942444,0.0520491786301136,5.386885166168213,15.545287132263184,7.8508195877075195,214.64138793945312,souffle cup
ASC311,Vanilla souffle,asc_manual,786.618408203125,187.85391235351562,14.78069019317627,7.714758396148682,11.19429874420166,12.86046028137207,0,6452.9423828125,3215.034423828125,564.0183715820312,109.42528533935547,70.602294921875,86.95816040039062,7.6974711418151855,56.73057556152344,90.15862274169922,0.5775632262229919,0.02757241390645504,10.017241477966309,0.0002758620830718428,0.010827586054801941,0,0.46418389678001404,179.3103485107422,0.5783907771110535,0,0.19310344755649567,0,3.3586206436157227,14.12160873413086,0.029705746099352837,0.1390574723482132,0.07873563468456268,0.4994712769985199,0.05345287173986435,5.617011547088623,14.12160873413086,0.5983908176422119,122.68965148925781,souffle cup
ASC312,Chocolate souffle,asc_manual,792.6931762695312,189.31919860839844,14.740909576416016,7.879227161407471,11.362863540649414,12.68568229675293,0,6554.13623046875,3276.6591796875,565.7817993164062,108.18181610107422,71.54772186279297,94.95636749267578,14.673636436462402,56.06545639038086,109.25227355957031,0.7139090895652771,0.08027727156877518,9.903409004211426,0.00027272728038951755,0.010181818157434464,0,0.5527499914169312,177.27273559570312,0.5810909271240234,0,0.19090908765792847,0.020454546436667442,3.3204543590545654,14.479317665100098,0.03152500092983246,0.13807953894138336,0.10005681961774826,0.49371591210365295,0.053740907460451126,5.5531816482543945,14.479317665100098,0.591590940952301,121.84090423583984,souffle cup
ASC313,Pineapple souffle ,asc_manual,821.3589477539062,196.142578125,15.51683235168457,8.064504623413086,11.72044563293457,13.452970504760742,0,6747.0546875,3371.559326171875,597.0396118164062,117.82178497314453,67.23019409179688,86.44554138183594,7.643564701080322,59.17079162597656,88.17079162597656,0.6104455590248108,0.02728217840194702,10.715346336364746,0,0.010346534661948681,0,0.4750247597694397,193.06930541992188,0.6064356565475464,0,0.20792078971862793,0,3.6163365840911865,14.683168411254883,0.02973019704222679,0.1413242518901825,0.07778465002775192,0.512462854385376,0.05451980233192444,5.900990009307861,14.683168411254883,0.49504950642585754,117.25247192382812,souffle cup
ASC314,Apple mousse,asc_manual,447.8150634765625,106.92486572265625,12.765068054199219,4.208219051361084,4.273972511291504,10.558218955993652,1.5965752601623535,2169.315185546875,1202.8883056640625,422.7397155761719,57.671234130859375,33.76027297973633,43.77808380126953,8.406164169311523,28.785615921020508,109.32191467285156,0.47534245252609253,0.04020547866821289,6.267807960510254,0.004315068479627371,0.036232877522706985,0.2298630177974701,0.2780821919441223,66.98629760742188,0.3636986315250397,0.9000000357627869,0.11506848782300949,2.25,2.0013697147369385,9.65068531036377,0.03226027265191078,0.0586986280977726,0.1876712292432785,0.3036986291408539,0.053082190454006195,3.091780662536621,9.65068531036377,3.967808246612549,183,bowl
ASC315,Rich chocolate mousse,asc_manual,785.9358520507812,188.2603302001953,10.837054252624512,7.959429740905762,12.185083389282227,10.29738712310791,0,7000.33251953125,3583.847900390625,592.9880981445312,111.70545959472656,54.59382629394531,97.36817169189453,26.655580520629883,51.70546340942383,128.77197265625,0.9713539481163025,0.178180530667305,10.320664405822754,0,0.016460807994008064,0,0.6798574924468994,167.2779083251953,0.6300237774848938,0,0.19952493906021118,0.21947742998600006,3.470308780670166,15.030879020690918,0.030266031622886658,0.11199524998664856,0.12505938112735748,0.4490973949432373,0.05152494087815285,5.2294535636901855,15.030879020690918,0.3325415849685669,105.18765258789062,cup
ASC316,Mango mousse,asc_manual,520.6307983398438,124.9756851196289,9.140071868896484,3.207240104675293,8.466129302978516,8.892509460449219,0.8845161199569702,5302.8671875,2240.77587890625,332.6308288574219,23.655914306640625,51.38082504272461,40.022403717041016,10.479391098022461,19.624515533447266,113.70967864990234,0.3489964008331299,0.05050179362297058,1.273584246635437,0.009412186220288277,0.10849462449550629,0.00716845877468586,0.19605734944343567,125.16129302978516,0.3308960497379303,1.6863441467285156,0,3.3127241134643555,0,39.671146392822266,0.026487454771995544,0.10100358724594116,0.16480286419391632,0.1852329820394516,0.06788530200719833,1.936989188194275,39.671146392822266,15.324624061584473,844.6809692382812,cup
ASC317,Orange and pineapple cream,asc_manual,422.9186706542969,101.18311309814453,11.956521987915039,1.4360448122024536,5.428611755371094,11.3705472946167,1.0314165353775024,3429.25830078125,1433.93603515625,200.84487915039062,15.427769660949707,35.00056076049805,29.61598777770996,8.46507740020752,10.170266151428223,114.98457336425781,0.4078541398048401,0.025654979050159454,0.07882188260555267,0.005385694094002247,0.2249649316072464,0.0005610098014585674,0.1192847192287445,81.6269302368164,0.23120617866516113,0.14978961646556854,0,1.2454417943954468,0,11.845161437988281,0.04280504956841469,0.06576437503099442,0.14936886727809906,0.18161290884017944,0.045408133417367935,1.9596073627471924,11.845161437988281,22.318653106689453,290.6833190917969,bowl
ASC318,Charlotte rousse,asc_manual,790.3310546875,188.2864532470703,34.08068084716797,3.95491099357605,4.780652046203613,20.476186752319336,1.0092885494232178,2717.563232421875,1359.162353515625,278.216796875,47.03557205200195,34.94841766357422,46.18216323852539,9.649160385131836,56.446048736572266,92.25889587402344,0.5294861793518066,0.041051384061574936,4.296640396118164,0.0024308301508426666,0.3431423008441925,0.004347825888544321,0.26662054657936096,77.0750961303711,0.3539525866508484,0.49624505639076233,0.0830039530992508,0.7915019989013672,1.4436758756637573,11.350296020507812,0.03564426675438881,0.06925889104604721,0.10464426875114441,0.2830237150192261,0.06013043597340584,2.708893299102783,11.350296020507812,9.992588996887207,88.64545440673828,bowl
ASC319,Triffle pudding,asc_manual,493.5192565917969,116.9670639038086,18.23686981201172,2.9333789348602295,3.934662103652954,13.888879776000977,0.11804961413145065,2200.46826171875,1133.2352294921875,217.1582489013672,36.95466232299805,48.718563079833984,59.70658493041992,8.36740779876709,26.94525146484375,99.89649200439453,0.47137725353240967,0.043775878846645355,3.703165054321289,0.0012403763830661774,0.07438836246728897,0.002224123105406761,0.31473055481910706,46.80923843383789,0.23601369559764862,0.28785285353660583,0.07185628265142441,0.0427716001868248,1.249786138534546,9.823352813720703,0.026879385113716125,0.07099229842424393,0.2021813541650772,0.296039342880249,0.04760650172829628,2.508981943130493,9.823352813720703,6.60650110244751,114.8674087524414,bowl
ASC320,Snow flakes pudding,asc_manual,399.55975341796875,95.21478271484375,8.07217025756836,4.674559593200684,4.968112945556641,8.014780044555664,0.03333333134651184,2595.23583984375,1503.26806640625,292.5754699707031,57.54716873168945,101.32830047607422,105.45455932617188,8.736949920654297,39.598114013671875,115.3553466796875,0.4176729619503021,0.04044654220342636,7.105345726013184,0.0033018868416547775,0.014088050462305546,0,0.45883646607398987,31.132076263427734,0.4113207459449768,0.06761006265878677,0.1320754736661911,0.08742137998342514,2.2971696853637695,13.358805656433105,0.03415408730506897,0.1169654130935669,0.08451257646083832,0.5021541118621826,0.057314466685056686,4.448427677154541,13.358805656433105,1.7188680171966553,182.5314483642578,bowl
ASC321,Kulfi,asc_manual,413.8219299316406,98.42650604248047,11.302668571472168,3.208611488342285,4.696408271789551,10.386534690856934,0.1230904832482338,2548.096923828125,1467.58740234375,256.7958679199219,0,111.85828399658203,94.0412368774414,10.626980781555176,23.965652465820312,114.04368591308594,0.19524581730365753,0.044623132795095444,0.9243972897529602,0.0037558120675385,0.03141862899065018,0.020361321046948433,0.3479490578174591,0,0.4663749635219574,0.01589737832546234,0,0.09665334224700928,0,6.920632362365723,0.030634533613920212,0.10400266945362091,0.10580556839704514,0.3215334117412567,0.039181847125291824,1.8696645498275757,6.920632362365723,1.8663661479949951,185.96441650390625,kulfi
ASC322,Steamed orange pudding,asc_manual,1163.994140625,278.03314208984375,41.52545166015625,2.343419075012207,12.03508472442627,26.5340576171875,0.5848687887191772,7542.22900390625,3037.576171875,479.2101135253906,31.864044189453125,21.14798355102539,83.06090545654297,11.22695255279541,79.10389709472656,108.75772094726562,0.5488991141319275,0.04551880061626434,0.22145356237888336,0.0009305788553319871,0.15779545903205872,0.006048762239515781,0.22984877228736877,138.7989044189453,0.4198617935180664,1.2525590658187866,0.002618648810312152,1.2534897327423096,0.0455457866191864,14.810368537902832,0.060255907475948334,0.029975339770317078,0.2248450666666031,0.25372183322906494,0.03557230904698372,0.5891531705856323,14.810368537902832,20.230783462524414,164.7750244140625,large slice
ASC323,Meringue and rice pudding,asc_manual,474.2991027832031,112.9268798828125,14.604464530944824,4.836517810821533,4.050312519073486,10.874107360839844,0.16696429252624512,2149.553466796875,1205.3197021484375,230.625,40.84821319580078,85.43294525146484,92.81147003173828,8.944598197937012,44.15892791748047,110.875,0.36781251430511475,0.04491071403026581,6.8138837814331055,0.0029017857741564512,0.04419643059372902,0.01227678544819355,0.41410714387893677,22.098215103149414,0.3198660612106323,0,0.17343749105930328,0.066964291036129,1.6305803060531616,11.023750305175781,0.03589285910129547,0.10968749970197678,0.17866070568561554,0.518750011920929,0.05446428433060646,3.7063393592834473,11.023750305175781,1.3459821939468384,151.0892791748047,bowl
ASC324,Cheese pudding,asc_manual,1190.3807373046875,285.0148010253906,19.273853302001953,11.291074752807617,18.37196159362793,18.631858825683594,0.04963085800409317,10555.2861328125,5356.95458984375,851.2990112304688,99.75528717041016,226.1070098876953,196.4073028564453,19.031936645507812,37.829532623291016,81.7026138305664,0.8712774515151978,0.10474906861782074,18.270626068115234,0.046147655695676804,0.08315221965312958,0.010369141586124897,1.52535879611969,148.3450927734375,0.5765657424926758,0.10342181473970413,0.1742015779018402,0.8522314429283142,3.029863119125366,50.128658294677734,0.0323600172996521,0.10318540036678314,0.10169224441051483,0.5741393566131592,0.05691414326429367,12.811273574829102,50.128658294677734,0.2501036822795868,201.6529083251953,large slice
ASC325,Chocolate pudding,asc_manual,891.0965576171875,211.96348571777344,29.589513778686523,3.547400951385498,9.477615356445312,20.681554794311523,0.5250848531723022,5510.765625,2432.92333984375,372.3968200683594,46.25273513793945,64.56053924560547,77.364013671875,12.03885269165039,171.35647583007812,79.22406768798828,0.6028366684913635,0.08954809606075287,4.533383369445801,0.0009053187677636743,0.09388155490159988,0,0.3915352523326874,98.77631378173828,0.34625425934791565,0,0.06337231397628784,0.6611844897270203,1.1022255420684814,10.914371490478516,0.052740853279829025,0.05914749205112457,0.3340626060962677,0.19244058430194855,0.03458921238780022,1.8417201042175293,10.914371490478516,0.4549226760864258,109.02149963378906,large slice
ASC326,Bread and butter pudding ,asc_manual,705.9539794921875,167.94126892089844,19.62779426574707,5.587009429931641,7.876481533050537,11.84178638458252,0.9753586053848267,3401.107421875,2736.32763671875,672.1637573242188,55.290931701660156,105.54208374023438,108.36873626708984,19.864545822143555,96.29838562011719,155.43167114257812,0.9005818963050842,0.10102842003107071,7.2810959815979,0.003120433073490858,0.17715832591056824,0.015155615285038948,0.5721921324729919,52.71989440917969,1.0893234014511108,0.21254397928714752,0.11366711556911469,0.629391074180603,1.9769959449768066,17.379133224487305,0.06757780909538269,0.10696887969970703,0.43465492129325867,0.4133017659187317,0.062381595373153687,3.6524899005889893,17.379133224487305,1.282814621925354,152.4994659423828,plate
ASC327,Queen of pudding,asc_manual,558.58251953125,132.91976928710938,16.34950065612793,5.507628440856934,5.379554748535156,11.770222663879395,0.2670759856700897,2784.520263671875,1526.6077880859375,303.61474609375,60.591712951660156,78.26326751708984,84.34931182861328,9.241074562072754,85.59017944335938,107.57405853271484,0.5310207009315491,0.04557943344116211,9.551250457763672,0.0018419033149257302,0.0528012290596962,0,0.4211665391921997,50.24251937866211,0.37877973914146423,0,0.23852647840976715,0.1533384472131729,2.2425172328948975,14.318158149719238,0.046753644943237305,0.10487337410449982,0.2067229449748993,0.5296623110771179,0.05172678455710411,4.170652389526367,14.318158149719238,2.4911742210388184,125.5993881225586,large slice
ASC328,Pineapple upside down pudding,asc_manual,1079.3629150390625,257.7335205078125,35.731712341308594,3.147427558898926,11.913189888000488,22.163423538208008,0.801496684551239,7195.98583984375,3110.159423828125,541.7691040039062,62.132835388183594,26.053882598876953,81.3582763671875,10.266042709350586,74.51805114746094,81.05238342285156,0.6801683902740479,0.05921421945095062,3.818615436553955,0.0017586529720574617,0.436576247215271,0.004864359274506569,0.34527596831321716,143.9850311279297,0.45612722635269165,1.030869960784912,0.07857810705900192,1.3882132768630981,1.3666977882385254,11.55107593536377,0.051543500274419785,0.04518241435289383,0.1693171113729477,0.29560336470603943,0.056688494980335236,1.9927034378051758,11.55107593536377,7.226099014282227,150.34349060058594,large slice
ASC329,Date and nut pie,asc_manual,1348.64599609375,322.4159851074219,46.86371612548828,3.927433729171753,13.313716888427734,31.18185806274414,4.1345133781433105,5142.74267578125,2880.34326171875,4381.90283203125,18.84955596923828,34.68849563598633,77.21238708496094,40.608848571777344,3.8699114322662354,291.1548767089844,1.5424778461456299,0.2865044176578522,1.8482301235198975,0.007920353673398495,0.7407079935073853,0.3960177004337311,0.7451327443122864,84.77876281738281,0.5980088710784912,6.316813945770264,0,9.91106128692627,0,14.257080078125,0.08938053250312805,0.036283187568187714,0.634513258934021,0.3475663661956787,0.1285398155450821,1.5415928363800049,14.257080078125,2.829646110534668,935.3760986328125,bowl
ASC330,Stewed apple with custard,asc_manual,392.1693115234375,92.87266540527344,18.35978889465332,1.2698413133621216,1.8204585313796997,15.46066951751709,1.0072309970855713,1011.552001953125,448.45855712890625,153.56260681152344,0,49.238094329833984,38.25396728515625,6.112874507904053,16.66313934326172,82.78836059570312,0.18081128597259521,0.03802469000220299,0.5061728358268738,0.0038800707552582026,0.0519753098487854,0.29594355821609497,0.17001764476299286,0,0.13051146268844604,0.5149912238121033,0,1.3425045013427734,0,3.597883701324463,0.021552028134465218,0.042398590594530106,0.11869488656520844,0.15231040120124817,0.028500881046056747,0.8183421492576599,3.597883701324463,1.9753086566925049,151.63491821289062,piece
ASC331,Apple snowballs,asc_manual,428.9094543457031,101.51119995117188,24.58092498779297,0.8575337529182434,0.31221580505371094,19.403661727905273,1.247591495513916,74.18111419677734,24.629093170166016,135.83815002441406,0,9.4253568649292,6.353641510009766,4.934065818786621,12.796724319458008,70.0732192993164,0.17606936395168304,0.035298652946949005,1.6171869039535522,0.0033718689810484648,0.024084778502583504,0.16165703535079956,0.05880539491772652,0,0.07225433737039566,0.7032755613327026,0.0687861293554306,1.7581888437271118,0,1.7892870903015137,0.015761079266667366,0.015298651531338692,0.12107899785041809,0.13179190456867218,0.019267823547124863,0.44940268993377686,1.7892870903015137,1.7196532487869263,110.44316101074219,piece
ASC332,Hot orange souffle,asc_manual,754.4754028320312,179.96522521972656,18.76819610595703,6.869344234466553,8.947623252868652,14.925737380981445,0.2943442761898041,4449.16357421875,2758.383056640625,667.9708862304688,160.47540283203125,53.813114166259766,107.81393432617188,9.924508094787598,58.79581832885742,114.95901489257812,1.0309016704559326,0.054754097014665604,16.830738067626953,0.0027049181517213583,0.04409835860133171,0.005737704690545797,0.6506557464599609,128.26229858398438,0.7713114619255066,0.37278687953948975,0.3442622721195221,0.7204918265342712,5.987704753875732,25.13360595703125,0.04795081913471222,0.113770492374897,0.13704918324947357,0.7485246062278748,0.08426229655742645,8.354754447937012,25.13360595703125,5.746721267700195,230.68032836914062,bowl
ASC333,Hot chocolate souffle,asc_manual,948.774658203125,226.09100341796875,26.211408615112305,6.700422286987305,11.104647636413574,22.883028030395508,0.11661972105503082,5879.19921875,3446.78759765625,689.0704345703125,138.50704956054688,60.19295883178711,116.2901382446289,17.635494232177734,54.1052131652832,125.66901397705078,1.0765492916107178,0.12380281835794449,14.963027954101562,0.0014788733096793294,0.10338027775287628,0.0045774648897349834,0.7304929494857788,111.78169250488281,0.8338028192520142,0.2843661904335022,0.2957746386528015,0.5978873372077942,5.144366264343262,21.54823875427246,0.04119718074798584,0.11359154433012009,0.13887323439121246,0.6895774602890015,0.07556337863206863,7.3998589515686035,21.54823875427246,0.6369718313217163,149.5985870361328,bowl
ASC334,Hot vanilla souffle,asc_manual,809.9686279296875,192.93272399902344,21.771137237548828,6.874431133270264,9.073646545410156,18.17011833190918,0.129882350564003,4571.3828125,2779.990966796875,649.803955078125,153.55294799804688,63.19921875,113.0682373046875,9.217568397521973,59.587764739990234,105.24706268310547,0.9288627505302429,0.054635293781757355,16.194116592407227,0.0016470588743686676,0.04192156717181206,0.005098039284348488,0.6610588431358337,122.72940826416016,0.7592157125473022,0.3167058825492859,0.32941174507141113,0.3952941298484802,5.729411602020264,22.587059020996094,0.04121960699558258,0.11982353031635284,0.10927450656890869,0.7328431606292725,0.0807294100522995,7.888470649719238,22.587059020996094,0.7094117403030396,164.84706115722656,bowl
ASC335,Plain burfi (Burfi),asc_manual,1705.5205078125,408.3239440917969,30.884220123291016,9.816153526306152,27.963768005371094,30.426189422607422,0.1664171814918518,16689.73046875,7792.1357421875,1336.45556640625,38.124210357666016,355.7752380371094,284.6442565917969,38.122833251953125,31.65497589111328,325.37469482421875,1.4991952180862427,0.065707728266716,25.912721633911133,0.06861049681901932,0.07885891199111938,0.018941568210721016,1.4267592430114746,142.8883056640625,1.2520331144332886,0.08939386904239655,0,0.10703708231449127,0,54.96636962890625,0.06677189469337463,0.07276546955108643,0.29868099093437195,0.21823327243328094,0.037881989032030106,11.847697257995605,54.96636962890625,0.12480083107948303,409.40252685546875,burfi
ASC336,Coconut burfi (Nariyal ki burfi),asc_manual,1956.5947265625,467.6354675292969,32.151981353759766,8.811453819274902,34.62643051147461,31.5,3.4977974891662598,22149.07421875,6369.1630859375,1095.02197265625,29.259910583496094,272.80615234375,254.62554931640625,47.1960334777832,27.62554931640625,401.32159423828125,1.8215858936309814,0.2400881052017212,25.37224769592285,0.05528634414076805,0.3898678421974182,0.011013215407729149,1.3634361028671265,109.66519927978516,2.033127784729004,0.052863433957099915,0,0.6343612670898438,0,46.865638732910156,0.05726872384548187,0.05726872384548187,0.345814973115921,0.19162996113300323,0.05947136506438255,9.204845428466797,46.865638732910156,0,344.0572814941406,burfi
ASC337,Bottle gourd burfi (Ghiya/Lauki burfi),asc_manual,1153.348388671875,275.95562744140625,24.509532928466797,5.858232498168945,17.67972183227539,23.916810989379883,0.7348353266716003,10775.6123046875,4726.01025390625,786.3223266601562,26.43327522277832,215.8509521484375,170.7140350341797,24.422876358032227,18.152511596679688,229.63604736328125,0.9289427995681763,0.06239167973399162,16.201040267944336,0.04263431578874588,0.07279029488563538,0.0006932409014552832,0.8804159164428711,99.07106018066406,0.6362565159797668,0.2980935871601105,0,0.727902889251709,0,47.22357177734375,0.048526864498853683,0.041594453155994415,0.19757366180419922,0.3084922134876251,0.027729636058211327,7.951472759246826,47.22357177734375,1.5008665323257446,299.01214599609375,burfi
ASC338,Chocolate burfi,asc_manual,1425.1922607421875,339.3292236328125,33.153846740722656,12.997692108154297,17.863847732543945,32.376922607421875,0,11144.9228515625,4918.46142578125,691.6923217773438,3.7846155166625977,466.4769287109375,381.5769348144531,57.023075103759766,39.32307434082031,449.0384521484375,2.123076915740967,0.1534615308046341,34.592308044433594,0.09153846651315689,0.0615384615957737,0,1.978461503982544,14.184616088867188,0.12738461792469025,0.0923076868057251,0,0.03461538627743721,0,73.37692260742188,0.0883076936006546,0.0860000029206276,0.3700000047683716,0.2538461685180664,0.04776922985911369,15.684615135192871,73.37692260742188,0,175.73846435546875,burfi
ASC339,Cashewnut burfi (Kaju burfi/Kaju katli),asc_manual,1763.93603515625,421.7447814941406,37.92441940307617,5.475000381469727,28.460464477539062,31.427326202392578,1.1220929622650146,11442.6748046875,12146.802734375,2890.81396484375,38.61627960205078,12.947674751281738,145.63954162597656,89.8255844116211,4.226744174957275,186.0465087890625,1.7877906560897827,0.6831395626068115,3.802325487136841,0.0005813954048790038,0.5174418687820435,0.014534884132444859,1.5813953876495361,144.73255920410156,1.3693022727966309,1.1191860437393188,0,0.5319767594337463,0,7.3255815505981445,0.17732559144496918,0.008720929734408855,0.2994185984134674,0.40697672963142395,0.04651162773370743,0.75,7.3255815505981445,0,297.3721008300781,burfi
ASC340,Gram flour burfi (Besan burfi),asc_manual,1768.6475830078125,421.7930603027344,46.58642578125,11.193964004516602,22.405546188354492,28.437911987304688,3.4083199501037598,12686.642578125,5819.9560546875,1840.6998291015625,40.1305046081543,160.70799255371094,181.36378479003906,35.667537689208984,13.018808364868164,226.63294982910156,1.4743719100952148,0.13598695397377014,11.632838249206543,0.028205547481775284,0.7392169833183289,0.008482871577143669,1.064812421798706,150.4078369140625,1.7789722681045532,0.2413703054189682,0,2.9436051845550537,0,84.50823974609375,0.17252855002880096,0.08092985302209854,0.7236378192901611,0.4812561273574829,0.1612561196088791,7.421566009521484,84.50823974609375,0,359.53997802734375,burfi
ASC341,Semolina ladoo with khoya (Suji/Rava aur khoye ke ladoo ),asc_manual,1796.1856689453125,428.7066345214844,52.85617446899414,6.7135138511657715,21.85932159423828,33.278236389160156,4.678498268127441,13542.9287109375,4332.24951171875,903.0635986328125,27.874170303344727,106.41941833496094,133.3114776611328,32.286163330078125,14.401710510253906,259.3481750488281,1.7271121740341187,0.26572510600090027,12.472926139831543,0.020865969359874725,0.8689318895339966,0.04419075697660446,1.1658145189285278,104.47148132324219,1.6070421934127808,2.4710564613342285,0,0.7912128567695618,0,24.14784049987793,0.10985368490219116,0.03810036554932594,0.47405916452407837,0.30630427598953247,0.06478478014469147,3.3201987743377686,24.14784049987793,0.11387618631124496,351.441162109375,ladoo
ASC342,Semolina ladoo with coconut (Suji/Rava aur nariyal ke ladoo ),asc_manual,1942.7044677734375,464.42974853515625,50.90433120727539,5.675257682800293,27.030241012573242,27.31574058532715,6.693814277648926,17143.40625,4407.23388671875,941.5223388671875,33.81443405151367,26.721649169921875,90.07972717285156,34.76700973510742,9.060172080993652,264.85223388671875,1.8286254405975342,0.36089348793029785,9.067731857299805,0.005738831590861082,1.1435738801956177,0.03848797082901001,1.082165002822876,126.73538970947266,2.1277318000793457,2.9646732807159424,0,1.0295876264572144,0,14.321821212768555,0.11037800461053848,0.029793813824653625,0.5440893173217773,0.32532647252082825,0.07199312746524811,0.5125085711479187,14.321821212768555,0.1381443291902542,402.2199401855469,ladoo
ASC343,Gram flour ladoo (Besan ladoo),asc_manual,2001.492919921875,476.90948486328125,62.60844039916992,8.933900833129883,22.760391235351562,37.76067352294922,4.428652763366699,12660.4091796875,5835.76513671875,1995.1170654296875,52.34042739868164,25.346099853515625,88.25531768798828,26.765247344970703,5.48269510269165,142.2553253173828,1.514219880104065,0.1509219855070114,2.2578723430633545,0.0017056737560778856,0.8853545784950256,0.05531914904713631,0.7409574389457703,196.1702117919922,2.153510570526123,0.8020921945571899,0,3.317765951156616,0,70.32025146484375,0.18078014254570007,0.06340425461530685,0.7634042501449585,0.49432623386383057,0.16836878657341003,3.030141592025757,70.32025146484375,0,430.1170349121094,ladoo
ASC344,Sesame ladoo (Til ke ladoo),asc_manual,1660.9090576171875,396.957275390625,43.5,10.704545974731445,19.64090919494629,38.63181686401367,7.722727298736572,2954.195556640625,7338.94091796875,8468.2275390625,0,631.8181762695312,376.60455322265625,221.36363220214844,18.549999237060547,430.9090881347656,8.940909385681152,0.7136363387107849,12.154545783996582,0.011818181723356247,1.118181824684143,0.11454545706510544,3.736363649368286,0,0.5909090638160706,28.73181915283203,0,48.181819915771484,0,66.09091186523438,0.1818181872367859,0.036363635212183,1.8000000715255737,0.3227272629737854,0.6045454740524292,1.836363673210144,66.09091186523438,0,34.34090805053711,ladoo
ASC345,Chenna murki,asc_manual,1066.0263671875,252.69265747070312,36.0110969543457,10.463245391845703,8.199722290039062,35.545074462890625,0,4910.40234375,2385.57568359375,243.55062866210938,0,266.8515930175781,183.3564453125,15.323163032531738,11.395284652709961,65.45353698730469,0.5547850131988525,0.08876560628414154,12.837724685668945,0.061026353389024734,0.07212205231189728,0,1.547850251197815,0,0.011095699854195118,0.07212205231189728,0,0,0,51.766990661621094,0.011095699854195118,0.055478502064943314,0.07212205231189728,0.27184465527534485,0.022191399708390236,11.672677040100098,51.766990661621094,0,107.6282958984375,bowl
ASC346,Milk cake,asc_manual,531.5238037109375,127.4081802368164,9.12880802154541,3.0126194953918457,8.927241325378418,8.898781776428223,0.06179286167025566,5166.736328125,2264.40380859375,337.4586486816406,11.561357498168945,104.94255828857422,84.38642120361328,7.476066589355469,24.973020553588867,109.26022338867188,0.19503916800022125,0.03133159503340721,0.8572672009468079,0.0034812879748642445,0.008703220635652542,0,0.29460400342941284,43.33159255981445,0.46217581629753113,0,0,0,0,6.331593036651611,0.027023499831557274,0.0960400402545929,0.07267189025878906,0.29956483840942383,0.03633594512939453,1.7232375144958496,6.331593036651611,2.7850303649902344,261.7424011230469,slice
ASC347,Ghujia/Lavang latika,asc_manual,3168.666748046875,768.9789428710938,13.004887580871582,1.8633781671524048,78.9301986694336,6.082683086395264,0.5188729166984558,11406.5830078125,16215.6259765625,47734.15234375,4.621164798736572,31.007877349853516,36.129798889160156,7.248227596282959,3.2779932022094727,54.272071838378906,0.442013144493103,0.044530369341373444,2.512442111968994,0.006329367868602276,0.08959924429655075,0.008453349582850933,0.21993738412857056,17.319974899291992,37.19357681274414,0.6427175998687744,0,4.877479553222656,0,6.440419673919678,0.02013462781906128,0.011540387757122517,0.104984350502491,0.08700376003980637,0.013159047812223434,1.0299217700958252,6.440419673919678,0.0057764556258916855,72.61834716796875,gunjia
ASC348,Gulab Jamun with khoya,asc_manual,2425.401611328125,586.0634765625,26.092151641845703,2.030522108078003,53.233436584472656,24.12336540222168,0.07338083535432816,7518.4501953125,11074.908203125,32406.9609375,0,67.31893920898438,54.272891998291016,7.5099968910217285,15.090716361999512,62.61299514770508,0.3881739675998688,0.04275231435894966,4.787568092346191,0.012809742242097855,0.025311071425676346,0.001382537535391748,0.2952781021595001,0,25.13128662109375,0.19169414043426514,0,3.242582082748413,0,10.49282169342041,0.01584600657224655,0.013878549449145794,0.06662767380475998,0.05604594573378563,0.008720620535314083,2.194406032562256,10.49282169342041,0.010688078589737415,28.448368072509766,gulab jamun
ASC349,Mal pua,asc_manual,2339.168212890625,566.6776733398438,17.56153106689453,1.7057117223739624,54.6356315612793,11.770844459533691,0.617451548576355,7039.7001953125,11333.56640625,33941.01953125,0,30.05068016052246,32.74314880371094,5.773167610168457,6.35083532333374,47.8739128112793,0.32965248823165894,0.05595232918858528,0.7783559560775757,0.001374248182401061,0.12858319282531738,0.009578971192240715,0.2294163554906845,0,26.46532440185547,0.6406192779541016,0,3.4994096755981445,0,3.541577100753784,0.02762307971715927,0.029079973697662354,0.1085854321718216,0.13950100541114807,0.01834706962108612,0.5004700422286987,3.541577100753784,0.44924482703208923,68.00997924804688,malqura
ASC350,Shahi tukre,asc_manual,806.26953125,189.81004333496094,41.45988082885742,2.763382911682129,2.5377650260925293,34.69999313354492,0.5084372758865356,1156.6702880859375,733.6605834960938,141.24847412109375,0,76.46867370605469,57.66429138183594,9.182964324951172,71.04485321044922,74.05912780761719,0.37409791350364685,0.07667337357997894,1.4564990997314453,0.001703841844573617,0.09098376333713531,0.013492959551513195,0.2927677631378174,0,0.27765369415283203,0.01053481176495552,0,0.0640498548746109,0,7.462835788726807,0.04667337238788605,0.05763505399227142,0.2899273931980133,0.1463436484336853,0.02841813489794731,0.8503846526145935,7.462835788726807,0.8423109650611877,83.98191833496094,tukra
ASC351,Potato pakora/pakoda (Aloo pakoda),asc_manual,2788.180908203125,677.1902465820312,6.043454170227051,1.9038251638412476,71.83795166015625,0.21645663678646088,1.0255004167556763,8628.8212890625,14729.4482421875,45466.1640625,0,6.586508750915527,21.93787956237793,7.851519584655762,63.384803771972656,90.0081558227539,0.3777909576892853,0.039666421711444855,0.3854707181453705,0.0002372127491980791,0.14229059219360352,0.0002965159364975989,0.15074129402637482,0,35.36818313598633,0.022535210475325584,0,5.5322089195251465,0,16.1776123046875,0.040882132947444916,0.014955522492527962,0.2780207693576813,0.13797998428344727,0.04755374416708946,0.7828020453453064,16.1776123046875,2.746849536895752,46.94959259033203,plate
ASC352,Onion pakora/pakoda (Pyaaz ke pakode),asc_manual,2777.3876953125,674.6106567382812,5.411282539367676,1.8990808725357056,71.83914184570312,0.8759080767631531,1.1132690906524658,8630.8671875,14732.4775390625,45463.5546875,0,7.951667785644531,20.623722076416016,7.126834869384766,63.54966735839844,46.12379455566406,0.36118605732917786,0.04203854873776436,0.3380281627178192,0.0003558191529009491,0.15415121614933014,0,0.15904372930526733,0,35.36699676513672,0.08658265322446823,0,5.814492225646973,0,17.76338005065918,0.03851000592112541,0.014955522492527962,0.19499629735946655,0.12849147617816925,0.04755374416708946,0.9322460889816284,17.76338005065918,0.7945886254310608,32.847293853759766,plate
ASC353,Cauliflower pakora/pakoda (Phoolgobhi ke pakode),asc_manual,2764.93408203125,671.6342163085938,4.518176555633545,1.9761749505996704,71.86286163330078,0.2342475801706314,1.2627131938934326,8637.53125,14730.7548828125,45476.484375,0,8.441512107849121,22.401630401611328,7.734099388122559,66.5409164428711,64.86360168457031,0.42404744029045105,0.03492216393351555,0.35226091742515564,0.0008302446221932769,0.15296515822410583,0.0002965159364975989,0.15429948270320892,0,35.36343765258789,0.15656042098999023,0,6.980392932891846,0,19.78799057006836,0.03851000592112541,0.022071905434131622,0.19143809378147125,0.1664455085992813,0.05111193284392357,0.915641188621521,19.78799057006836,5.592216491699219,28.26671600341797,plate
ASC354,Mixed vegetable pakora/pakoda,asc_manual,2774.037109375,673.8098754882812,5.12336540222168,1.938517451286316,71.85663604736328,0.38339510560035706,1.1266123056411743,8635.64453125,14731.392578125,45473.01171875,0,9.549295425415039,21.404151916503906,9.506078720092773,65.3548583984375,75.24166107177734,0.4557746648788452,0.04144551604986191,0.40504077076911926,0.0011860637459903955,0.17698295414447784,0.0017790956189855933,0.15904372930526733,0,35.40317153930664,0.07412898540496826,0,15.538732528686523,0,21.227279663085938,0.04266123101115227,0.019403262063860893,0.21456634998321533,0.13797998428344727,0.049925871193408966,0.9361007809638977,21.227279663085938,3.181541919708252,315.8474426269531,plate
ASC355,Spinach pakora/pakoda (Palak pakoda),asc_manual,2933.566650390625,712.6192016601562,4.676296234130859,1.9645863771438599,76.37808990478516,0.20488573610782623,1.0245863199234009,9178.841796875,15658.9765625,48334.76171875,0,10.98912525177002,19.900867462158203,10.794404983520508,69.54491424560547,66.8723373413086,0.5157131552696228,0.04153664410114288,0.44696611166000366,0.0017651693196967244,0.2042159140110016,0.0012608353281393647,0.1539401113986969,0,37.67161560058594,0.016390860080718994,0,26.102245330810547,0,24.1938533782959,0.045981086790561676,0.020941685885190964,0.18522457778453827,0.11263593286275864,0.047399524599313736,0.922931432723999,24.1938533782959,1.910086750984192,625.9219970703125,plate
ASC356,Methi pakora/pakoda (Methi ke pakode),asc_manual,2936.21435546875,713.2520141601562,4.683861255645752,2.0616707801818848,76.39006805419922,0.2452324628829956,1.183451533317566,9179.8505859375,15657.546875,48344.21875,0,23.074861526489258,21.19070053100586,9.325531959533691,69.82608032226562,41.71867752075195,0.6884475946426392,0.0421670600771904,0.39653268456459045,0.0024586287327110767,0.18656422197818756,0.0026792751159518957,0.15898345410823822,0,37.61298751831055,0.14877857267856598,0,32.59554672241211,0,19.986446380615234,0.0428289994597435,0.028506698086857796,0.20855003595352173,0.12965720891952515,0.061899133026599884,0.9657998085021973,19.986446380615234,3.6733646392822266,827.78173828125,plate
ASC357,Egg pakora/pakoda (Ande ke pakode),asc_manual,2925.473876953125,710.5067138671875,4.476509094238281,2.8315439224243164,75.86315155029297,0.18681147694587708,0.8609775304794312,9254.5458984375,15683.4091796875,47655.8671875,28.39410400390625,9.546935081481934,31.92164421081543,6.160977363586426,75.36734008789062,37.75096893310547,0.46581846475601196,0.035771917551755905,3.447633743286133,0,0.1330876648426056,0,0.21842513978481293,15.36074447631836,37.12418746948242,0,0.06516679376363754,5.526570796966553,1.1334367990493774,18.83165168762207,0.03999223932623863,0.029150504618883133,0.1704034060239792,0.21127618849277496,0.04976725950837135,2.066718339920044,18.83165168762207,0.0011636927956715226,33.78976058959961,plate
ASC358,Bread pakora/pakoda,asc_manual,2929.7294921875,710.9881591796875,8.872590065002441,2.571321725845337,74.19755554199219,0.45897629857063293,1.1136746406555176,8887.173828125,15177.857421875,46839.73828125,0,19.833459854125977,26.101604461669922,7.166157245635986,101.48854064941406,38.91596603393555,0.4571734070777893,0.04271199554204941,0.9472879767417908,0,0.17444613575935364,0,0.18529412150382996,0,36.448951721191406,0,0,5.442131519317627,0,17.434682846069336,0.05496562272310257,0.02060733363032341,0.3060733377933502,0.0957486629486084,0.04320091754198074,0.6417111754417419,17.434682846069336,0.0011459129163995385,22.96027374267578,plate
ASC359,Paneer pakora/pakoda,asc_manual,2957.506103515625,718.1218872070312,5.5248703956604,3.270359516143799,76.05168151855469,1.0834170579910278,0.8868960738182068,9678.88671875,15693.4052734375,47438.05078125,0,43.3761100769043,43.43950653076172,7.699265480041504,131.69656372070312,33.874759674072266,0.4254271388053894,0.039729416370391846,2.0981831550598145,0.008504059165716171,0.14642442762851715,0,0.3391573131084442,0,36.879844665527344,0.01005025114864111,0,5.5482025146484375,0,22.177812576293945,0.03712794557213783,0.02270970307290554,0.17777347564697266,0.13512176275253296,0.041128721088171005,2.2759954929351807,22.177812576293945,0.010823347605764866,45.373016357421875,plate
ASC360,Potato bonda (Aloo bonda),asc_manual,2604.023681640625,632.8350219726562,4.534309387207031,1.0886664390563965,67.79877471923828,0.27027133107185364,0.830328106880188,8155.4072265625,13971.8583984375,42857.1796875,0,6.792525291442871,16.897506713867188,9.019612312316895,132.53353881835938,105.9352035522461,0.37447652220726013,0.0471687838435173,0.38385671377182007,0.0008466442814096808,0.11587461084127426,0.03543378412723541,0.14023421704769135,0,33.31505584716797,0.8158681988716125,0,7.904662609100342,0,8.939620018005371,0.02999274618923664,0.008037191815674305,0.26190826296806335,0.11534827202558517,0.03790633752942085,0.5570154786109924,8.939620018005371,4.9995436668396,182.5601806640625,bonda
ASC361,Potato samosa (Aloo ka samosa),asc_manual,2377.13818359375,577.3856811523438,9.205666542053223,1.7117836475372314,59.1909294128418,0.2876947522163391,1.1916142702102661,7555.451171875,12186.4375,36936.7265625,2.327259063720703,7.626734256744385,21.788408279418945,11.380143165588379,77.10008239746094,137.50115966796875,0.49865424633026123,0.05784787982702255,0.2810389995574951,0.0011562858708202839,0.14955654740333557,0.008041341789066792,0.22186382114887238,8.722491264343262,28.729646682739258,1.7145236730575562,0,9.097330093383789,0,9.080337524414062,0.04675827547907829,0.010366472415626049,0.3710140287876129,0.18360298871994019,0.044777266681194305,0.6599719524383545,9.080337524414062,7.995864391326904,239.15798950195312,samosa
ASC362,Minced meat samosa (Keema ka samosa),asc_manual,2557.2626953125,620.9884643554688,6.137866973876953,4.42531156539917,64.26115417480469,0.5019018650054932,0.3875543773174286,9035.7919921875,13708.9296875,38681.0625,16.70538902282715,6.703985214233398,45.90959930419922,7.776899337768555,88.64081573486328,81.98616027832031,0.5491102337837219,0.042393721640110016,0.3923628330230713,0.0005666090291924775,0.06874196231365204,0.0018536826828494668,0.7414224147796631,10.042016983032227,30.02382469177246,0.5506512522697449,0,4.288255214691162,0,3.4225778579711914,0.036397676914930344,0.03944883868098259,0.9784515500068665,0.2397664338350296,0.0510701946914196,0.5763359069824219,3.4225778579711914,0.6116151809692383,57.97565460205078,samosa
ASC363,Paneer and pea samosa (Paneer matar ka samosa),asc_manual,2569.595947265625,623.8062744140625,8.548890113830566,4.0177483558654785,63.64622116088867,1.6882587671279907,1.017188549041748,8519.974609375,13207.5791015625,39205.15625,0,64.55680084228516,56.38661193847656,11.020844459533691,78.18234252929688,52.578102111816406,0.5334157347679138,0.060411516577005386,3.0610477924346924,0.014222071506083012,0.12497033923864365,0.004325259476900101,0.5443141460418701,0,30.445449829101562,2.1170129776000977,0,9.537142753601074,0,19.566917419433594,0.04751977324485779,0.0215299054980278,0.24192164838314056,0.19898542761802673,0.03624073043465614,3.143686532974243,19.566917419433594,4.943671703338623,216.94871520996094,samosa
ASC364,Mathri,asc_manual,3314.316162109375,805.1233520507812,12.323095321655273,1.74962317943573,83.09709930419922,0.29425060749053955,0.599705159664154,9984.39453125,17034.380859375,52628.2578125,0,5.230958461761475,18.49139976501465,5.793612003326416,64.70460510253906,30.351350784301758,0.42574119567871094,0.04204750061035156,0.039737917482852936,0.0010417690500617027,0.12776412069797516,0.005733005702495575,0.1483701914548874,0,40.8879280090332,1.1865028142929077,0,5.95593786239624,0,2.733464479446411,0.0247665848582983,0.010122849605977535,0.12891072034835815,0.11891892552375793,0.013988533988595009,0.10643734037876129,2.733464479446411,0,51.4954948425293,kachori
ASC365,Khasta kachori,asc_manual,2934.8955078125,712.728759765625,12.81132984161377,2.5087974071502686,72.27396392822266,0.33636748790740967,0.9740191698074341,8686.8046875,14816.947265625,45749.28515625,0,7.839091777801514,32.92947006225586,12.899893760681152,90.55682373046875,78.13267517089844,0.5891521573066711,0.06189074367284775,1.0584107637405396,0.0013032989809289575,0.16365377604961395,0.013621851801872253,0.26773324608802795,0,35.51230239868164,1.330890417098999,0,5.325228691101074,0,6.335629463195801,0.032564740628004074,0.014274565503001213,0.212770476937294,0.23223838210105896,0.025228803977370262,0.11924086511135101,6.335629463195801,0.8513656854629517,76.09932708740234,kachori
ASC366,Vegetable cutlet,asc_manual,2738.49560546875,665.4544067382812,4.684823989868164,1.2467005252838135,71.32704162597656,0.34742236137390137,0.9317917227745056,8595.55078125,14638.041015625,45039.77734375,6.77276086807251,13.545948028564453,18.455738067626953,8.020600318908691,85.38026428222656,103.13948059082031,0.4015825390815735,0.04202309623360634,1.211028814315796,0.0006333974888548255,0.0973307192325592,0.006661732215434313,0.1599709838628769,3.663952589035034,35.034061431884766,0.7240142226219177,0.015544041059911251,7.960196495056152,0.2703552842140198,9.036482810974121,0.03294818848371506,0.013002368621528149,0.2891489267349243,0.11933886259794235,0.04566454514861107,0.894951581954956,9.036482810974121,4.999579906463623,424.8422546386719,cutlet
ASC367,Flattened rice cutlet (Chirwa cutlet/Chivda cutlet/Poha cutlet),asc_manual,2888.935302734375,701.711181640625,7.394248008728027,1.755823016166687,73.88726806640625,0.26809558272361755,0.8566645383834839,9016,15491.966796875,46275.859375,6.903888702392578,9.165212631225586,33.54444885253906,14.566627502441406,76.65470886230469,119.47344970703125,0.5873270630836487,0.06783995032310486,1.1281633377075195,0.0028888436499983072,0.1304534673690796,0.026408318430185318,0.2526685893535614,3.7348906993865967,35.824867248535156,0.2615082859992981,0.01584498956799507,5.95904541015625,0.27558964490890503,7.238331317901611,0.03842078149318695,0.013390827924013138,0.6228911876678467,0.14041288197040558,0.030298037454485893,0.6282042264938354,7.238331317901611,3.8123602867126465,96.70317077636719,cutlet
ASC368,Peanut cutlet (Mungfali ke cutlet),asc_manual,2878.0244140625,698.7667236328125,5.675396919250488,2.627135992050171,74.00220489501953,0.5091842412948608,1.2082369327545166,9164.390625,15942.0087890625,45738.83203125,6.751073360443115,14.37692642211914,43.60367202758789,20.00275421142578,84.2381591796875,143.302001953125,0.5623739957809448,0.09865495562553406,1.409092903137207,0.0009213186567649245,0.17072851955890656,0.01859312132000923,0.33738529682159424,3.6522200107574463,35.22092819213867,0.5700321793556213,0.015494266524910927,5.893548011779785,0.2694895565509796,11.368254661560059,0.06236117705702782,0.01818539947271347,1.0761451721191406,0.16076762974262238,0.04047338664531708,0.6683077216148376,11.368254661560059,3.7279751300811768,96.74028778076172,cutlet
ASC369,Fish cutlet (Machli ka cutlet),asc_manual,2693.9580078125,654.64013671875,3.1296799182891846,2.768209457397461,70.10616302490234,0.28660720586776733,0.5379318594932556,8674.15234375,14398.96484375,44047.3359375,11.021320343017578,10.436653137207031,35.33958053588867,9.018141746520996,75.32618713378906,109.15322875976562,0.35546910762786865,0.04135574400424957,4.180016994476318,0.0019358951831236482,0.08148154616355896,0.005874598864465952,0.15035878121852875,6.803430080413818,34.31391143798828,0.19126290082931519,0.08059663325548172,6.495845794677734,0.3680579364299774,5.460747718811035,0.020017050206661224,0.011571813374757767,0.3230976164340973,0.20222216844558716,0.03730384632945061,0.5820611119270325,5.460747718811035,2.997978687286377,94.2867202758789,cutlet
ASC370,Paneer potato cutlet (Paneer aloo cutlet),asc_manual,2770.568359375,672.9443359375,5.228550434112549,2.4702839851379395,71.40327453613281,1.021267294883728,0.41150763630867004,9150.8896484375,14777.8759765625,44357.8359375,13.32847785949707,45.35761260986328,41.656227111816406,7.271303653717041,85.70502471923828,96.72469329833984,0.38492351770401,0.037873271852731705,3.5630006790161133,0.008302985690534115,0.05689730495214462,0.0002913328353315592,0.3207574784755707,7.2104878425598145,34.483131408691406,0.03714493662118912,0.03058994747698307,4.790750026702881,0.5320466160774231,12.096867561340332,0.02211216278374195,0.019541149958968163,0.2428259253501892,0.14522214233875275,0.02779315412044525,2.3932993412017822,12.096867561340332,3.381645917892456,62.549163818359375,cutlet
ASC371,Spinach chickpeas cutlet (Palak channa dal cutlet),asc_manual,2831.181640625,688.0281372070312,4.932109355926514,1.440955400466919,73.59933471679688,0.16062790155410767,0.929531455039978,8871.431640625,15106.904296875,46475.95703125,6.977595329284668,11.3005952835083,24.012489318847656,11.841561317443848,79.12749481201172,144.62225341796875,0.566373348236084,0.05936751887202263,2.6692543029785156,0.0016294020460918546,0.13273079693317413,0.008998429402709007,0.21699315309524536,3.7747647762298584,36.128074645996094,0.10019323229789734,0.016014153137803078,17.502525329589844,0.27853187918663025,14.966988563537598,0.03245580941438675,0.016279073432087898,0.2775196433067322,0.14441318809986115,0.03362606093287468,0.7377980947494507,14.966988563537598,4.934794902801514,446.8512878417969,cutlet
ASC372,Cheese toast,asc_manual,3233.23193359375,785.366943359375,5.485180854797363,1.9840171337127686,84.1091079711914,0.5259999632835388,0.31429311633110046,10613.81640625,17331.298828125,52452.57421875,11.551724433898926,43.86508560180664,47.27629470825195,4.076939582824707,121.05133056640625,26.04310417175293,0.31250429153442383,0.025267241522669792,1.8164353370666504,2.9310343961697072e-05,0.05754310265183449,0.003793103387579322,0.21829310059547424,15.905172348022461,40.798866271972656,0.011068965308368206,0.018103446811437607,5.3564653396606445,0.314870685338974,4.723228454589844,0.026706896722316742,0.022150861099362373,0.17256465554237366,0.0576724149286747,0.013823275454342365,0.6359870433807373,4.723228454589844,0,7.960775852203369,toast
ASC375,Vegetable burger,asc_manual,2144.44775390625,519.9310913085938,13.688063621520996,3.2628092765808105,50.631317138671875,1.8782144784927368,1.6975740194320679,5994.205078125,11447.646484375,30695.205078125,7.396894931793213,26.082435607910156,18.336631774902344,6.464070796966553,168.97210693359375,90.8685073852539,0.7028869390487671,0.03296457976102829,1.0650655031204224,0.0004949053982272744,0.08484715968370438,0.0032993692439049482,0.16065016388893127,7.258612155914307,23.896888732910156,0.7230955958366394,0.010189227759838104,8.162760734558105,0.17721979320049286,7.9502668380737305,0.03234352171421051,0.03659631311893463,0.8376225233078003,0.1186535656452179,0.04054342582821846,0.9050946235656738,7.9502668380737305,4.789810657501221,470.7641906738281,burger
ASC376,Cheese pizza,asc_manual,1047.5010986328125,249.49737548828125,30.62497901916504,5.79115629196167,12.434843063354492,3.4155423641204834,1.9455914497375488,2346.9306640625,1728.0091552734375,3449.525390625,10.64052963256836,96.51068878173828,110.07484436035156,17.359310150146484,397.7280578613281,152.89395141601562,1.0911004543304443,0.06947960704565048,0.5175625681877136,0.0011223660549148917,0.37445127964019775,0.006102095823734999,0.6311519742012024,22.59136962890625,2.7339794635772705,1.903509497642517,0,5.135415077209473,0,12.087443351745605,0.22123223543167114,0.04296523705124855,1.0381041765213013,0.13912473618984222,0.06570622324943542,0.9767952561378479,12.087443351745605,5.126415729522705,942.8749389648438,piece
ASC377,Vegetable seekh kebab,asc_manual,2843.038330078125,690.7252197265625,5.323051452636719,1.5730364322662354,73.72038269042969,0.741476833820343,0.586333155632019,9169.5771484375,15165.8896484375,46228.7421875,0,32.662803649902344,27.842374801635742,7.918609142303467,83.66737365722656,104.52517700195312,0.3583166003227234,0.03760864958167076,1.495426058769226,0.005833105184137821,0.11941921710968018,0.005318502429872751,0.21703152358531952,0,35.92436981201172,0.14186163246631622,0,6.497377872467041,0,8.413725852966309,0.022280270233750343,0.011140438728034496,0.258773535490036,0.0874287337064743,0.02663414739072323,1.1982401609420776,8.413725852966309,4.170530796051025,101.82958221435547,kabab
ASC378,Masala vada,asc_manual,3397.887939453125,826.0245971679688,4.062221527099609,1.6862210035324097,89.15479278564453,0.23833882808685303,1.0662378072738647,10707.736328125,18276.412109375,56443.6171875,0,7.452434062957764,25.692550659179688,10.437702178955078,74.53056335449219,97.18761444091797,0.5181816220283508,0.08713920414447784,2.492307662963867,0.00094135309336707,0.13715828955173492,0.03614457696676254,0.24781353771686554,0,43.81696701049805,0.6339603066444397,0,8.598448753356934,0,11.916023254394531,0.03144856542348862,0.011219833046197891,0.1642170548439026,0.11661427468061447,0.02281074970960617,0.10663540661334991,11.916023254394531,0.7589364051818848,148.62547302246094,vada
ASC379,Peanut sago vada (Sabudana mungfali vada),asc_manual,3087.6103515625,749.8857421875,7.1394147872924805,1.0144987106323242,79.82255554199219,0.19218695163726807,0.6226351261138916,9704.4169921875,16709.677734375,50118.1171875,0,5.026116371154785,20.463863372802734,10.382368087768555,71.2880630493164,94.49984741210938,0.3818970322608948,0.05394652858376503,0.20509842038154602,0.0005961516289971769,0.08039923757314682,0.02061619609594345,0.14817628264427185,0,38.80601119995117,0.27577221393585205,0,6.325376987457275,0,5.125537872314453,0.02704697661101818,0.006657231133431196,0.5153988003730774,0.08307410776615143,0.02290295623242855,0.2337191104888916,5.125537872314453,3.1866531372070312,91.93267059326172,vada
ASC380,Vegeterian scotch egg,asc_manual,2805.968017578125,681.66552734375,4.642024040222168,2.1630215644836426,72.77320861816406,0.23323990404605865,0.577197253704071,8903.4833984375,15056.1884765625,45600.21484375,34.23529815673828,15.20048999786377,29.124279022216797,6.419521808624268,93.32636260986328,80.63587188720703,0.45969438552856445,0.039489202201366425,4.27772855758667,0.0002856309001799673,0.06325875222682953,0.0055375127121806145,0.2247944474220276,18.520736694335938,35.51820755004883,0.5330510139465332,0.0785728171467781,6.461911678314209,1.3666057586669922,9.699447631835938,0.03363709896802902,0.024434201419353485,0.24576275050640106,0.20064489543437958,0.03650657832622528,1.982283115386963,9.699447631835938,3.7510619163513184,90.58247375488281,piece
ASC381,Paneer shaslik/tikka,asc_manual,392.2749328613281,93.84956359863281,7.980454921722412,5.11279821395874,4.492904186248779,4.6076979637146,1.2325572967529297,2171.78955078125,1188.3612060546875,767.3984985351562,0,123.85919189453125,92.41434478759766,15.85278606414795,103.38905334472656,130.93092346191406,0.6751179695129395,0.06891398876905441,5.461736679077148,0.028550732880830765,0.153435617685318,0.0056990450248122215,0.7685980200767517,0,0.6053546071052551,3.0006468296051025,0,10.83520793914795,0,39.83501052856445,0.0338074192404747,0.041303712874650955,0.3350954055786133,0.2579898238182068,0.07499396055936813,6.184357643127441,39.83501052856445,24.554533004760742,1779.6304931640625,plate
ASC382,Peanut brittle (Moongfali ki chikki),asc_manual,1340.2132568359375,320.46295166015625,47.46446990966797,6.942639350891113,11.130456924438477,43.923858642578125,2.6345179080963135,2695.24365234375,4925.974609375,3003.197998046875,2.497462034225464,68.03045654296875,137.07106018066406,108.3756332397461,15.992384910583496,420.0507507324219,3.2233502864837646,0.26903554797172546,0.8654822707176208,0.007360406219959259,0.7766497731208801,0.05482233688235283,1.0355329513549805,9.360405921936035,1.1650761365890503,2.040609121322632,0,0.6345177888870239,0,30.373096466064453,0.1649746149778366,0.03553299233317375,2.8908629417419434,0.37309643626213074,0.41878172755241394,0.703045666217804,30.373096466064453,0,49.314720153808594,piece
ASC383,Spring roll,asc_manual,2568.379638671875,623.8739624023438,8.558433532714844,1.8053548336029053,64.63278198242188,0.5979810357093811,0.6684460043907166,7831.97119140625,13299.99609375,40778.046875,12.148006439208984,9.513741493225098,23.542783737182617,6.99653434753418,132.8436279296875,60.855430603027344,0.48791226744651794,0.03719254955649376,1.3973301649093628,0.001335670007392764,0.11210552603006363,0.0051778387278318405,0.17901302874088287,6.571872234344482,31.69622802734375,0.8563646078109741,0.027880670502781868,8.129220962524414,0.4849245250225067,10.187399864196777,0.02519310638308525,0.019703933969140053,0.183468759059906,0.15796908736228943,0.04210976883769035,1.0061246156692505,10.187399864196777,4.875967502593994,424.021484375,spring roll
ASC384,Dry mango chutney (Sookhe aam ki chutney),asc_manual,1247.2996826171875,298.1324462890625,69.17044830322266,2.434478282928467,0.6982401013374329,61.86028289794922,3.740860939025879,147.0508575439453,94.41606140136719,334.8681945800781,0,72.04964447021484,71.97420501708984,77.59574127197266,437.9145812988281,654.5350341796875,3.9785361289978027,0.1880541443824768,1.5096913576126099,0.016940973699092865,0.7471299767494202,0.05415162444114685,0.42135557532310486,0,0.09985198080539703,2.2600560188293457,0,19.23183250427246,0,18.6594295501709,0.06974007189273834,0.07613176852464676,0.6473934650421143,0.22225451469421387,0.41923466324806213,0.5512906312942505,18.6594295501709,0.9102184176445007,6345.33544921875,tablespoon
ASC385,Peanut chutney (Mungfali ki chutney),asc_manual,1081.155029296875,258.36676025390625,9.865445137023926,11.795147895812988,19.064098358154297,2.7567570209503174,5.725602149963379,3941.472412109375,8739.587890625,5613.40625,0,34.79257583618164,197.15835571289062,103.32239532470703,475.3409423828125,414.29095458984375,1.987357258796692,0.46075236797332764,1.9809523820877075,0.004710952285677195,1.0842119455337524,0.2666666805744171,1.602033257484436,0,2.0836548805236816,3.9362285137176514,0,4.639593124389648,0,48.292724609375,0.2922976315021515,0.07245476543903351,5.542740345001221,0.5593667030334473,0.16467618942260742,0.8973761796951294,48.292724609375,20.011098861694336,172.48666381835938,tablespoon
ASC386,Coconut chutney (Nariyal ki chutney),asc_manual,1110.1864013671875,265.9245910644531,8.291091918945312,3.5900650024414062,24.999113082885742,3.785414934158325,6.734472751617432,14366.166015625,2082.327392578125,2918.46240234375,0,15.700469017028809,47.5705680847168,25.066301345825195,428.2818298339844,230.87713623046875,1.2485789060592651,0.20094740390777588,1.32771635055542,0.0021503996104002,0.43037500977516174,0.15493930876255035,0.41099968552589417,0,3.304910659790039,0.3431244492530823,0,12.683305740356445,0,18.698362350463867,0.03905259817838669,0.04977598041296005,0.2591404318809509,0.1990782618522644,0.08055265247821808,0.3623349368572235,18.698362350463867,16.315534591674805,161.603271484375,tablespoon
ASC387,Mint and coriander chutney (Pudinay aur dhaniye ki chutney),asc_manual,430.4656677246094,102.5953140258789,21.182279586791992,2.8133883476257324,0.5068815350532532,15.8797607421875,4.333420753479004,110.61418151855469,67.0505599975586,218.27781677246094,0,107.44649505615234,61.57331848144531,62.72207260131836,391.6641845703125,459.41546630859375,4.760828971862793,0.2657843828201294,2.6459877490997314,0.033201370388269424,0.8124092221260071,0.2338847666978836,0.5392603278160095,0,0.24316029250621796,6.8042216300964355,0,87.73006439208984,0,41.421409606933594,0.10471762716770172,0.06832097470760345,0.7403537034988403,0.32483744621276855,0.13498954474925995,2.1733028888702393,41.421409606933594,13.750903129577637,6306.46875,tablespoon
ASC395,Custard tart,asc_manual,940.7706909179688,225.59930419921875,28.65911102294922,3.7231037616729736,10.725021362304688,9.30566692352295,0.9122929573059082,6625.0498046875,2714.310791015625,464.9346008300781,22.28421974182129,57.46992492675781,68.656494140625,12.987619400024414,59.7391471862793,115.72537231445312,0.49476897716522217,0.06751525402069092,0.4303400218486786,0.004394071642309427,0.1646033078432083,0.29712292551994324,0.37183958292007446,100.22667694091797,0.3128160536289215,1.5239756107330322,0,1.3914560079574585,0,7.874454975128174,0.04742807522416115,0.069398432970047,0.2455100268125534,0.3288578987121582,0.0718395784497261,1.1020052433013916,7.874454975128174,1.6523103713989258,237.90757751464844,tart
ASC396,Lemon tart,asc_manual,1262.30078125,303.35260009765625,30.683582305908203,6.117336273193359,17.448450088500977,10.675544738769531,0.8091848492622375,10291.79296875,4656.56787109375,896.968994140625,123.16876983642578,24.0270938873291,79.06681823730469,12.990815162658691,76.0946044921875,94.23307037353516,0.9766935110092163,0.07683122903108597,9.423650741577148,0.0016073478618636727,0.18163029849529266,0.005970149300992489,0.569115936756134,221.4466094970703,0.7017221450805664,1.9531573057174683,0.1928817331790924,1.7625718116760254,3.354764461517334,16.879907608032227,0.06084959954023361,0.0748564824461937,0.25556832551956177,0.5669345855712891,0.06659012287855148,4.419747352600098,16.879907608032227,4.886796474456787,223.58209228515625,tart
ASC397,Jam tart,asc_manual,1498.5699462890625,360.7218017578125,46.17616653442383,4.4186530113220215,17.351295471191406,14.735751152038574,1.1440414190292358,10836.705078125,4354.66943359375,728.7046508789062,44.14508056640625,12.231433868408203,50.378238677978516,13.267011642456055,70.33782196044922,67.24871063232422,0.7411053776741028,0.07336787134408951,0,0.002072538947686553,0.2611398994922638,0.008981001563370228,0.3870466351509094,198.54922485351562,0.40414509177207947,2.789637327194214,0,1.9481865167617798,0,6.735751152038574,0.0621761679649353,0.03937823697924614,0.3191709816455841,0.308808296918869,0.03316062316298485,0.28186526894569397,6.735751152038574,0,237.92745971679688,tart
ASC398,Orange cream tart,asc_manual,822.5177612304688,197.15927124023438,27.434804916381836,2.577662467956543,8.721904754638672,10.081039428710938,0.6405194997787476,5436.77783203125,2186.414794921875,375.04571533203125,22.129871368408203,13.843462944030762,37.80692672729492,13.590129852294922,36.85004425048828,136.0181884765625,0.5801731944084167,0.04332467541098595,0.009870129637420177,0.0016623376868665218,0.18389610946178436,0.004848484881222248,0.21238094568252563,99.53246307373047,0.3864935040473938,1.4161039590835571,0,1.1064934730529785,0,18.98147201538086,0.07684848457574844,0.031168829649686813,0.27844157814979553,0.3054545521736145,0.044675324112176895,0.8103896379470825,18.98147201538086,27.154285430908203,182.90908813476562,tart
ASC399,Pineapple tart,asc_manual,817.4639892578125,195.404296875,28.618947982788086,2.287935256958008,8.214736938476562,11.092470169067383,0.8725506067276001,5087.75927734375,2046.875732421875,353.077880859375,20.69635581970215,12.019108772277832,25.9920654296875,10.571011543273926,37.88275146484375,71.82266998291016,0.4964372515678406,0.05687449127435684,0.007773279212415218,0.001748987939208746,0.5868825912475586,0.0042105261236429214,0.25659918785095215,93.08502197265625,0.24777328968048096,1.3282591104507446,0,1.1465587615966797,0,8.859271049499512,0.06361133605241776,0.026234816759824753,0.20987854897975922,0.19141700863838196,0.052469637244939804,0.23417003452777863,8.859271049499512,8.878056526184082,123.93295288085938,tart
ASC400,Cheese and mushroom tart,asc_manual,1022.0037231445312,246.09642028808594,21.42671012878418,5.5084943771362305,15.28492546081543,3.1595168113708496,1.1772490739822388,9483.224609375,3915.645751953125,646.6096801757812,37.98884963989258,100.96988677978516,138.26783752441406,15.721932411193848,212.42227172851562,136.36895751953125,0.5884944200515747,0.06624535471200943,0.7654832601547241,0.004736059345304966,0.18671002984046936,0.01412639394402504,0.5928252935409546,160.4237823486328,0.39362454414367676,3.891598701477051,0,4.962453842163086,0,11.834925651550293,0.05271375551819801,0.08291821926832199,0.32239776849746704,0.38234201073646545,0.06053903326392174,2.6072304248809814,11.834925651550293,9.705390930175781,401.5185852050781,tart
ASC401,Cottage cheese pie,asc_manual,992.8932495117188,238.97972106933594,20.660694122314453,7.4481587409973145,13.827022552490234,3.6202938556671143,2.2058374881744385,7188.013671875,3464.962890625,2141.15966796875,20.861900329589844,108.04701232910156,104.31488800048828,22.705190658569336,103.29145812988281,128.09548950195312,0.915876567363739,0.11393731832504272,4.898266315460205,0.02357296831905842,0.279480904340744,0.012340842746198177,0.9821155667304993,93.82958221435547,1.565337896347046,5.127992153167725,0,12.71998119354248,0,36.549354553222656,0.094084233045578,0.04710088297724724,0.5111165642738342,0.42242899537086487,0.07861900329589844,5.41184139251709,36.549354553222656,10.652301788330078,983.8677978515625,pie
ASC402,Minced meat pie,asc_manual,919.6646118164062,221.5529022216797,18.114713668823242,7.378210067749023,13.039274215698242,1.4181064367294312,2.325727701187134,6419.25048828125,3522.710693359375,2098.14453125,34.57371520996094,18.135845184326172,76.97898864746094,22.331417083740234,127.85150909423828,185.89166259765625,1.0653414726257324,0.11038153618574142,0.7353085279464722,0.0022496466990560293,0.3247762620449066,0.012246820144355297,1.110494613647461,91.19171142578125,1.5429203510284424,5.0220255851745605,0,12.776354789733887,0,19.63983917236328,0.11385775357484818,0.06546396762132645,1.3861987590789795,0.5165331959724426,0.12404145300388336,1.686000943183899,19.63983917236328,10.603862762451172,916.5507202148438,pie
ASC403,Apple cinnamon pie,asc_manual,1077.3634033203125,258.734375,33.6783332824707,3.3514466285705566,12.205469131469727,11.95186996459961,1.7679604291915894,7486.99365234375,3045.409912109375,616.1891479492188,36.520816802978516,16.143966674804688,41.413551330566406,12.345272064208984,60.142555236816406,90.10444641113281,0.6526041030883789,0.07409315556287766,0.8835567831993103,0.0038814395666122437,0.22049400210380554,0.24050810933113098,0.3262879252433777,138.7085418701172,0.3547988831996918,2.414961099624634,0.014820042066276073,2.6587157249450684,0.2577628791332245,6.538461685180664,0.05401552841067314,0.033754412084817886,0.30935072898864746,0.268503874540329,0.03974594175815582,0.6337332129478455,6.538461685180664,1.2653493881225586,245.46859741210938,slice
ASC404,Lemon meringue pie,asc_manual,941.7880249023438,224.42613220214844,35.106929779052734,3.8764939308166504,8.156573295593262,21.170040130615234,0.4398406445980072,4648.4541015625,2230.141845703125,476.8924255371094,75.2988052368164,16.79203224182129,50.346614837646484,8.08127498626709,85.12271118164062,58.11235046386719,0.6678087711334229,0.06148207187652588,6.540238857269287,0.0007968127029016614,0.10358565300703049,0.0041434261947870255,0.38127490878105164,107.88844299316406,0.3960159420967102,1.072510004043579,0.13386453688144684,0.7490040063858032,2.32828688621521,11.142629623413086,0.036573704332113266,0.046374499797821045,0.14980079233646393,0.3644621670246124,0.04302788898348808,3.01513934135437,11.142629623413086,3.2509958744049072,113.48207092285156,slice
ASC405,Chocolate meringue pie,asc_manual,899.788330078125,214.75732421875,28.8005428314209,4.979538440704346,9.174382209777832,15.031614303588867,0.3744911849498749,5287.55078125,2547.875244140625,472.6024475097656,64.11125946044922,55.97829055786133,96.62279510498047,26.046133041381836,80.77204895019531,130.01492309570312,0.9224423170089722,0.18266485631465912,5.809361934661865,0.0020352781284600496,0.09221167117357254,0.003527815453708172,0.661628246307373,91.85888671875,0.43394845724105835,0.9131614565849304,0.11397556960582733,0.6865671873092651,1.98236083984375,12.594979286193848,0.044670287519693375,0.07819538563489914,0.20305290818214417,0.4159701466560364,0.04848304018378258,3.2388060092926025,12.594979286193848,0.6818181872367859,165.3459930419922,slice
ASC407,Cream puffs,asc_manual,919.4542236328125,221.32684326171875,16.004837036132812,4.699136257171631,15.48151969909668,5.937133312225342,0.3813471496105194,9279.9375,4176.08154296875,713.7133178710938,100.48358917236328,37.93091583251953,71.41450500488281,8.863903045654297,98.75509643554688,76.50604248046875,0.583592414855957,0.03917098417878151,6.984455585479736,0.000690846296492964,0.0905008614063263,0.004490500781685114,0.4322970509529114,213.88601684570312,0.5892918705940247,0.9298790693283081,0.14507772028446198,0.9050086736679077,2.523315906524658,12.1450777053833,0.03937823697924614,0.10086355358362198,0.15302245318889618,0.4414507746696472,0.04697754606604576,4.0248703956604,12.1450777053833,0.27633851766586304,170.32815551757812,puff
ASC408,Chocolate eclairs,asc_manual,1000.0177612304688,239.41542053222656,26.21979331970215,4.237518310546875,13.49689769744873,17.34357452392578,0.3261447548866272,8087.8642578125,3656.648681640625,617.4888916015625,85.9379653930664,34.212703704833984,68.99409484863281,13.725553512573242,85.87769317626953,84.45642852783203,0.6822747588157654,0.08549483120441437,5.973412036895752,0.0005908419843763113,0.07740029692649841,0.0038404727820307016,0.46307238936424255,182.92466735839844,0.5120236277580261,0.7952732443809509,0.12407680600881577,0.7917281985282898,2.158050060272217,10.836041450500488,0.035568684339523315,0.08697193115949631,0.15096011757850647,0.3775480091571808,0.04100443050265312,3.4422452449798584,10.836041450500488,0.23633678257465363,146.14476013183594,éclair
ASC409,Cheese balls,asc_manual,2803.779296875,681.2822875976562,4.809665203094482,2.2110037803649902,72.56733703613281,0.6295315027236938,0.1789080649614334,11055.166015625,15228.146484375,43060.51171875,37.78091049194336,30.00634002685547,62.888763427734375,3.9306094646453857,120.69734191894531,27.574146270751953,0.32448750734329224,0.023402607068419456,3.0402464866638184,0.00035787251545116305,0.043677352368831635,0.004931313917040825,0.24060584604740143,63.95209503173828,33.496421813964844,0.3973793387413025,0.0591757632791996,4.80662202835083,1.029235601425171,4.983578681945801,0.015047552064061165,0.029369495809078217,0.05582951754331589,0.1699894368648529,0.01871785894036293,1.5397604703903198,4.983578681945801,0.01415991596877575,56.74462890625,piece
ASC411,Minced meat patties,asc_manual,1101.4002685546875,265.7190246582031,15.254345893859863,6.877348899841309,19.571426391601562,0.8758381605148315,0.7674968242645264,3643.07421875,4807.123046875,9927.140625,81.35710906982422,19.231184005737305,96.83220672607422,13.198681831359863,252.18275451660156,119.59205627441406,0.9332190752029419,0.0682423859834671,3.639638900756836,0.0013761697337031364,0.15769091248512268,0.014248854480683804,0.9826352596282959,34.774906158447266,7.664943695068359,1.407492995262146,0.2002541571855545,1.851313591003418,2.781376361846924,12.607154846191406,0.06489121168851852,0.060109756886959076,1.1712993383407593,0.5141810774803162,0.08388569951057434,4.742815971374512,12.607154846191406,1.2149916887283325,113.49593353271484,patty
ASC412,Cheese patties,asc_manual,1343.3994140625,324.00909423828125,22.23377227783203,7.381089687347412,22.668561935424805,3.932180166244507,1.2432469129562378,4487.0712890625,4932.55810546875,12105.6904296875,0,126.41477966308594,113.76957702636719,18.882415771484375,295.22442626953125,97.10691833496094,0.8182666301727295,0.0886903628706932,5.641905307769775,0.028700221329927444,0.32172277569770813,0.022604847326874733,0.9320695400238037,0,9.286821365356445,2.740879774093628,0,4.793697834014893,0,30.23013687133789,0.04950365796685219,0.04647797346115112,0.31291505694389343,0.3431122601032257,0.05303770676255226,5.55284309387207,30.23013687133789,3.2413759231567383,588.5820922851562,patty
ASC413,Hot cheese souffle,asc_manual,736.6183471679688,177.0967254638672,5.405745506286621,9.182578086853027,13.230278015136719,2.9128222465515137,0.12094355374574661,7316.6943359375,3861.708984375,748.9098510742188,149.1423797607422,169.17355346679688,235.86082458496094,13.379949569702148,286.9574279785156,130.84498596191406,0.8283993601799011,0.043605729937553406,14.864473342895508,0.0018433025106787682,0.04507160931825638,0.011794439516961575,1.0222746133804321,163.8685760498047,0.792982280254364,0.24842458963394165,0.2830665409564972,0.8463352918624878,4.923336029052734,22.5562686920166,0.047565288841724396,0.1565037965774536,0.1129317581653595,0.7611625790596008,0.08481044322252274,7.92408561706543,22.5562686920166,0.8128053545951843,186.12551879882812,bowl
ASC414,Hot potato souffle,asc_manual,523.3306274414062,125.63875579833984,8.564294815063477,5.507102966308594,7.644676208496094,1.7799046039581299,0.6573687791824341,3982.157470703125,2264.81396484375,535.0211181640625,109.08793640136719,56.83612823486328,100.3465576171875,15.020858764648438,97.19923400878906,258.6182861328125,0.788623034954071,0.06473074108362198,11.591090202331543,0.002145875943824649,0.07682345062494278,0.01008861605077982,0.5643081068992615,95.78186798095703,0.5862781405448914,0.2631765305995941,0.22903884947299957,1.1603271961212158,3.98363995552063,21.280906677246094,0.04993864893913269,0.09582140296697617,0.4180299937725067,0.6584185361862183,0.09179958701133728,6.089904308319092,21.280906677246094,8.232311248779297,205.70620727539062,bowl
ASC415,Hot fish souffle,asc_manual,595.6414184570312,142.92105102539062,3.6923108100891113,11.226530075073242,9.24467658996582,1.6752010583877563,0.09785957634449005,4841.197265625,2603.523193359375,793.5078735351562,122.6863021850586,58.18418502807617,155.17845153808594,17.680980682373047,110.93502044677734,165.03953552246094,0.7035514712333679,0.05164280906319618,20.942419052124023,0.005090661346912384,0.03755964711308479,0.009815950877964497,0.6461076736450195,105.69924926757812,0.9789161682128906,0.2010088562965393,0.4286298453807831,0.46666666865348816,4.307566165924072,19.350435256958008,0.046666666865348816,0.10236536711454391,0.5292774438858032,0.8972733616828918,0.1016155406832695,5.648186683654785,19.350435256958008,0.6576687097549438,137.64894104003906,bowl
ASC416,Hot spinach souffle,asc_manual,434.0050354003906,104.24739074707031,4.18816614151001,5.433976173400879,7.239029407501221,1.6392691135406494,0.9902709126472473,3737.061279296875,2105.574462890625,567.0800170898438,100.83931732177734,80.77063751220703,91.94757080078125,39.48582458496094,104.69343566894531,311.7284240722656,1.6719030141830444,0.09688720852136612,11.27796459197998,0.011964713223278522,0.4521108865737915,0.010838058777153492,0.6108632683753967,88.53938293457031,1.011512279510498,0.28410837054252625,0.21172021329402924,123.30472564697266,3.682419538497925,68.6668472290039,0.08850661665201187,0.12335854023694992,0.1966288536787033,0.5768746137619019,0.11132325232028961,6.786320209503174,68.6668472290039,12.055953979492188,3738.9609375,bowl
ASC417,Plain cream cake,asc_manual,1480.8568115234375,353.9397277832031,47.18427276611328,6.181830883026123,16.166807174682617,27.737558364868164,0.7126760482788086,9469.8603515625,4351.64404296875,833.7417602539062,120.91549682617188,41.94601058959961,181.6262969970703,11.789436340332031,173.9957733154297,86.90845489501953,1.0242253541946411,0.07716432213783264,9.559859275817871,0.001572769950143993,0.16861502826213837,0.006103286519646645,0.6145774722099304,203.89671325683594,0.6868544220924377,1.7377934455871582,0.19718308746814728,1.4741783142089844,3.429577350616455,16.268545150756836,0.05495540052652359,0.07956572622060776,0.23127934336662292,0.5632277131080627,0.06109389662742615,4.603755950927734,16.268545150756836,0.14154928922653198,215.39906311035156,piece
ASC418,Apple cake (Seb ka cake),asc_manual,1213.6690673828125,290.0763854980469,39.48321533203125,4.93772029876709,12.867996215820312,23.521286010742188,1.2172977924346924,7458.544921875,3421.701171875,714.6157836914062,94.6875,38.98713302612305,145.07518005371094,11.998713493347168,136.95314025878906,96.1617660522461,0.8950000405311584,0.07160294055938721,7.633419036865234,0.0026158089749515057,0.2933456003665924,0.3187499940395355,0.508621335029602,159.6691131591797,0.5690808892250061,1.7978676557540894,0.15441176295280457,2.2906618118286133,2.685661792755127,13.700348854064941,0.05046139657497406,0.0649908110499382,0.2352665513753891,0.46284008026123047,0.0571066178381443,3.674999952316284,13.700348854064941,1.7119485139846802,212.0108642578125,piece
ASC419,Marble cake,asc_manual,1481.475830078125,354.1051330566406,46.87871551513672,6.299614906311035,16.265562057495117,27.559650421142578,0.7081049680709839,9528.5380859375,4390.90478515625,833.9918212890625,120.13994598388672,39.5953369140625,162.04151916503906,16.538890838623047,138.47743225097656,100.20233154296875,1.1156151294708252,0.11305423080921173,9.498541831970215,0.0015626822132617235,0.1675335317850113,0.0030320698861032724,0.6668455004692078,202.5889129638672,0.6887930035591125,1.7266472578048706,0.19591836631298065,1.4787172079086304,3.4075801372528076,16.51871681213379,0.05609562620520592,0.07961516082286835,0.24565598368644714,0.5596151947975159,0.0613551028072834,4.574227333068848,16.51871681213379,0.14064139127731323,214.3906707763672,piece
ASC420,Chocolate cake,asc_manual,1404.77392578125,335.6086730957031,45.13715362548828,6.006793975830078,15.18386459350586,27.576007843017578,0.6445859670639038,8900.552734375,4104.9052734375,770.5095825195312,109.3630599975586,41.13163375854492,134.09469604492188,17.74140167236328,241.92568969726562,104.69745635986328,1.0800424814224243,0.12229299545288086,8.707006454467773,0.0016772823873907328,0.15265393257141113,0.005520169623196125,0.6518046855926514,184.4161376953125,0.6439065933227539,1.571762204170227,0.17834393680095673,1.3524415493011475,3.1019108295440674,15.646072387695312,0.05363057553768158,0.07953290641307831,0.2350318431854248,0.5309978723526001,0.058641187846660614,4.290020942687988,15.646072387695312,0.2560509443283081,208.0679473876953,piece
ASC421,Orange cake,asc_manual,1496.2364501953125,357.60858154296875,48.276588439941406,6.099879741668701,16.214645385742188,28.376710891723633,0.8307322859764099,9491.083984375,4363.7802734375,843.1932983398438,123.67346954345703,29.716686248779297,129.45738220214844,12.1666259765625,105.40552520751953,90.63745880126953,1.0585834980010986,0.0774741917848587,9.719087600708008,0.0013205282157287002,0.17599040269851685,0.006242496892809868,0.590156078338623,208.5474090576172,0.7058823108673096,1.7774308919906616,0.20168066024780273,1.5078030824661255,3.507802963256836,17.765905380249023,0.059015609323978424,0.07505401968955994,0.24801920354366302,0.569171667098999,0.06363505125045776,4.614165782928467,17.765905380249023,3.611044406890869,208.54742431640625,piece
ASC422,Fruit Loaf ,asc_manual,1354.7628173828125,324.1949462890625,46.49192428588867,5.364250659942627,13.314026832580566,24.542348861694336,0.8716331124305725,7825.47705078125,3557.25537109375,687.2518920898438,90,45.71096420288086,170.569580078125,13.057673454284668,160.59861755371094,116.78076171875,0.9552348852157593,0.07928411662578583,6.981207847595215,0.0026286353822797537,0.25058165192604065,0.00626398203894496,0.53447425365448,161.81207275390625,0.5711409449577332,1.769821047782898,0.1409395933151245,2.4199106693267822,2.4513423442840576,13.987136840820312,0.0529082790017128,0.070626400411129,0.24684563279151917,0.4773825407028198,0.06255033612251282,3.6327965259552,13.987136840820312,4.4178972244262695,209.18344116210938,slice
ASC423,Banana cake (Kele ka cake),asc_manual,1623.4024658203125,389.51446533203125,39.99608612060547,5.772431373596191,23.314231872558594,23.044391632080078,1.1447219848632812,3300.395751953125,6110.79345703125,12661.3193359375,68.99151611328125,23.5515079498291,127.63124084472656,31.455137252807617,117.80561065673828,157.60980224609375,1.1435438394546509,0.21798303723335266,8.362676620483398,0.004180018790066242,0.28934967517852783,0.007163053844124079,0.7594250440597534,37.323280334472656,9.679123878479004,1.523091435432434,0.158341184258461,1.8838831186294556,2.7540056705474854,17.080442428588867,0.07591894268989563,0.0561734214425087,0.31234684586524963,0.5563148260116577,0.14802072942256927,3.976531505584717,17.080442428588867,1.481338381767273,125.08614349365234,slice
ASC424,Chocolate chiffon cake,asc_manual,1305.2822265625,311.70928955078125,37.86885452270508,5.764435768127441,15.799030303955078,24.250837326049805,0.7048476934432983,3327.51611328125,3690.5302734375,7753.55712890625,93.34706115722656,42.15481948852539,196.42681884765625,28.925302505493164,188.5887908935547,138.7185821533203,1.0677648782730103,0.21651995182037354,6.994440078735352,0.0011239810846745968,0.2599227726459503,0.007207207381725311,0.6605233550071716,69.36421966552734,4.709961414337158,3.1432433128356934,0.3902187645435333,4.398970127105713,3.718095302581787,16.473796844482422,0.06090261787176132,0.06524238735437393,0.27760618925094604,0.572415292263031,0.07636379450559616,6.788657188415527,16.473796844482422,0.29240667819976807,87.24663543701172,slice
ASC425,Christmas cake,asc_manual,1560.800537109375,372.9477233886719,48.294639587402344,5.4928059577941895,16.883831024169922,27.44794464111328,1.487906813621521,8838.8759765625,5451.30224609375,1143.436279296875,97.80926513671875,40.97721862792969,116.37383270263672,30.795778274536133,64.84249877929688,176.2688446044922,1.318171501159668,0.22336432337760925,8.168987274169922,0.0013967679115012288,0.46987271308898926,0.008638168685138226,0.7707841992378235,179.30198669433594,0.7144758105278015,1.4812158346176147,0.15116794407367706,1.800545334815979,2.6292426586151123,16.375219345092773,0.08389617502689362,0.0647469162940979,0.30590394139289856,0.5009341239929199,0.07673969119787216,3.8613474369049072,16.375219345092773,8.163069725036621,161.04847717285156,slice
ASC426,Strawberry and vanilla cake with butter icing,asc_manual,1547.8612060546875,370.5380859375,44.25393295288086,3.890472173690796,20.38861083984375,32.42660903930664,0.7919885516166687,12410.259765625,5320.79736328125,910.194580078125,101.11588287353516,28.168811798095703,114.82202911376953,9.764949798583984,107.26609802246094,74.53076171875,0.7005436420440674,0.0749470666050911,5.841917037963867,0.0009871245129033923,0.16497854888439178,0.001859799725934863,0.4127897024154663,247.6108856201172,0.6876966953277588,1.62417733669281,0.1201716735959053,4.685264587402344,2.0901286602020264,10.988268852233887,0.04126466438174248,0.05619456246495247,0.20915593206882477,0.3658655285835266,0.04907582327723503,2.7848353385925293,10.988268852233887,7.210443496704102,235.02145385742188,slice
ASC427,Eggless cake,asc_manual,1333.746826171875,318.0814208984375,46.14249038696289,8.119446754455566,11.750404357910156,27.704561233520508,0.6790363788604736,7313.75927734375,2982.6484375,474.9646301269531,27.67811393737793,212.9656524658203,265.5263977050781,26.52957534790039,310.5029296875,273.61865234375,0.6076268553733826,0.06173654645681381,1.6453100442886353,0.002460276708006859,0.15854433178901672,0.0026652999222278595,0.869830846786499,185.50486755371094,0.3087647557258606,1.6557663679122925,0,1.1563301086425781,0,12.433624267578125,0.09289800375699997,0.25790876150131226,0.33792927861213684,0.6914095282554626,0.10584521293640137,3.248795509338379,12.433624267578125,2.2173244953155518,203.3418731689453,slice
ASC429,Swiss roll,asc_manual,1062.0869140625,251.87351989746094,48.33952713012695,7.296679496765137,3.767035484313965,32.95533752441406,0.5454545617103577,1188.685791015625,1385.936767578125,523.1383666992188,144.66403198242188,24.106718063354492,95.13043212890625,10.859683990478516,51.89723205566406,87.0750961303711,1.192173957824707,0.07380237430334091,15.9841890335083,0.0009881422156468034,0.133320152759552,0.005138339940458536,0.6850197911262512,78.26087188720703,0.6067193746566772,1.3300395011901855,0.3320158123970032,0.197628453373909,5.774703502655029,22.705533981323242,0.053403161466121674,0.08733201771974564,0.1973320096731186,0.7234585285186768,0.07915414869785309,7.324110507965088,22.705533981323242,0,106.71936798095703,swiss roll
ASC430,Pineapple pastry ,asc_manual,874.1260375976562,208.20849609375,29.03999900817871,6.058520317077637,7.874136924743652,18.834247589111328,0.7205479145050049,4160.3291015625,2354.890380859375,544.2651977539062,115.34246826171875,42.97040939331055,89.42438507080078,11.418082237243652,44.29945373535156,107.3260269165039,0.8625205755233765,0.05915616452693939,11.086027145385742,0.0016164383850991726,0.2324109673500061,0.00356164388358593,0.5718082189559937,133.97259521484375,0.5892602801322937,1.0569863319396973,0.23013697564601898,0.48657533526420593,4.002739429473877,19.090410232543945,0.05389315262436867,0.11604109406471252,0.18363013863563538,0.6037123203277588,0.07705753296613693,5.971780776977539,19.090410232543945,3.9871232509613037,134.81451416015625,pastry
ASC431,Black forest pastry,asc_manual,979.99462890625,233.5455780029297,34.47667694091797,6.087828159332275,8.463431358337402,21.35254669189453,0.5404825806617737,4524.09521484375,2548.30419921875,565.587158203125,113.02948760986328,44.15388870239258,92.19115447998047,13.567292213439941,53.434852600097656,110.97051239013672,0.9196246862411499,0.07418766617774963,10.949061393737793,0.001474530785344541,0.11938337981700897,0.0034852547105401754,0.5884986519813538,131.5013427734375,0.5809651613235474,1.247989296913147,0.2252010703086853,0.6428954601287842,3.9168899059295654,17.45871353149414,0.05161125957965851,0.11403485387563705,0.1866621971130371,0.5989678502082825,0.06639678031206131,5.92117977142334,17.45871353149414,0.977479875087738,138.9276123046875,pastry
ASC432,Coconut finger,asc_manual,1155.8846435546875,274.8556823730469,42.557167053222656,7.090244770050049,8.86209774017334,28.550174713134766,1.8706294298171997,4822.333984375,1550.3216552734375,543.9825439453125,127.97203063964844,24.038461685180664,101.85664367675781,18.104021072387695,46.8636360168457,141.16433715820312,1.3072377443313599,0.14186014235019684,16.347026824951172,0.0020104895811527967,0.2586713433265686,0.013286713510751724,0.7250349521636963,69.23076629638672,1.0664335489273071,1.176573395729065,0.2937062978744507,0.42657342553138733,5.108391284942627,22.207168579101562,0.050737760961055756,0.08075174689292908,0.23662586510181427,0.6583392024040222,0.08313286304473877,6.567307472229004,22.207168579101562,0,109.79020690917969,finger
ASC433,Pineapple cake ,asc_manual,819.0643310546875,195.57154846191406,23.50896644592285,5.013372421264648,9.343976974487305,16.157699584960938,0.7563352584838867,5333.923828125,2667.5009765625,516.490478515625,92.78752136230469,49.05535888671875,80.32709503173828,10.705068588256836,37.474853515625,108.3859634399414,0.644873321056366,0.04832748696208,7.892397403717041,0.0018128654919564724,0.2431384027004242,0.0025341131258755922,0.47506824135780334,152.04678344726562,0.5383625626564026,0.8481481671333313,0.16374269127845764,0.5949317812919617,2.8479530811309814,15.718323707580566,0.04848148301243782,0.12174464017152786,0.16086743772029877,0.5001072287559509,0.06905652582645416,4.885769844055176,15.718323707580566,5.330604553222656,138.96023559570312,slice
ASC439,Chocolate walnut cookies (Chocolate aur akhrot ke cookies),asc_manual,1773.4586181640625,424.8010559082031,47.09653854370117,6.559678077697754,23.622108459472656,22.580530166625977,1.5449718236923218,10597.0556640625,5754.61328125,5304.8369140625,69.02655029296875,36.10007858276367,144.8762664794922,43.31037902832031,280.4386291503906,158.22767639160156,1.3661786317825317,0.3369074761867523,3.9208366870880127,0.0029605792369693518,0.5527272820472717,0.021238937973976135,0.8990185260772705,164.27996826171875,1.4905551671981812,6.91327428817749,0.06757843494415283,8.916492462158203,1.175382137298584,16.31279182434082,0.10137409716844559,0.0534835048019886,0.4022526144981384,0.45702335238456726,0.12167980521917343,3.075462579727173,16.31279182434082,0.6323411464691162,433.4191589355469,cookie
ASC440,Chocolate chip cookies,asc_manual,1776.7542724609375,425.290283203125,57.979427337646484,5.790704727172852,19.37832260131836,30.285715103149414,1.0514285564422607,11777.2001953125,5156.5673828125,870.8723754882812,75.97714233398438,24.758094787597656,77.18476104736328,22.999048233032227,278.2933349609375,114.08761596679688,1.2183618545532227,0.16137903928756714,4.217142581939697,0.0019047618843615055,0.3003809452056885,0.009904761798679829,0.6135619282722473,202.7047576904297,0.6468952298164368,2.563809633255005,0.07999999821186066,2.0007619857788086,1.3914285898208618,11.984762191772461,0.06655619293451309,0.06013333424925804,0.34200000762939453,0.451371431350708,0.048556189984083176,2.2704761028289795,11.984762191772461,0,232.89523315429688,cookie
ASC441,Sweet plain biscuit,asc_manual,1588.8641357421875,380.7574768066406,50.290096282958984,5.85941743850708,17.666601181030273,21.76970863342285,1.0718446969985962,10755.3984375,4559.25830078125,810.6407470703125,76.89320373535156,42.87767028808594,158.43417358398438,14.913204193115234,132.59339904785156,90.96116638183594,0.9203883409500122,0.10155339539051056,4.036892890930176,0.002407766878604889,0.24776698648929596,0.010097087360918522,0.565631091594696,205.2427215576172,0.5508738160133362,2.6135921478271484,0.0815533921122551,1.8252427577972412,1.4184465408325195,11.918058395385742,0.06757281720638275,0.06815534085035324,0.3190291225910187,0.47165051102638245,0.05126213654875755,2.2656309604644775,11.918058395385742,0.23417475819587708,259.32037353515625,biscuit
ASC442,Chocolate biscuit,asc_manual,1586.4862060546875,379.76165771484375,51.56403350830078,5.8763298988342285,17.09229278564453,24.16036605834961,1.0128440856933594,10398.2197265625,4440.39990234375,777.0275268554688,72.66055297851562,41.50825881958008,161.8598175048828,23.266605377197266,127.01944732666016,114.98165130615234,1.135779857635498,0.1565137654542923,3.81467866897583,0.0022752294316887856,0.2341284453868866,0.009541284292936325,0.6647706627845764,193.94496154785156,0.5330275297164917,2.4697248935699463,0.07706421613693237,1.752293586730957,1.3403669595718384,11.95926570892334,0.06678899377584457,0.06550458818674088,0.3326605558395386,0.4456880986690521,0.0497247688472271,2.1409173011779785,11.95926570892334,0.2212844043970108,245.77981567382812,biscuit
ASC443,Coconut biscuit (Nariyal ke biscuit),asc_manual,1816.4814453125,434.98309326171875,42.90459060668945,5.780740737915039,27.160741806030273,20.757036209106445,3.6408889293670654,17418.35546875,4757.65625,867.4962768554688,64.97777557373047,37.81037139892578,157.67941284179688,28.422964096069336,105.7588119506836,202.79258728027344,1.3179259300231934,0.22888889908790588,7.5688886642456055,0.004148148000240326,0.47525927424430847,0.022518519312143326,0.6881481409072876,184.97776794433594,1.5524444580078125,1.9940741062164307,0.06222222000360489,2.123851776123047,1.0822222232818604,13.407703399658203,0.058666668832302094,0.06118518486618996,0.3696296215057373,0.3986666798591614,0.06577777862548828,1.9140740633010864,13.407703399658203,0.17866666615009308,247.15554809570312,biscuit
ASC444,Sweet and salty biscuit (Meethay aur namkeen biscuit),asc_manual,1694.6932373046875,407.9567565917969,45.0871467590332,6.153419494628906,22.3854923248291,7.221243381500244,1.6766839027404785,13969.8701171875,5632.04150390625,932.3316040039062,55.18134689331055,37.23834228515625,78.02487182617188,18.494300842285156,414.70361328125,109.953369140625,1.0533159971237183,0.09875647723674774,0.14766839146614075,0.00321243517100811,0.32797926664352417,0.013471502810716629,0.5393782258033752,248.1865234375,0.5393782258033752,3.487046718597412,0,2.4352331161499023,0,9.512434959411621,0.0823834240436554,0.0663212463259697,0.4113989472389221,0.43886011838912964,0.047668393701314926,0.6601036190986633,9.512434959411621,0.31243523955345154,328.4974060058594,biscuit
ASC445,Peanut biscuit,asc_manual,1676.078125,401.0492248535156,46.72406005859375,8.450937271118164,20.408281326293945,21.264686584472656,2.484375,9927.234375,6533.9345703125,2462.3125,61.875,50.58124923706055,254.47438049316406,42.53953170776367,202.26031494140625,180.953125,1.3406250476837158,0.2160937488079071,3.78125,0.003031250089406967,0.45249998569488525,0.07562500238418579,0.9770312309265137,165.15625,1.11203134059906,3.2125000953674316,0.06562499701976776,1.859375,1.1414061784744263,23.78874969482422,0.14343750476837158,0.07359375059604645,2.030156373977661,0.5373437404632568,0.07718750089406967,2.0746874809265137,23.78874969482422,0.18843749165534973,221.609375,biscuit
ASC446,Pin wheel biscuit,asc_manual,1688.6309814453125,404.6002197265625,54.56477737426758,5.399580478668213,18.660795211791992,23.252410888671875,1.157232642173767,11624.171875,4738.716796875,769.5597534179688,44.65408706665039,42.704402923583984,168.2675018310547,27.50482177734375,131.73081970214844,122.73584747314453,1.1299790143966675,0.1857442408800125,0.11949685215950012,0.002599580679088831,0.26540881395339966,0.010901467874646187,0.6553459167480469,200.8385772705078,0.4535849094390869,2.821802854537964,0,2.00838565826416,0,8.653668403625488,0.07069182395935059,0.0551781952381134,0.3756813406944275,0.35513627529144287,0.04033542796969414,0.5341718792915344,8.653668403625488,0.2528301775455475,266.8343811035156,biscuit
ASC447,Saffron biscuit (Kesar biscuit),asc_manual,1913.025390625,458.6100769042969,59.7026481628418,6.047318458557129,22.01123809814453,22.41667366027832,1.9047033786773682,12108.009765625,6220.14453125,1449.1192626953125,49.63680648803711,25.707828521728516,75.6882553100586,26.356536865234375,5.652865409851074,120.01593780517578,1.2320399284362793,0.1374959647655487,0.26703187823295593,0.00396004831418395,0.7307990193367004,0.08878127485513687,0.5949152708053589,186.03712463378906,1.924608588218689,3.894160509109497,0,1.1094934940338135,0,10.021854400634766,0.08530064672231674,0.04240516573190689,0.4872901439666748,0.40206417441368103,0.04952380806207657,0.5266222953796387,10.021854400634766,0.11796610057353973,526.7974853515625,biscuit
ASC448,Masala biscuit,asc_manual,1636.012939453125,393.64215087890625,45.180206298828125,6.061443328857422,20.750205993652344,6.8205156326293945,2.142061948776245,12216.7265625,5370.4033203125,1160.134033203125,51.28866195678711,53.730926513671875,179.49237060546875,25.47845458984375,714.5203247070312,136.3479461669922,1.3153607845306396,0.11536082625389099,0.46804124116897583,0.005164948292076588,0.5683504939079285,0.04329897090792656,0.5898969173431396,191.54638671875,1.279484510421753,6.165463924407959,0,13.152061462402344,0,13.325979232788086,0.08577319979667664,0.05061855539679527,0.4614432752132416,0.4327835142612457,0.07237113267183304,0.610618531703949,13.325979232788086,0.9481443166732788,1276.8040771484375,biscuit
ASC449,Ice box cookies,asc_manual,1565.29052734375,374.2432861328125,56.09218215942383,5.6988372802734375,14.436914443969727,26.68536949157715,1.27615225315094,8697.0537109375,3729.122314453125,721.6192626953125,70.82164001464844,18.495389938354492,68.61002349853516,15.329258918762207,449.1414794921875,94.29659271240234,1.042565107345581,0.09499799460172653,4.0521039962768555,0.0028056111186742783,0.26745492219924927,0.010420842096209526,0.5264930129051208,173.42686462402344,0.47274550795555115,3.042084217071533,0.08416833728551865,2.0328657627105713,1.4639278650283813,11.849298477172852,0.07178758084774017,0.0562925860285759,0.33657312393188477,0.46246495842933655,0.05140681192278862,2.2140281200408936,11.849298477172852,0.7070140242576599,239.97996520996094,cookie
ASC450,Ginger bread man,asc_manual,1526.8944091796875,364.99981689453125,60.25521469116211,6.609490871429443,11.006036758422852,29.119625091552734,1.5980647802352905,6400.57421875,2895.71435546875,639.5368041992188,75.31426239013672,37.921363830566406,85.95477294921875,31.73004722595215,477.9869689941406,161.2435760498047,2.1188430786132812,0.10656289756298065,5.678725719451904,0.0035906604025512934,0.7979133129119873,0.017669331282377243,0.6774337291717529,136.47286987304688,0.44927218556404114,2.9854228496551514,0.1173243597149849,1.7311737537384033,2.0406057834625244,15.663984298706055,0.07827934622764587,0.0633908286690712,0.3934665322303772,0.5565565824508667,0.15520824491977692,2.892608404159546,15.663984298706055,0.28817835450172424,207.43878173828125,biscuit
ASC451,Danish cookies,asc_manual,1979.4029541015625,475.3273620605469,58.004974365234375,5.3333330154418945,24.915422439575195,21.726367950439453,1.3731343746185303,15598.283203125,6266.98486328125,1015.4229125976562,63.58209228515625,15.970149040222168,61.7960205078125,16.24378204345703,201.06468200683594,84.3233871459961,0.981592059135437,0.09791044890880585,0,0.002487562131136656,0.31343284249305725,0.012935323640704155,0.4880596995353699,285.97015380859375,0.577114462852478,3.3482587337493896,0,2.706467628479004,0,8.084577560424805,0.0746268704533577,0.05074626952409744,0.38308456540107727,0.3731343448162079,0.03980099409818649,0.34825870394706726,8.084577560424805,0,315.8208923339844,biscuit
ASC452,Short bread cookies,asc_manual,1849.6085205078125,443.0935363769531,64.81565856933594,6.027046203613281,17.98434066772461,23.311031341552734,1.5715302228927612,11178.5341796875,4493.60302734375,799.5729370117188,45.48042678833008,15.921708106994629,67.76156616210938,18.1722412109375,145.00498962402344,92.7010726928711,1.1156584024429321,0.10989324003458023,0,0.0028469751123338938,0.3587188720703125,0.009252669289708138,0.5441281199455261,204.55516052246094,0.4234875440597534,3.832028388977051,0,2.1494662761688232,0,9.252669334411621,0.0854092538356781,0.04911031946539879,0.4384341537952423,0.4206405580043793,0.0455516017973423,0.37295371294021606,9.252669334411621,0,283.5587158203125,biscuit
ASC453,Coffee biscuit,asc_manual,1740.9127197265625,416.5721740722656,46.553470611572266,6.897576808929443,23.004684448242188,21.68820571899414,1.58836829662323,9621.4375,5255.73193359375,6479.2890625,63.974151611328125,48.920841217041016,185.54701232910156,37.480289459228516,112.5298843383789,160.49273681640625,1.274959683418274,0.2752504050731659,4.260743141174316,0.0027786754071712494,0.6681745052337646,0.02132471650838852,0.8609046936035156,170.75929260253906,0.9907916188240051,8.159612655639648,0.06785137206315994,12.521485328674316,1.1801291704177856,17.47625160217285,0.10817447304725647,0.07357027381658554,0.5368335843086243,0.5009692907333374,0.14617124199867249,4.004523277282715,17.47625160217285,0.19483037292957306,231.51858520507812,biscuit
ASC454,Melting moments,asc_manual,1828.7896728515625,437.9105224609375,55.835391998291016,5.713255405426025,21.779199600219727,24.99565887451172,1.883138656616211,13008.7646484375,5791.6826171875,1183.332275390625,80.33389282226562,30.39398956298828,159.13856506347656,21.488313674926758,119.0884780883789,112.24874877929688,1.2018029689788818,0.11550584435462952,4.176961421966553,0.001669449033215642,0.4953589141368866,0.00868113525211811,0.677696168422699,240.43405151367188,0.7594323754310608,2.2470784187316895,0.07011686265468597,2.063438892364502,1.2195324897766113,21.562604904174805,0.19139231741428375,0.19445742666721344,0.803338885307312,0.41776296496391296,0.0629449114203453,2.9515860080718994,21.562604904174805,0,243.5225372314453,biscuit
ASC455,Ginger biscuit (Adarak ke biscuit),asc_manual,1746.312744140625,417.90899658203125,58.444786071777344,5.981011390686035,18.305675506591797,27.06212615966797,1.4885449409484863,11136.1201171875,4719.45947265625,847.55419921875,81.73374938964844,25.966976165771484,116.46026611328125,17.587203979492188,79.68214416503906,106.42414855957031,2.2014448642730713,0.10299278050661087,4.173374652862549,0.002063983352854848,0.9556243419647217,0.010732714086771011,0.6664602756500244,218.16305541992188,0.5583075284957886,2.7781217098236084,0.08668730407953262,1.9401445388793945,1.5077399015426636,11.7977294921875,0.06934984773397446,0.06352940946817398,0.4555211365222931,0.4906914532184601,0.07455108314752579,2.1630547046661377,11.7977294921875,0,256.32611083984375,biscuit
ASC456,Soyabean muthias,asc_manual,3453.31689453125,839.3265991210938,3.7021288871765137,2.4567065238952637,90.44906616210938,0.1665911078453064,1.4698957204818726,10904.9501953125,18603.939453125,57231.94921875,0,12.156806945800781,33.637332916259766,12.033452987670898,78.2490234375,100.29251861572266,0.5972486734390259,0.06521524488925934,1.0120521783828735,0.0006084794295020401,0.16064192354679108,0.039677366614341736,0.2406238466501236,0,44.089115142822266,3.9205267429351807,0,8.438973426818848,0,16.71217155456543,0.04191680625081062,0.016469459980726242,0.23781029880046844,0.1323605328798294,0.03631950542330742,0.058487605303525925,16.71217155456543,0.589577853679657,34.146766662597656,muthia
ASC457,Soyabean tikki,asc_manual,2874.5,698.1696166992188,4.386415004730225,3.534716844558716,74.01758575439453,0.3495849072933197,2.2043774127960205,8939.861328125,15223.0751953125,46736.234375,0,29.23094367980957,47.5947151184082,23.867923736572266,88.71622467041016,218.99472045898438,1.0399245023727417,0.0937056615948677,1.8030189275741577,0.0027924529276788235,0.28988680243492126,0.02505660429596901,0.3528302013874054,0,35.86716842651367,5.30264139175415,0,32.81939697265625,0,34.95773696899414,0.07279245555400848,0.029539622366428375,0.356679230928421,0.19463396072387695,0.05758490413427353,0.4724528193473816,34.95773696899414,4.051320552825928,771.388671875,tikki
ASC458,Soyabean namak paras,asc_manual,3450.041259765625,838.4635620117188,4.6501688957214355,2.650986671447754,89.82512664794922,0.21873001754283905,1.4136135578155518,10827.1748046875,18472.416015625,56840.96875,0,12.131110191345215,33.11283493041992,12.182184219360352,72.05317687988281,98.46002960205078,0.6443992853164673,0.06165372207760811,0.9237094521522522,0.0006578346365131438,0.1589767038822174,0.03088168054819107,0.23864778876304626,0,43.78678894042969,4.195888519287109,0,8.182366371154785,0,16.678848266601562,0.04166286066174507,0.01589766889810562,0.16719964146614075,0.1474646031856537,0.029054364189505577,0.07400639355182648,16.678848266601562,0,30.260393142700195,plate
ASC459,Peanut burfi (Moongfali ki burfi),asc_manual,2303.8740234375,550.9937133789062,48.137794494628906,9.311023712158203,36.840946197509766,43.078739166259766,4.08661413192749,5757.48046875,11577.55859375,18018.109375,0,25.196849822998047,154.33070373535156,78.3464584350586,6.775590419769287,269.2913513183594,1.4543306827545166,0.4115748107433319,1.342519760131836,0.0027559055015444756,0.6377952694892883,0.08503936976194382,1.291338562965393,0,12.149133682250977,2.7952754497528076,0,2.323621988296509,0,35.77559280395508,0.22440944612026215,0.04724409431219101,4.468503952026367,0.3976377844810486,0.09055118262767792,0.6338582634925842,35.77559280395508,0,32.598426818847656,burfi
ASC460,Spinach peanut namak paras (Palak moongfali namak paras),asc_manual,3046.156005859375,740.1648559570312,6.616377830505371,1.6543337106704712,78.51103210449219,0.2805851995944977,0.8090153932571411,9525.025390625,16334.3681640625,49401.40625,0,13.35468578338623,22.08026885986328,17.655595779418945,73.15365600585938,104.1633071899414,0.6695888042449951,0.06410438567399979,0.32882562279701233,0.003882957622408867,0.22245946526527405,0.020403321832418442,0.20316331088542938,0,38.40450668334961,0.7315144538879395,0,43.65733337402344,0,20.307710647583008,0.04456306993961334,0.020197706297039986,0.37848952412605286,0.10770265012979507,0.031237643212080002,0.5751680731773376,20.307710647583008,3.6022140979766846,1170.6002197265625,plate
ASC461,Gram flour and semolina chilla/cheela/savory pancake (Besan suji chilla/cheela),asc_manual,3124.1083984375,758.8948364257812,7.632391929626465,2.076328992843628,80.03778839111328,0.250166118144989,1.3923587799072266,9621.65234375,16406.544921875,50664.04296875,0,12.134053230285645,21.828073501586914,13.080731391906738,74.88355255126953,87.34883880615234,0.6686877012252808,0.0670764148235321,1.0991694927215576,0.0027242526412010193,0.307724267244339,0.004318936727941036,0.2582225799560547,0,39.492191314697266,0.565780758857727,0,32.62865447998047,0,23.141529083251953,0.055191028863191605,0.020215947180986404,0.2068106234073639,0.13063953816890717,0.04393687844276428,0.7916943430900574,23.141529083251953,2.525747537612915,828.1478271484375,cheela
ASC462,Rice moong dal cheela (Chawal aur moong dal ka cheela),asc_manual,3286.072265625,798.2612915039062,11.127787590026855,2.740994691848755,82.43790435791016,0.15128645300865173,1.184048056602478,9918.19921875,16894.228515625,52194.69921875,0,4.99485445022583,48.20240020751953,16.101200103759766,142.8216094970703,124.57633209228516,0.5118353366851807,0.11656947433948517,4.4022297859191895,0.0006003430462442338,0.15471698343753815,0.0372212678194046,0.3138936460018158,0,40.55162811279297,0.17581474781036377,0,6.208747863769531,0,8.783876419067383,0.04502572864294052,0.017049742862582207,0.3929674029350281,0.19277872145175934,0.03876500949263573,0.08233276009559631,8.783876419067383,0.001715265796519816,87.62435913085938,cheela
ASC463,Split bengal gram sweet rice (Channa dal sweet rice),asc_manual,795.8636474609375,190.21141052246094,41.07227325439453,4.154545307159424,0.6440909504890442,19.4095458984375,2.2272727489471436,92.46136474609375,104.25682067871094,281.7045593261719,0,30.372272491455078,78.3022689819336,42.936363220214844,8.380000114440918,230.1818084716797,1.7686363458633423,0.151818186044693,4.904090881347656,0.004363636486232281,0.49590909481048584,0.04636363685131073,0.6795454621315002,0,0.04681818187236786,0.2659090757369995,0,0.47727271914482117,0,22.03409194946289,0.07954545319080353,0.029545454308390617,0.7450000047683716,0.3227272629737854,0.22863635420799255,0.27590909600257874,22.03409194946289,0,107.40682220458984,plate
ASC464,Sweet poori (Meethi poori),asc_manual,3224.229736328125,782.7457275390625,14.262786865234375,2.118032693862915,79.63114929199219,7.14540958404541,1.5408196449279785,9590.5927734375,16442.580078125,50270.0390625,0,34.24098587036133,51.50246047973633,27.80327796936035,2.566065549850464,82.77049255371094,1.127049207687378,0.08639344573020935,4.9236063957214355,0.0016393442638218403,0.38557377457618713,0.02426229417324066,0.44704917073249817,0,38.85901641845703,2.1678688526153564,0,7.110491752624512,0,12.050819396972656,0.05836065486073494,0.0198360662907362,0.3227868676185608,0.13868851959705353,0.10360655933618546,0.4419671893119812,12.050819396972656,0,26.778852462768555,poori
ASC465,Wheat flour and moong dal burfi (Atta aur moong dal ki burfi),asc_manual,1845.5714111328125,441.0816955566406,59.99618911743164,9.835238456726074,18.411428451538086,31.11618995666504,6.019047737121582,9227.23828125,5467.20947265625,2068.381103515625,35.142860412597656,25.198095321655273,206.76190185546875,84.57142639160156,5.248571395874023,396.4761962890625,2.3047618865966797,0.44380950927734375,25.05238151550293,0.002761904615908861,1.1923809051513672,0.2780952453613281,1.6200000047683716,131.71429443359375,1.3485714197158813,4.903809547424316,0,2.2476189136505127,0,34.5476188659668,0.24095238745212555,0.0771428570151329,2.1085715293884277,0.6647619009017944,0.12952381372451782,0.4942857027053833,34.5476188659668,0,473.0762023925781,piece
ASC466,Spinach burfi (Palak burfi),asc_manual,508.268310546875,121.17243957519531,12.760344505310059,2.707460641860962,6.814060211181641,12.11890983581543,1.1717361211776733,4185.8017578125,1406.6815185546875,296.0157775878906,5.647058963775635,93.67575073242188,70.86656951904297,33.1423225402832,27.774906158447266,268.7833557128906,1.0515495538711548,0.1034720242023468,1.88624107837677,0.011004304513335228,0.4278048872947693,0.013199426233768463,0.3757675886154175,21.164993286132812,0.8036298155784607,0.13733142614364624,0,93.34922790527344,0,45.48099136352539,0.06444763392210007,0.09307029843330383,0.16259685158729553,0.26466283202171326,0.07051649689674377,2.3603155612945557,45.48099136352539,9.842181205749512,2904.295654296875,piece
ASC467,Sweet split chickpea roti (Sweet channa dal roti/Puranpoli),asc_manual,1529.8758544921875,366.58697509765625,62.66041946411133,9.514519691467285,7.927868843078613,24.73255157470703,8.159250259399414,3897.81640625,1865.0594482421875,1109.06787109375,15.555034637451172,53.30351257324219,229.37611389160156,112.97423553466797,12.053863525390625,462.10772705078125,4.360655784606934,0.3981264531612396,34.42997741699219,0.007400468457490206,1.912880539894104,0.03231850266456604,2.1451990604400635,58.299766540527344,0.5328336954116821,6.750351428985596,0,0.9836065769195557,0,51.831382751464844,0.2735362946987152,0.10117096453905106,1.466042160987854,0.7718969583511353,0.35222482681274414,0.6707260012626648,51.831382751464844,0,446.7442626953125,roti
ASC468,Sprouted moong daliya ,asc_manual,463.89239501953125,111.56324768066406,14.772531509399414,2.8050949573516846,4.709778308868408,1.6673418283462524,3.1229429244995117,553.9398803710938,927.6819458007812,2808.58544921875,0,22.623416900634766,18.9984188079834,9.463607788085938,196.72943115234375,83.92247009277344,1.29392409324646,0.03606012463569641,0.10287974774837494,0.001506329164840281,0.10351265966892242,0.005379746668040752,0.15645569562911987,0,2.1486074924468994,0.3689873516559601,0,4.346677303314209,0,11.15123462677002,0.02854430489242077,0.014651898294687271,0.14515823125839233,0.13360759615898132,0.04553797468543053,0.6541138887405396,11.15123462677002,2.384493589401245,1506.8291015625,plate
ASC469,Sprouted moong poha ,asc_manual,804.4395141601562,192.60342407226562,26.604839324951172,5.592452049255371,6.885891437530518,1.9255794286727905,3.132828712463379,1241.2254638671875,2546.09765625,2828.32421875,0,28.390417098999023,116.23786163330078,55.62655258178711,220.8244171142578,268.0632019042969,2.4257616996765137,0.2131631225347519,1.0089373588562012,0.016106465831398964,0.5415899157524109,0.13745884597301483,0.9300898909568787,0,1.546668529510498,2.332547426223755,0,8.096061706542969,0,24.46341323852539,0.12896409630775452,0.042028430849313736,1.9534244537353516,0.40590915083885193,0.09544974565505981,0.9699623584747314,24.46341323852539,10.05473804473877,517.2791137695312,plate
ASC470,Pearl millet ladoo (Bajra ladoo),asc_manual,1337.4736328125,319.6562194824219,50.98263168334961,9.61368465423584,8.058947563171387,27.441051483154297,5.996841907501221,1473.8094482421875,3064.985107421875,2786.92626953125,0,118.73736572265625,224.22000122070312,125.57894897460938,12.261052131652832,479.3157958984375,4.718947410583496,0.4421052634716034,15.044210433959961,0.011789473704993725,0.8873684406280518,0.2347368448972702,1.8742104768753052,0,0.6168420910835266,5.900526523590088,0,7.465789794921875,0,40.20579147338867,0.19421052932739258,0.08473684638738632,1.8284209966659546,0.5126315951347351,0.37210527062416077,0.7715789079666138,40.20579147338867,0,159.82106018066406,ladoo
ASC471,Paushtik ladoo,asc_manual,2035.2857666015625,485.8724365234375,60.335357666015625,7.651785850524902,24.982500076293945,38.119285583496094,4.57357120513916,13246,7023.892578125,2437.071533203125,52.71428680419922,20.667858123779297,123.82142639160156,47.46428680419922,6.093571186065674,161,1.6260714530944824,0.2175000011920929,10.443571090698242,0.001571428612805903,0.9407142996788025,0.09285714477300644,1.0396428108215332,197.57142639160156,2.0399999618530273,2.9053571224212646,0,2.039285659790039,0,46.172855377197266,0.19607143104076385,0.0657142847776413,1.5732142925262451,0.448928564786911,0.14142857491970062,1.7507141828536987,46.172855377197266,0,461.5571594238281,ladoo
ASC472,Paushtik roti,asc_manual,627.7606811523438,149.2551727294922,26.594066619873047,7.168041706085205,1.508170485496521,2.027719497680664,5.735730171203613,228.82728576660156,216.58563232421875,753.398193359375,0,52.74306106567383,127.74998474121094,77.02994537353516,170.95803833007812,403.4388732910156,2.6235814094543457,0.24520297348499298,13.869828224182129,0.012975627556443214,1.4370286464691162,0.02483893558382988,1.150346279144287,0,0.9722044467926025,3.4503321647644043,0,129.23829650878906,0,98.03768157958984,0.23984864354133606,0.10491578280925751,1.0639113187789917,0.5443809628486633,0.21293488144874573,3.610555648803711,98.03768157958984,15.481666564941406,3830.80810546875,roti
ASC473,Semolina carrot vada (Suji gajar vada),asc_manual,2878.863525390625,699.52880859375,6.520737171173096,1.5599077939987183,74.07450103759766,1.213517665863037,1.0675883293151855,9066.865234375,15206.939453125,46728.95703125,1.1827956438064575,26.47235107421875,30.728111267089844,6.354838848114014,73.16743469238281,73.02457427978516,0.3599078357219696,0.04897081479430199,1.0714285373687744,0.0007680491544306278,0.16973885893821716,0.0030721966177225113,0.2582181394100189,3.0107526779174805,36.32810974121094,0.7334868907928467,0,6.146697521209717,0,5.7542243003845215,0.03179723396897316,0.034408602863550186,0.12519201636314392,0.1344086080789566,0.0276497695595026,0.4285714328289032,5.7542243003845215,0.5852534174919128,743.6558837890625,vada
ASC474,Dhokla,asc_manual,915.9898071289062,216.48545837402344,30.68433380126953,13.447745323181152,5.283342361450195,4.781325340270996,4.9464521408081055,1343.3140869140625,1135.8055419921875,2180.6982421875,5.161734580993652,123.20574951171875,185.9419708251953,40.50749588012695,376.01763916015625,287.1483459472656,1.3876243829727173,0.1337902843952179,2.9300975799560547,0.0005582181038334966,0.8613461256027222,0.014390289783477783,1.05375337600708,13.138959884643555,1.8455536365509033,0.1853250414133072,0,6.697431564331055,0,99.91724395751953,0.24246981739997864,0.20923636853694916,1.0135215520858765,0.8282293677330017,0.2665281891822815,5.217844009399414,99.91724395751953,1.706078290939331,132.86485290527344,piece
BFP007,Kashmiri tea (Kehwa),bfp_manual,105.73159790039062,24.90366554260254,5.232052803039551,0.1741410195827484,0.5063420534133911,5.140420913696289,0.15692248940467834,38.56486129760742,330.287109375,114.39228820800781,0,3.188936710357666,4.134008884429932,3.4655239582061768,0.2923841178417206,8.809115409851074,0.0658862516283989,0.01689131371676922,0.05374756455421448,0.00046045967610552907,0.0957460030913353,0.00895987544208765,0.042091935873031616,0,0.22312816977500916,0.09895598143339157,0,0.08525516092777252,0,0.3180249333381653,0.0015192831633612514,0.002481495961546898,0.034581221640110016,0.00678223604336381,0.0010634982027113438,0.03010518290102482,0.3180249333381653,0.023872224614024162,0.8098247051239014,tea cup
BFP008,Steeped hot coffee,bfp_manual,67.40099334716797,15.908044815063477,3.0103960037231445,0.38663366436958313,0.33267325162887573,2.9621286392211914,0,201.0148468017578,90.14852142333984,10.247525215148926,0,10.396039962768555,10.26435661315918,3.93168306350708,2.8163366317749023,46.089107513427734,0.06163366511464119,0.011336633935570717,0.1596534699201584,0.0002970297064166516,0.02153465338051319,0,0.037871286273002625,0,0.016336632892489433,0,0,0.042574260383844376,0,0.6309405565261841,0.002623762236908078,0.010247524827718735,0.251485139131546,0.025247523561120033,0.0031683167908340693,0.8103960752487183,0.6309405565261841,0.14925742149353027,14.851485252380371,tea cup
BFP011,Hot chocolate,bfp_manual,377.6824035644531,90.00577545166016,9.018110275268555,3.429396390914917,4.611023902893066,8.863516807556152,0,2780.892333984375,1265.7218017578125,148.24147033691406,0.015748031437397003,113.62992095947266,101.73648071289062,14.98635196685791,36.04094314575195,135.43307495117188,0.33149605989456177,0.22391074895858765,0.9081364870071411,0.003779527498409152,0.06359580159187317,0,0.6091863512992859,0.03937007859349251,0.2331758588552475,0,0,0.006036745384335518,0,7.041470050811768,0.029501313343644142,0.1072440966963768,0.10813648253679276,0.3377952575683594,0.038398947566747665,2.3511810302734375,7.041470050811768,1.8992125988006592,189.0157470703125,tea cup
BFP013,Cold coffee (with cream),bfp_manual,348.62274169921875,82.76406860351562,11.983233451843262,1.9341317415237427,3.289820432662964,11.905388832092285,0,2024.311279296875,885.1497192382812,103.83233642578125,3.2934131622314453,64.43113708496094,54.789222717285156,8.577245712280273,15.352095603942871,107.03592681884766,0.14491018652915955,0.0325748510658741,0.5628742575645447,0.0019161677919328213,0.02994012087583542,0,0.19820359349250793,17.42514991760254,0.13353294134140015,0,0,0.05149700492620468,0,3.798802375793457,0.01664670556783676,0.06658682972192764,0.34131738543510437,0.18083831667900085,0.02119760401546955,1.918562889099121,3.798802375793457,1.022754430770874,105.92814636230469,tall glass
BFP015,Banana milkshake with ice cream (Kele ka milkshake ice cream ke saath),bfp_manual,321.4264831542969,76.44817352294922,11.153529167175293,2.01411771774292,2.77117657661438,9.944705963134766,0.2688235342502594,1675.0294189453125,738.3682250976562,102.70587921142578,1.2970588207244873,68.29647064208984,57.36705780029297,8.60058879852295,16.62588119506836,110.88235473632812,0.1379411816596985,0.036176469177007675,0.5470588207244873,0.004117647185921669,0.047647055238485336,0,0.20999999344348907,4.014705657958984,0.14867646992206573,0.023529410362243652,0,0.2588235139846802,0,6.095882415771484,0.021470587700605392,0.0752941146492958,0.10764705389738083,0.26749998331069946,0.08294117450714111,1.3264706134796143,6.095882415771484,2.0564706325531006,138.4558868408203,tall glass
BFP019,Flavoured milkshake,bfp_manual,281.0526428222656,66.77578735351562,8.646315574645996,2.0589473247528076,2.8294737339019775,8.614736557006836,0,1709.6842041015625,766.73681640625,87.15789031982422,0,75.05262756347656,61.03789520263672,5.3347368240356445,16.343156814575195,72.89473724365234,0.10526315867900848,0.025263158604502678,0.6000000238418579,0.002526315860450268,0.006315789185464382,0,0.21368420124053955,0,0.13894736766815186,0,0,0,0,4.440000057220459,0.01894736848771572,0.06947368383407593,0.05052631348371506,0.21473683416843414,0.02526315674185753,1.2505263090133667,4.440000057220459,1.269473671913147,126.31578826904297,tall glass
BFP024,Jal jeera,bfp_manual,127.6602554321289,30.240806579589844,6.700246334075928,0.43786653876304626,0.25982123613357544,5.711817264556885,0.952431321144104,22.963315963745117,107.01592254638672,77.32659149169922,0,24.717649459838867,11.297228813171387,12.891300201416016,215.61839294433594,76.30691528320312,0.8351826667785645,0.04896801710128784,0.39989763498306274,0.005717983935028315,0.33857664465904236,0.01785437949001789,0.11137931048870087,0,0.036521848291158676,1.333912968635559,0,5.78599214553833,0,3.195875644683838,0.02129039540886879,0.009932152926921844,0.12637531757354736,0.02242700569331646,0.01602894812822342,0.10543356090784073,3.195875644683838,1.592162013053894,411.21600341796875,juice glass
BFP026,Gingo,bfp_manual,204.12371826171875,48.01787185668945,12.418608665466309,0.13628865778446198,0.059364259243011475,12.079399108886719,0.16749140620231628,14.974226951599121,3.3000171184539795,28.726804733276367,0,6.331271648406982,2.3120274543762207,3.3510308265686035,21.501529693603516,20.821306228637695,0.2144673466682434,0.019570447504520416,0.22247423231601715,0.0015137456357479095,0.055962201207876205,0.0053264605812728405,0.030670104548335075,0,0.01532646082341671,0.1247250884771347,0,3.6937286853790283,0,2.9192440509796143,0.002817869419232011,0.004776632413268089,0.024020617827773094,0.015257732011377811,0.006769759580492973,0.15372851490974426,2.9192440509796143,2.8829381465911865,392.6816101074219,tall glass
BFP027,Mintade,bfp_manual,171.36402893066406,40.32213592529297,10.594780921936035,0.033421050757169724,0.023464912548661232,10.469386100769043,0.025833332911133766,6.302631378173828,1.3053947687149048,11.271929740905762,0,2.096842050552368,0.6421491503715515,0.8482456207275391,26.693552017211914,5.995614051818848,0.05254385992884636,0.008728070184588432,0.05171052739024162,0.0003289473825134337,0.005175438709557056,0.002543859649449587,0.011096491478383541,0,0.0035964911803603172,0.02504386007785797,0,0.7666666507720947,0,0.8227193355560303,0.0012719298247247934,0.0011403508251532912,0.0063157896511256695,0.005175438709557056,0.001754386001266539,0.06021929532289505,0.8227193355560303,1.491754412651062,84.26728057861328,glass
BFP029,Canjee,bfp_manual,27.67498779296875,6.614322185516357,0.4361233413219452,0.24410180747509003,0.4234459102153778,0.2112579643726349,0.3596671521663666,26.17278480529785,208.49290466308594,104.16544342041016,0,5.824277877807617,9.255017280578613,3.570239782333374,43.03103256225586,21.198238372802734,0.17019090056419373,0.01123837474733591,0.710425853729248,0.00046010769437998533,0.05349975451827049,0.002936857519671321,0.05389133468270302,0,0.02447381243109703,0.37777775526046753,0,1.030200719833374,0,2.119236469268799,0.007464512716978788,0.005159079562872648,0.053646598011255264,0.019818894565105438,0.008761624805629253,0.08761624991893768,2.119236469268799,0.304943710565567,474.297607421875,glass
BFP030,Cauliflower canjee (Phoolgobhi ki canjee),bfp_manual,28.85674285888672,6.896761417388916,0.34624359011650085,0.38903406262397766,0.42281848192214966,0.09454036504030228,0.4940737187862396,31.777881622314453,200.1007843017578,107.05086517333984,0,6.263182640075684,11.230984687805176,4.77694845199585,41.448158264160156,38.174522399902344,0.22384507954120636,0.011647223494946957,0.7108725905418396,0.0009052730165421963,0.061735887080430984,0.0027998134028166533,0.06864208728075027,0,0.015398972667753696,0.41987866163253784,0,1.4632290601730347,0,5.186934471130371,0.008982734754681587,0.010051329620182514,0.06980867683887482,0.06275781989097595,0.015352309681475163,0.24405039846897125,5.186934471130371,4.399906635284424,19.312179565429688,glass
BFP031,Potato canjee (Aloo canjee),bfp_manual,68.04950714111328,16.263832092285156,2.68544602394104,0.43521127104759216,0.38843363523483276,0.10098164528608322,0.4271446764469147,26.514724731445312,183.25991821289062,101.49807739257812,0,5.206146240234375,13.644899368286133,6.508322715759277,35.989501953125,99.19248962402344,0.2201024293899536,0.021749893203377724,0.738113522529602,0.0005719163455069065,0.0607341006398201,0.002560819499194622,0.0841229185461998,0,0.02262057177722454,0.30379852652549744,0,0.4770379662513733,0,3.4697396755218506,0.015044813975691795,0.004925309214740992,0.21493810415267944,0.06935125589370728,0.020017072558403015,0.24285104870796204,3.4697396755218506,3.952624797821045,48.86470413208008,glass
BFP036,Vermicelli porridge (Semiya/Seviyan porridge),bfp_manual,329.0567626953125,78.3978271484375,10.564943313598633,2.4965951442718506,2.982597589492798,7.040101051330566,0.48171499371528625,1788.3958740234375,801.1016845703125,103.60655975341797,0.620428740978241,72.95989990234375,63.883731842041016,7.152080535888672,65.33417510986328,78.83858489990234,0.20416142046451569,0.03389659523963928,1.2958385944366455,0.0027742749080061913,0.04388398677110672,0.0047919293865561485,0.2480453997850418,2.3253469467163086,0.1481967270374298,0.16191677749156952,0,0.05044136196374893,0,4.921563625335693,0.024211853742599487,0.06708700954914093,0.08221942186355591,0.23051701486110687,0.025725094601511955,1.2660781145095825,4.921563625335693,1.21664559841156,126.83379364013672,bowl
BFP039,Semolina upma (Suji/Rava upma),bfp_manual,614.1819458007812,147.8926239013672,16.312658309936523,3.3008673191070557,7.4932708740234375,1.3097596168518066,3.2424237728118896,912.7474975585938,1533.311279296875,4651.79345703125,0,21.570825576782227,44.184532165527344,21.34130096435547,101.5870132446289,158.3509063720703,1.0960006713867188,0.14181873202323914,3.2089836597442627,0.004189826548099518,0.5897346138954163,0.07482001185417175,0.5882509350776672,0,3.5711569786071777,3.442525863647461,0,10.17151165008545,0,14.239683151245117,0.07768198847770691,0.0253432784229517,0.4331974983215332,0.28466659784317017,0.06689285486936569,0.5822144746780396,14.239683151245117,4.368547439575195,1276.853515625,bowl
BFP040,Vermicelli upma (Semiya/Seviyan upma),bfp_manual,619.2640380859375,149.1072540283203,16.875455856323242,3.1107585430145264,7.446214199066162,1.401990532875061,3.21042537689209,905.4216918945312,1526.0645751953125,4622.6181640625,0,20.300296783447266,41.92581558227539,21.555879592895508,101.7978286743164,138.21067810058594,0.9284791350364685,0.09664439409971237,3.8414244651794434,0.004378052894026041,0.3582160770893097,0.07529057562351227,0.35296785831451416,0,3.5353939533233643,2.5051584243774414,0,10.133866310119629,0,11.892498970031738,0.045683495700359344,0.019696485251188278,0.346613347530365,0.2357277274131775,0.05183473601937294,0.7516182661056519,11.892498970031738,4.368547439575195,1228.9178466796875,bowl
BFP041,Rice upma,bfp_manual,628.2989501953125,151.26658630371094,17.955875396728516,2.628898859024048,7.457507610321045,1.1252976655960083,2.1168298721313477,924.2537841796875,1536.94775390625,4631.27685546875,0,17.567249298095703,48.13728713989258,19.238811492919922,101.74700927734375,131.62274169921875,0.6706088781356812,0.10605571419000626,1.3756580352783203,0.004001599736511707,0.3657451570034027,0.09223095327615738,0.3906131684780121,0,3.55045223236084,1.9009513854980469,0,10.22797966003418,0,11.241235733032227,0.05509481951594353,0.02910780720412731,0.6929499506950378,0.24702131748199463,0.08759775757789612,0.5577450394630432,11.241235733032227,4.368547439575195,1233.7308349609375,bowl
BFP042,Bread upma,bfp_manual,540.3971557617188,129.51344299316406,12.59895133972168,2.7964203357696533,7.749258518218994,1.563865303993225,1.9587196111679077,896.0198364257812,1520.6361083984375,4590.61962890625,0,45.2158317565918,39.855323791503906,18.350383758544922,176.44277954101562,130.11692810058594,0.817425549030304,0.08158627897500992,2.4692535400390625,0.0030604677740484476,0.309277206659317,0.0663498193025589,0.31908711791038513,0,3.548569917678833,1.9009513854980469,0,9.945640563964844,0,14.864594459533691,0.06450614333152771,0.03099007159471512,0.5216639041900635,0.1434967815876007,0.05936379358172417,0.49939486384391785,14.864594459533691,4.368547439575195,1224.9029541015625,bowl
BFP043,Vegetable upma,bfp_manual,610.063720703125,146.46817016601562,16.45557403564453,4.727303981781006,6.6315436363220215,1.3855432271957397,4.188104152679443,934.7339477539062,1867.7379150390625,3430.700439453125,0,26.684045791625977,67.04376983642578,33.546119689941406,347.0248107910156,208.3038330078125,1.3460150957107544,0.19161757826805115,3.7507591247558594,0.004836501553654671,0.6346469521522522,0.11584486067295074,0.783149003982544,0,2.3898730278015137,4.815073013305664,0,12.86119556427002,0,21.418569564819336,0.12219510972499847,0.03833997994661331,1.0402652025222778,0.3554939329624176,0.08703640848398209,0.8558792471885681,21.418569564819336,6.119507312774658,2262.20166015625,plate
BFP044,Poha,bfp_manual,1226.3480224609375,294.5255126953125,35.047969818115234,6.085385799407959,14.138228416442871,0.8732900023460388,3.7158710956573486,2035.867919921875,4117.08935546875,7340.79345703125,0,37.66736602783203,139.7613525390625,66.85000610351562,377.09686279296875,333.9754638671875,3.0146546363830566,0.2420864701271057,2.311366558074951,0.022785307839512825,0.6949825882911682,0.25370946526527405,1.0679960250854492,0,5.02845573425293,3.731428623199463,0,13.149653434753418,0,21.909507751464844,0.13528668880462646,0.044806741178035736,2.089362621307373,0.4214361608028412,0.09341637790203094,0.8298149704933167,21.909507751464844,12.1254243850708,842.4389038085938,bowl
BFP045,Vegetable poha,bfp_manual,751.9555053710938,180.51585388183594,21.520601272583008,4.88825798034668,8.069046020507812,1.400986909866333,3.764533281326294,1165.7191162109375,2322.68994140625,4183.578125,0,28.01166534423828,96.287109375,48.587745666503906,418.0244445800781,223.08535766601562,1.9237550497055054,0.18990391492843628,2.283061981201172,0.014820453710854053,0.5415562987327576,0.1553715616464615,0.8124138712882996,0,2.8477842807769775,4.125115394592285,0,15.449603080749512,0,22.27690887451172,0.11242205649614334,0.04617806524038315,1.3490182161331177,0.3729719817638397,0.08643054217100143,1.0206302404403687,22.27690887451172,7.370556354522705,2675.12451171875,bowl
BFP046,Moong dal stuffed cheela/chilla (Moong dal ka cheela/chilla),bfp_manual,645.1849975585938,154.88502502441406,19.423521041870117,6.9737772941589355,5.1147565841674805,1.1091632843017578,4.251524448394775,654.2700805664062,1003.8124389648438,3074.909912109375,0,39.343589782714844,129.16481018066406,61.10455322265625,267.23101806640625,574.1236572265625,2.2201030254364014,0.3057207763195038,12.136541366577148,0.006577002815902233,0.5490801930427551,0.1447235345840454,0.860771119594574,0,2.3389086723327637,2.490921974182129,0,20.819950103759766,0,35.16911697387695,0.1214960590004921,0.044258564710617065,0.9188347458839417,0.6319121718406677,0.12502704560756683,1.1061140298843384,35.16911697387695,15.312643051147461,1103.7479248046875,cheela
BFP047,Paneer stuffed cheela/chilla,bfp_manual,855.46044921875,205.18930053710938,19.159791946411133,11.436202049255371,8.886109352111816,3.814091682434082,4.02839469909668,2771.41162109375,2083.070556640625,3356.022705078125,0,151.29835510253906,202.70680236816406,64.32133483886719,289.0993957519531,464.02783203125,2.4143831729888916,0.3233151435852051,18.213394165039062,0.03233245387673378,0.5756247639656067,0.15400555729866028,1.4810864925384521,0,2.4904823303222656,2.639341115951538,0,21.641780853271484,0,54.87846755981445,0.11642113327980042,0.06787218153476715,0.6959859728813171,0.6756115555763245,0.11266613006591797,5.7255353927612305,54.87846755981445,9.307554244995117,1163.7310791015625,cheela
BFP052,Indian style egg bhujia (Anda bhujia (Indian style)),bfp_manual,428.1893310546875,102.83442687988281,3.7618134021759033,6.096826553344727,7.019655227661133,1.9454612731933594,1.53493332862854,1603.6314697265625,2060.477783203125,2570.74267578125,145.28421020507812,31.895803451538086,90.41751861572266,17.08891487121582,218.0529327392578,178.56199645996094,1.1353040933609009,0.08311209827661514,16.169145584106445,0.0027511909138411283,0.28186726570129395,0.038107335567474365,0.6466687917709351,78.59638214111328,2.2567036151885986,3.353186845779419,0.3334391713142395,13.453559875488281,5.799459934234619,32.427310943603516,0.04988250136375427,0.09105033427476883,0.3244124948978424,0.7331010103225708,0.13329628109931946,8.266596794128418,32.427310943603516,10.763275146484375,1770.1728515625,small bowl
BFP054,French omelette/omlet,bfp_manual,875.0735473632812,211.03948974609375,0.41132351756095886,10.030881881713867,18.85691261291504,0.09558823704719543,0.3808823525905609,9846.80859375,5638.2294921875,1280.558837890625,300.441162109375,46.34558868408203,142.38058471679688,13.26264762878418,381.853515625,133.08824157714844,1.5838971138000488,0.07352941483259201,29.837718963623047,0.00147058826405555,0.09808824211359024,0.052941177040338516,0.9489706158638,286.4705810546875,1.405220627784729,0.29323530197143555,0.6176470518112183,10.404412269592285,10.742647171020508,37.92595672607422,0.04720588028430939,0.15213234722614288,0.10860294103622437,1.1089706420898438,0.12522058188915253,13.589485168457031,37.92595672607422,0.7020588517189026,611.1102905273438,egg
BFP055,Puffy omelette/omlet,bfp_manual,780.1644897460938,188.14869689941406,0.07894736528396606,8.815789222717285,16.835525512695312,0.07894736528396606,0,8800,5041.447265625,1130.26318359375,268.8157958984375,34.96052551269531,124.74342346191406,8.664473533630371,340.52630615234375,231.63815307617188,1.199342131614685,0.047894738614559174,26.605262756347656,0,0.01315789483487606,0,0.8230262994766235,256.3157958984375,1.236842155456543,0,0.5526315569877625,0.9736842513084412,9.611842155456543,32.44736862182617,0.03947368264198303,0.1342105269432068,0.07236842066049576,0.9736842513084412,0.10526315867900848,12.026315689086914,32.44736862182617,0,168.8157958984375,egg
BFP056,Orange omelette/omlet,bfp_manual,807.7960205078125,194.66184997558594,1.6776316165924072,8.934210777282715,16.835525512695312,1.6776316165924072,0,8800,5041.447265625,1130.26318359375,268.8157958984375,37.32894515991211,129.0855255126953,11.0328950881958,340.9210510253906,267.16448974609375,1.2585526704788208,0.047894738614559174,26.605262756347656,0,0.03289473429322243,0,0.8230262994766235,256.3157958984375,1.3059210777282715,0,0.5526315569877625,0.9736842513084412,9.611842155456543,37.97368240356445,0.055263157933950424,0.1381578892469406,0.11184210330247879,1.0269737243652344,0.11513157933950424,12.223684310913086,37.97368240356445,9.473684310913086,179.67105102539062,egg
BFP057,Cheese and mushroom omelette/omlet,bfp_manual,852.34375,205.62684631347656,1.6825780868530273,9.69140625,17.819297790527344,1.07421875,0.9312500357627869,10077.498046875,5051.986328125,1014.59375,184.53125,148.7726593017578,246.95452880859375,16.6864070892334,400.2940673828125,181.0546875,1.0070703029632568,0.060546875,16.827850341796875,0.0031250000465661287,0.09507812559604645,0.02968749962747097,1.0557031631469727,242.34375,0.9285547137260437,4.969843864440918,0.328125,9.05859375,5.70703125,25.018476486206055,0.039140623062849045,0.13941405713558197,0.2366015613079071,0.8090624809265137,0.10832031071186066,10.484257698059082,25.018476486206055,0.37296876311302185,366.95703125,egg
BFP058,Spanish omelette/omlet,bfp_manual,653.6776123046875,157.44740295410156,5.1000657081604,8.250065803527832,11.439275741577148,1.0253947973251343,2.541973829269409,6203.92919921875,3315.994384765625,735,145.2302703857422,31.72072410583496,108.45986938476562,22.265789031982422,233.86737060546875,185.74342346191406,1.2816119194030762,0.12263157963752747,14.631348609924316,0.0018355263164266944,0.2093421071767807,0.0335526317358017,0.9317105412483215,159.67105102539062,0.7881907820701599,5.180526256561279,0.2763157784938812,18.532896041870117,4.8059210777282715,40.247337341308594,0.16835527122020721,0.09430921077728271,0.9659539461135864,0.8208552598953247,0.17358551919460297,7.958519458770752,40.247337341308594,18.832895278930664,1010.2335205078125,egg
BFP059,Mixed stock,bfp_manual,104.56044006347656,25.192527770996094,0.332087904214859,2.0648350715637207,1.7134065628051758,0.2002197802066803,0.14571428298950195,497.7696838378906,743.0850830078125,354.3516540527344,10.549450874328613,2.057582378387451,21.437362670898438,3.0701098442077637,9.512746810913086,39.42856979370117,0.07208791375160217,0.01076923031359911,1.3312088251113892,0.0001538461510790512,0.011978021822869778,0.00021978022414259613,0.12857142090797424,5.934065818786621,0.018901098519563675,0.04593406617641449,0,0.502197802066803,0,1.8224176168441772,0.008351648226380348,0.014065933413803577,0.8199999928474426,0.13021978735923767,0.05406593158841133,0.25516483187675476,1.8224176168441772,0.2837362587451935,208.04615783691406,cup
BFP060,Meat stock,bfp_manual,101.55172729492188,24.482759475708008,0,2.1034481525421143,1.7758620977401733,0,0,517.2413940429688,775.862060546875,362.0689697265625,11.034482955932617,0.8620689511299133,20.689655303955078,2.4137930870056152,8.620689392089844,31.034482955932617,0.051724135875701904,0.006896551698446274,1.3793103694915771,0,0.0017241379246115685,0,0.12068965286016464,6.206896781921387,0.013793103396892548,0,0,0,0,0.6896551847457886,0.006896551698446274,0.013793103396892548,0.8448275923728943,0.12241379916667938,0.051724135875701904,0.17241379618644714,0.6896551847457886,0,0,cup
BFP062,White stock,bfp_manual,28.882352828979492,6.987189769744873,0.39895424246788025,0.06797385960817337,0.5558170080184937,0.24209150671958923,0.1733333319425583,344.34039306640625,138.24496459960938,28.24836540222168,1.3921568393707275,1.5848366022109985,2.1215686798095703,0.9200000166893005,1.564182996749878,11.784313201904297,0.02692810446023941,0.005032679997384548,0.014901961199939251,0.00018300653027836233,0.012287581339478493,0.00026143790455535054,0.016339870169758797,6.261437892913818,0.018888888880610466,0.054640524089336395,0,0.6457516551017761,0,1.3835294246673584,0.002091503469273448,0.0015032680239528418,0.014640523120760918,0.016013070940971375,0.0054901959374547005,0.10875817388296127,1.3835294246673584,0.33751633763313293,251.45359802246094,cup
BFP065,Meat consomme (with mutton),bfp_manual,124.5353775024414,29.764188766479492,0.5090901851654053,14.858928680419922,13.677584648132324,0.24457170069217682,0.7074366807937622,8.812389373779297,3.9053397178649902,14.760445594787598,0,115.8780746459961,177.18984985351562,38.670867919921875,12665.5185546875,366.4760437011719,4.215115547180176,0.08788998425006866,0.9154218435287476,0.0004153895715717226,0.2909017503261566,0.007420551497489214,0.9533150792121887,0,0.00915470253676176,0.13472335040569305,0.04319244995713234,1.730924367904663,0,2.4984593391418457,0.02680916152894497,0.026210680603981018,0.8984352350234985,0.072858527302742,0.0060735601000487804,0.3087836802005768,2.4984593391418457,0.39319247007369995,206.11227416992188,bowl
BFP066,Consomme au julienne,bfp_manual,116.16287994384766,27.762632369995117,1.491213083267212,12.492985725402832,10.657533645629883,0.826224148273468,1.383997917175293,108.97428131103516,110.2122573852539,101.84439849853516,6.395636081695557,85.89312744140625,153.9667205810547,36.49509048461914,10208.4697265625,350.8617858886719,3.337251663208008,0.11440836638212204,2.7084946632385254,0.0011137810070067644,0.2811144292354584,0.006234575994312763,0.8973373770713806,0.7232108116149902,0.0784192755818367,0.3734445869922638,0.17817248404026031,4.968827247619629,2.8886868953704834,7.177549362182617,0.021066371351480484,0.0186361875385046,0.8971814513206482,0.23660865426063538,0.08139368891716003,0.9679374098777771,7.177549362182617,1.5284322500228882,1991.9456787109375,bowl
BFP067,Consomme au vermicelli,bfp_manual,125.29080200195312,29.944137573242188,1.3008853197097778,15.231201171875,12.981599807739258,0.2657361626625061,0.8061732649803162,113.4031753540039,130.64730834960938,63.327484130859375,7.854522705078125,97.342529296875,179.97923278808594,41.25263977050781,12524.60546875,367.5506591796875,3.97827410697937,0.12382038682699203,3.4332427978515625,0.0004889137344434857,0.2985803186893463,0.010368479415774345,1.0520339012145996,0.8881798982620239,0.046171635389328,0.1690620481967926,0.21881480515003204,1.7227628231048584,3.5476152896881104,3.2101850509643555,0.017640771344304085,0.015820706263184547,1.056675672531128,0.22427022457122803,0.07397511601448059,0.8447838425636292,3.2101850509643555,0.38880205154418945,202.90048217773438,bowl
BFP072,Green pea soup (Matar ka soup),bfp_manual,165.85072326660156,39.80643081665039,3.632769823074341,11.064568519592285,12.895628929138184,0.8695144057273865,2.4928057193756104,892.62939453125,532.8624267578125,135.7859649658203,4.156475067138672,46.63255310058594,103.2907943725586,38.394081115722656,10958.107421875,329.90826416015625,2.1844513416290283,0.08343525230884552,0.654973030090332,0.0009262590319849551,0.2762949764728546,0.012769783847033978,0.5469964146614075,11.296762466430664,0.07761690765619278,2.4559171199798584,0,9.53920841217041,0,11.773947715759277,0.07681655138731003,0.022185251116752625,0.45905575156211853,0.2046942412853241,0.05910971015691757,1.0789299011230469,11.773947715759277,7.395935535430908,473.178955078125,bowl
BFP073,Spinach soup (Palak ka soup),bfp_manual,135.78953552246094,32.59222412109375,3.0258355140686035,10.53670883178711,14.2641019821167,0.29184064269065857,1.9785419702529907,1078.769287109375,427.86468505859375,122.65998077392578,4.236192226409912,56.2313117980957,98.097412109375,50.716434478759766,12088.2080078125,415.55145263671875,2.680859088897705,0.08129134774208069,0.6510306000709534,0.005763469263911247,0.4468670189380646,0.009944113902747631,0.42148348689079285,19.05292320251465,0.29983213543891907,0.21969670057296753,0,65.1179428100586,0,30.019428253173828,0.04119249805808067,0.024564547464251518,0.13088761270046234,0.06086414307355881,0.03570672869682312,0.8927972316741943,30.019428253173828,6.16357421875,1919.314208984375,bowl
BFP074,Mixed vegetable soup,bfp_manual,148.51463317871094,35.70974349975586,2.948354959487915,8.2156343460083,11.661970138549805,1.6396868228912354,1.6370433568954468,1335.493896484375,555.05908203125,120.2552719116211,3.8665761947631836,50.69255828857422,89.51050567626953,30.08940315246582,9202.267578125,295.836181640625,1.7353527545928955,0.05651009827852249,0.3690946102142334,0.001949171768501401,0.21352393925189972,0.011799409985542297,0.3340480923652649,17.390514373779297,0.10086226463317871,1.3819491863250732,0,4.73961877822876,0,7.172441482543945,0.01715906523168087,0.02299523539841175,0.13641934096813202,0.1300998330116272,0.03159745782613754,0.7140685319900513,7.172441482543945,4.550941467285156,1100.412841796875,bowl
BFP075,Cheese soup,bfp_manual,170.54446411132812,41.13197326660156,1.8684245347976685,12.38849925994873,17.071733474731445,0.8367053270339966,1.7953871488571167,1911.77197265625,807.8654174804688,126.4994125366211,9.562989234924316,83.64647674560547,153.9750518798828,39.827938079833984,13695.34765625,350.9436340332031,2.3964953422546387,0.054282888770103455,0.4254226088523865,0.00041812786366790533,0.252652645111084,0.011689595878124237,0.5452612042427063,35.437461853027344,0.08190585672855377,0.19413721561431885,0,2.6058807373046875,0,4.556121349334717,0.009913676418364048,0.020557954907417297,0.04411698505282402,0.0760498195886612,0.015814675018191338,0.6606982350349426,4.556121349334717,1.1889668703079224,268.5516052246094,bowl
BFP076,Mulligatawny soup,bfp_manual,226.94931030273438,54.42295837402344,8.236784934997559,11.264935493469238,13.276717185974121,1.25943124294281,2.5955166816711426,781.4407958984375,317.77972412109375,115.99874114990234,3.0529754161834717,43.886451721191406,113.17669677734375,39.751461029052734,11602.4951171875,363.73626708984375,2.6538727283477783,0.12148033827543259,3.0248680114746094,0.0014935213839635253,0.33889463543891907,0.29268431663513184,0.591772735118866,13.731224060058594,0.0677531287074089,0.3528551757335663,0,4.0219011306762695,0,7.993191719055176,0.03557505086064339,0.017271528020501137,0.2728901505470276,0.1429021954536438,0.03630604222416878,0.45274338126182556,7.993191719055176,2.4005274772644043,655.43212890625,bowl
BFP079,Cream of carrot soup,bfp_manual,248.47589111328125,59.76658248901367,5.6875762939453125,8.274369239807129,12.351938247680664,1.7667776346206665,1.9785246849060059,2096.2578125,867.0672607421875,178.79953002929688,6.67024564743042,57.241275787353516,95.6249771118164,29.978439331054688,8694.7939453125,289.86846923828125,1.7302801609039307,0.06409964710474014,0.31162890791893005,0.0018683560192584991,0.24310104548931122,0.027703210711479187,0.38338881731033325,30.93739891052246,0.14102867245674133,0.48852142691612244,0,5.340491771697998,0,8.137206077575684,0.02221410907804966,0.033926770091056824,0.14382046461105347,0.15934714674949646,0.038548264652490616,0.8597229719161987,8.137206077575684,2.2939975261688232,1711.4056396484375,bowl
BFP080,Cream of broccoli soup,bfp_manual,233.8495635986328,56.142276763916016,3.7204384803771973,8.969630241394043,12.746293067932129,1.5947030782699585,1.8875502347946167,2282.005126953125,951.921142578125,182.28155517578125,7.665255546569824,66.5496597290039,108.5487289428711,30.93207359313965,8792.4296875,313.3990173339844,1.8187452554702759,0.05893411487340927,0.4789102375507355,0.0010854228166863322,0.23770759999752045,0.0156300887465477,0.47047650814056396,34.20384216308594,0.4088136553764343,0.2576359510421753,0,34.324974060058594,0,20.500141143798828,0.0385194830596447,0.05133615434169769,0.19270595908164978,0.20948660373687744,0.038423966616392136,1.3746445178985596,20.500141143798828,14.958428382873535,202.41397094726562,bowl
BFP082,Cream of potato soup,bfp_manual,250.33700561523438,60.20338439941406,6.142794132232666,8.100199699401855,12.049994468688965,1.2395669221878052,1.5147693157196045,2043.4388427734375,846.3880615234375,152.88131713867188,6.5300116539001465,51.96699523925781,92.55748748779297,31.03302764892578,8503.9912109375,348.6119079589844,1.6976873874664307,0.06254178285598755,0.4007358253002167,0.0014716703444719315,0.21213077008724213,0.015557657927274704,0.36944180727005005,30.286975860595703,0.11346578598022461,0.2894565165042877,0,2.5560810565948486,0,6.978639602661133,0.024059707298874855,0.02900872379541397,0.26967307925224304,0.1738673448562622,0.03563544526696205,0.8666666746139526,6.978639602661133,6.066645622253418,141.04278564453125,bowl
BFP087,Almond soup (Badam ka soup),bfp_manual,327.7515869140625,78.65080261230469,3.682903528213501,10.130523681640625,13.798742294311523,1.9448951482772827,0.9056499004364014,2578.136962890625,2371.0732421875,616.8920288085938,28.17609977722168,114.95445251464844,164.86460876464844,38.93031692504883,8376.935546875,282.2924499511719,2.8308701515197754,0.10737945139408112,1.6300209760665894,0.0020251572132110596,0.25339624285697937,0.01740041933953762,0.9030398726463318,37.48427963256836,1.0032703876495361,0.2790670692920685,0.06813416630029678,2.4707024097442627,0.9463312029838562,8.105964660644531,0.023029349744319916,0.05648846924304962,0.1932809203863144,0.23176100850105286,0.02875262126326561,2.3293709754943848,8.105964660644531,1.6097484827041626,164.48355102539062,bowl
BFP088,Cold cucumber cream soup ,bfp_manual,49.568626403808594,11.876679420471191,1.7591111660003662,0.3364967405796051,0.3370457589626312,0.508784294128418,0.7309281229972839,187.5560760498047,73.55999755859375,46.83921432495117,0.7189542651176453,8.019084930419922,10.71294116973877,7.374378681182861,207.89068603515625,64.98431396484375,0.16458824276924133,0.020104574039578438,0.07860130816698074,0.0018928104545921087,0.04405228793621063,0.00862745102494955,0.07194771617650986,3.803921699523926,0.017999999225139618,0.41644445061683655,0,2.6732025146484375,0,6.494104862213135,0.009359477087855339,0.0061307186260819435,0.11562091112136841,0.14235293865203857,0.022836601361632347,0.9901829957962036,6.494104862213135,3.848888874053955,57.8466682434082,bowl
BFP089,Cold tomato soup,bfp_manual,69.74498748779297,16.904006958007812,0.5917668342590332,0.11340618878602982,1.557085633277893,0.21992714703083038,0.16087432205677032,963.692138671875,385.5153503417969,79.6976318359375,3.8797812461853027,4.1956281661987305,2.265573740005493,2.6670310497283936,287.14947509765625,20.034608840942383,0.1008196771144867,0.009763205423951149,0.10071038454771042,0.0008014572085812688,0.02575591951608658,0.02149362489581108,0.018652094528079033,17.449909210205078,0.05065573751926422,0.523606538772583,0,2.6182148456573486,0,2.052805185317993,0.003897996386513114,0.004098360892385244,0.030983606353402138,0.01704918034374714,0.006284153088927269,0.17072859406471252,2.052805185317993,3.677304267883301,368.25262451171875,bowl
BFP090,Chicken stew,bfp_manual,529.2840576171875,127.54557800292969,4.441752910614014,7.192839622497559,8.912235260009766,1.4340790510177612,1.8176558017730713,1988.3533935546875,3026.3291015625,3328.22412109375,32.33847427368164,31.530900955200195,85.88422393798828,24.382909774780273,79.6158447265625,270.5869445800781,0.9001296758651733,0.08572559803724289,4.9675798416137695,0.004337330814450979,0.6281816363334656,0.05457117781043053,0.5662345886230469,18.190393447875977,1.8102859258651733,2.5644962787628174,0,9.849742889404297,0,12.229715347290039,0.05012497305870056,0.07079330086708069,2.837531805038452,0.4799036681652069,0.22660882771015167,1.1341726779937744,12.229715347290039,7.0381083488464355,1520.1734619140625,bowl
BFP091,Veg paneer stew,bfp_manual,606.7435302734375,145.5452117919922,10.215227127075195,6.984574794769287,8.407440185546875,4.8510541915893555,3.078566789627075,2836.666748046875,2036.049072265625,2959.739013671875,0,160.5060577392578,122.3258056640625,33.51688766479492,73.15274810791016,272.7697448730469,1.3662606477737427,0.13530567288398743,7.2277960777282715,0.03355391323566437,0.8721691966056824,0.07683864235877991,1.0985071659088135,0,2.2498586177825928,4.882193565368652,0,17.945598602294922,0,43.368289947509766,0.0767546221613884,0.06719454377889633,0.6482719779014587,0.362088143825531,0.12822385132312775,6.629614353179932,43.368289947509766,13.68459415435791,2117.279052734375,bowl
BFP108,Onion-green chilli parantha/paratha (Pyaaz aur hari mirch ka parantha/paratha),bfp_manual,796.0255126953125,191.2708282470703,26.3702449798584,4.371401786804199,7.2689714431762695,2.710275650024414,5.162296772003174,888.7286987304688,1432.3363037109375,4472.18603515625,0,24.90755271911621,124.85242462158203,53.415740966796875,241.19090270996094,190.3138885498047,1.8077523708343506,0.21950773894786835,18.66363525390625,0.0037890998646616936,1.165940284729004,0.023980814963579178,1.154050588607788,0,3.3387718200683594,5.046303749084473,0,5.7504353523254395,0,21.156848907470703,0.1650320440530777,0.06094048172235489,1.002040147781372,0.41948986053466797,0.13346152007579803,1.2248358726501465,21.156848907470703,3.98563289642334,311.21234130859375,parantha
BFP110,Methi parantha/paratha,bfp_manual,618.368408203125,148.36228942871094,22.191102981567383,4.271204471588135,4.344996452331543,2.4386165142059326,5.089674949645996,558.7900390625,809.6910400390625,2655.251708984375,0,65.85050201416016,112.69158172607422,54.86906814575195,48.357666015625,193.9167022705078,2.4177565574645996,0.21005994081497192,15.870827674865723,0.010057568550109863,1.1688380241394043,0.015716949477791786,1.04490327835083,0,1.9646152257919312,4.6844048500061035,0,80.90434265136719,0,31.202510833740234,0.15643736720085144,0.08906136453151703,0.9388636350631714,0.43873167037963867,0.17885303497314453,1.8935191631317139,31.202510833740234,13.845911979675293,2462.548095703125,parantha
BFP114,Bathua poori,bfp_manual,2466.823974609375,598.79443359375,13.852322578430176,2.352811813354492,59.13740539550781,0.414669930934906,1.8711491823196411,7228.85595703125,12112.7529296875,37288.2890625,0.6014670133590698,30.830318450927734,46.15647888183594,21.237407684326172,49.710758209228516,98.54401397705078,0.95831298828125,0.08176039159297943,5.3662590980529785,0.0010757946874946356,0.5462102890014648,0.009290953166782856,0.48471882939338684,2.2542788982391357,28.957115173339844,2.0951099395751953,0,31.325183868408203,0,9.64865493774414,0.06308068335056305,0.08288508653640747,0.37310513854026794,0.20562346279621124,0.05305623635649681,0.2838630676269531,9.64865493774414,5.015892505645752,482.8190612792969,poori
BFP115,Gram flour poori (Besan poori),bfp_manual,2873.77880859375,697.6649169921875,10.934513092041016,2.5867257118225098,71.51268005371094,0.34808260202407837,1.9362832307815552,8728.2001953125,14666.25390625,45080.35546875,0.7256637215614319,7.09026575088501,50.14896774291992,18.519174575805664,58.32625198364258,54.34955978393555,0.7101770043373108,0.07976401597261429,6.5038347244262695,0.0007079646456986666,0.4483775794506073,0.0064896754920482635,0.4249262511730194,2.719763994216919,35.043540954589844,1.5846608877182007,0,5.163421630859375,0,14.83421802520752,0.07610619813203812,0.0277286134660244,0.3917404115200043,0.17581120133399963,0.05604719743132591,0.585250735282898,14.83421802520752,0,40.89380645751953,poori
BFP116,Beetroot poori (Chukandar ki poori),bfp_manual,2173.696044921875,527.6575927734375,12.288643836975098,1.9128886461257935,52.177677154541016,0.5447970628738403,1.3979922533035278,6371.72119140625,10695.6708984375,32904.93359375,0.53108811378479,5.3791022300720215,38.66310501098633,15.319192886352539,46.4814338684082,56.24892044067383,0.600064754486084,0.06787564605474472,4.600712299346924,0.001381692592985928,0.3425086438655853,0.007987909950315952,0.3384067416191101,1.9905009269714355,25.546653747558594,1.7506476640701294,0,3.6409757137298584,0,9.181886672973633,0.04976252093911171,0.018674438819289207,0.2824913561344147,0.15133851766586304,0.032275475561618805,0.25388601422309875,9.181886672973633,0.2838946580886841,52.55828857421875,poori
BFP117,Peas poori (Matar ki poori),bfp_manual,2442.794921875,592.8313598632812,14.9174222946167,3.036515474319458,57.69212341308594,0.48162293434143066,2.252983331680298,7044.73193359375,11826.755859375,36380.2734375,0.5871121883392334,8.959426879882812,48.58591842651367,20.69737434387207,47.76563262939453,79.58114624023438,0.8442720770835876,0.09937947243452072,5.304534435272217,0.0013365155318751931,0.4105012118816376,0.013126491568982601,0.5122911334037781,2.200477361679077,28.266252517700195,3.7732696533203125,0,10.179474830627441,0,12.183771133422852,0.09307875484228134,0.02434367500245571,0.48305490612983704,0.2491646707057953,0.0587112195789814,0.7064439058303833,12.183771133422852,5.498806953430176,241.4868621826172,poori
BFP118,Peas kachori (Matar kachori),bfp_manual,2408.81298828125,584.683349609375,13.247672080993652,3.213043212890625,57.50550842285156,0.49635711312294006,2.0310518741607666,6905.43408203125,11817.0478515625,36371.7109375,0,14.25075626373291,30.802902221679688,16.131792068481445,55.45102310180664,91.6307601928711,0.7734829783439636,0.08835094422101974,0.3992818593978882,0.0014498953241854906,0.26257553696632385,0.014334795996546745,0.39794158935546875,0,28.285358428955078,3.988081693649292,0,14.4539155960083,0,15.191751480102539,0.08590543270111084,0.017493536695837975,0.43789055943489075,0.2614537477493286,0.058524347841739655,1.034023404121399,15.191751480102539,9.352869987487793,346.37835693359375,kachori
BFP122,Pizza,bfp_manual,609.9488525390625,146.772705078125,9.942834854125977,6.848748683929443,8.723817825317383,1.3796229362487793,1.7065834999084473,3245.669189453125,2710.49462890625,2330.947265625,18.651508331298828,77.23109436035156,95.69230651855469,18.238727569580078,225.01747131347656,193.90589904785156,0.6646714806556702,0.06884525716304779,0.7506474852561951,0.005369666498154402,0.1782236546278,0.011100085452198982,0.7084991335868835,21.695621490478516,1.3901511430740356,6.92452335357666,0,13.961553573608398,0,29.459829330444336,0.06656687706708908,0.13830117881298065,1.3344069719314575,0.4238845109939575,0.1199103593826294,3.2435290813446045,29.459829330444336,14.428618431091309,1498.746337890625,slice
BFP124,Bacon and mushroom pancake,bfp_manual,654.3705444335938,157.6691436767578,8.468841552734375,6.820419788360596,10.602088928222656,1.2290560007095337,1.5865178108215332,5524.994140625,3332.134765625,871.8656616210938,39.228004455566406,44.73622131347656,91.42325592041016,15.727977752685547,344.2349548339844,210.3326873779297,0.5427329540252686,0.0684003159403801,3.3317434787750244,0.003505198983475566,0.11204082518815994,0.010150613263249397,0.6194957494735718,78.0472412109375,0.24362897872924805,8.467028617858887,0.028805792331695557,11.54333209991455,0.5010150671005249,11.995806694030762,0.1779528707265854,0.0867970734834671,1.5213738679885864,0.6060547232627869,0.16572988033294678,3.790149450302124,11.995806694030762,1.5752654075622559,111.80500030517578,pancake
BFP125,Cheese and tomato pancake,bfp_manual,612.5563354492188,147.38526916503906,10.66385555267334,5.1456990242004395,9.283824920654297,3.4790022373199463,1.057777762413025,5633.556640625,2467.139404296875,427.64019775390625,38.27362060546875,127.51141357421875,160.53651428222656,16.295223236083984,281.6183166503906,151.4897918701172,0.6418442726135254,0.05507180467247963,2.535343885421753,0.002521541900932789,0.147301584482193,0.013000755570828915,0.6642781496047974,100.43537139892578,0.3595162630081177,4.273560047149658,0.0317460298538208,8.82448959350586,0.5521541833877563,14.985472679138184,0.04650037735700607,0.08139077574014664,0.3028269112110138,0.36276644468307495,0.06734693795442581,2.6055479049682617,14.985472679138184,8.813907623291016,1887.41650390625,pancake
BFP127,Minced meat pancake (with chicken),bfp_manual,483.97003173828125,116.04132080078125,8.177068710327148,12.012725830078125,10.47835636138916,1.2944780588150024,0.7017265558242798,2317.333740234375,1229.414794921875,311.1678771972656,33.25560760498047,64.71707916259766,138.4429931640625,25.376550674438477,4942.177734375,254.69508361816406,1.9947683811187744,0.12870758771896362,6.111939430236816,0.001354435458779335,0.17500992119312286,0.01612423174083233,0.7545321583747864,37.15766906738281,0.2671661078929901,0.7291129231452942,0.3683766722679138,2.9136486053466797,7.349238395690918,9.500012397766113,0.05129986256361008,0.047157172113657,2.1386685371398926,0.47376710176467896,0.16155238449573517,2.165025234222412,9.500012397766113,1.5945624113082886,494.4309387207031,pancake
BFP132,Eggplant/Brinjal rice (Vangi bhat),bfp_manual,772.3043823242188,184.79580688476562,31.739519119262695,5.278867244720459,3.67387318611145,4.362752437591553,4.435964584350586,546.7905883789062,1420.41259765625,1411.8956298828125,0,36.01737594604492,104.30287170410156,46.752235412597656,59.05540466308594,305.33197021484375,1.9113200902938843,0.2953053116798401,3.836399555206299,0.009929734282195568,0.5659605860710144,0.13840235769748688,0.8810777068138123,0,0.8329445719718933,3.6396751403808594,0,9.03145980834961,0,26.483121871948242,0.13640634715557098,0.07299058884382248,1.191157341003418,0.4825798571109772,0.12013805657625198,0.9189051389694214,26.483121871948242,1.109210729598999,372.781494140625,plate
BFP133,Kashmiri 'tahar',bfp_manual,410.1426086425781,98.20726776123047,19.108060836791992,1.951994776725769,1.3652318716049194,0.1675790697336197,0.9758060574531555,760.2344360351562,346.29779052734375,118.31781768798828,3.0215563774108887,3.927654504776001,35.257076263427734,7.580052852630615,61.29308319091797,40.821285247802734,0.31732726097106934,0.06855124980211258,0.3053724765777588,0.001560707576572895,0.21992139518260956,0.03592703863978386,0.27748388051986694,11.324694633483887,0.0985303670167923,0.038325246423482895,0,0.5046981573104858,0,2.438602924346924,0.042280908674001694,0.015374316833913326,0.6237216591835022,0.1354854702949524,0.05455505847930908,0.07827796041965485,2.438602924346924,0.006387029308825731,40.0579719543457,plate
BFP134,Cumin pulao (Jeera/Zeera pulao),bfp_manual,563.9260864257812,135.24134826660156,23.61042594909668,2.472125768661499,3.19645094871521,0.6380037069320679,1.3994455337524414,406.04510498046875,665.8003540039062,1959.8262939453125,0,7.254713535308838,45.21367645263672,11.2857666015625,219.73309326171875,62.10536193847656,0.3254343569278717,0.09293900430202484,0.3926432728767395,0.0021663587540388107,0.2669501006603241,0.025878002867102623,0.36170056462287903,0,1.4914971590042114,0.09870609641075134,0,1.5024030208587646,0,5.121589660644531,0.055157117545604706,0.01896487921476364,0.7780776023864746,0.18565618991851807,0.07390018552541733,0.2890942692756653,5.121589660644531,0.5242144465446472,22.50277328491211,plate
BFP136,Peas pulao (Matar pulao),bfp_manual,454.4104919433594,108.86902618408203,18.41572380065918,3.893981695175171,1.9029138088226318,1.304916262626648,3.212470769882202,250.6329803466797,389.7520751953125,1154.322998046875,0,18.1805477142334,47.16327667236328,21.458572387695312,86.1795425415039,135.06568908691406,0.7846683263778687,0.13600975275039673,0.7948188185691833,0.002208095043897629,0.46177157759666443,0.022038567811250687,0.5994172692298889,0,0.9273998737335205,4.318626880645752,0,15.482030868530273,0,23.428438186645508,0.1217927560210228,0.02214028500020504,0.8920745849609375,0.3555520176887512,0.1135198101401329,1.7327505350112915,23.428438186645508,13.215299606323242,435.6282958984375,plate
BFP137,Split bengal gram dal and vegetable pulao (Channa dal and vegetable pulao),bfp_manual,486.36865234375,116.52501678466797,19.720027923583984,3.600520610809326,2.296186923980713,1.5860828161239624,3.1590065956115723,294.4969482421875,451.73004150390625,1362.120361328125,0,19.090970993041992,57.28524398803711,21.072187423706055,98.06568145751953,162.08984375,0.8234555125236511,0.14162254333496094,2.8116655349731445,0.0027200723998248577,0.4910839796066284,0.03462321683764458,0.5869314670562744,0,0.975197970867157,1.9234216213226318,0,8.670446395874023,0,23.581987380981445,0.08932790160179138,0.027037791907787323,0.7725050449371338,0.33216792345046997,0.0992758572101593,1.142532229423523,23.581987380981445,6.126499176025391,1281.2469482421875,plate
BFP138,Black channa pulao/ Bengal gram pulao (Kale chane ka pulao),bfp_manual,523.8380126953125,125.51226806640625,21.55298614501953,3.436180353164673,2.5780675411224365,1.990526556968689,2.693915367126465,328.0113525390625,512.6719360351562,1520.6324462890625,0,16.510204315185547,59.47555923461914,20.04988670349121,103.08610534667969,148.3056182861328,0.7729528546333313,0.14407406747341156,3.583585262298584,0.00275132292881608,0.5112370848655701,0.03300579637289047,0.574741780757904,0,1.0415469408035278,0.45782312750816345,0,2.3569412231445312,0,22.258453369140625,0.0698513463139534,0.02569412998855114,0.7375157475471497,0.3043209910392761,0.08772990852594376,0.913164496421814,22.258453369140625,2.0428318977355957,107.2763900756836,plate
BFP141,Mutton pulao,bfp_manual,544.1317749023438,130.77203369140625,11.260220527648926,6.517856121063232,10.780278205871582,0.9962867498397827,1.6508136987686157,1212.744384765625,1665.92724609375,2839.88818359375,2.3542728424072266,49.86970520019531,80.01468658447266,22.88913917541504,3115.587158203125,177.66238403320312,1.2474724054336548,0.10807372629642487,0.5914159417152405,0.0014364082599058747,0.4933340847492218,0.04316166788339615,0.4128473699092865,8.224863052368164,2.1085920333862305,0.3771953880786896,0,2.032479763031006,0,5.936891078948975,0.06369560211896896,0.04125213995575905,1.212960124015808,0.15101633965969086,0.05025678128004074,0.4398137629032135,5.936891078948975,0.6752259731292725,61.83284378051758,plate
BFP142,Chicken pulao,bfp_manual,450.533447265625,108.24070739746094,11.167526245117188,6.0749030113220215,8.476006507873535,0.9880853295326233,1.6372241973876953,1321.8704833984375,1873.05517578125,1844.970458984375,11.545743942260742,32.24533462524414,79.35600280761719,24.796133041381836,3093.470458984375,170.81166076660156,0.9807392358779907,0.11296890676021576,1.7839281558990479,0.0014245837228372693,0.4907696843147278,0.04280636087059975,0.5142196416854858,12.165388107299805,1.1000573635101318,0.374090313911438,0,1.8884519338607788,0,5.7922282218933105,0.04760531336069107,0.03612302988767624,1.1221518516540527,0.2560407221317291,0.09474484622478485,0.5858657956123352,5.7922282218933105,0.6696674823760986,57.45779037475586,plate
BFP143,Mexican rice,bfp_manual,502.2771301269531,120.56631469726562,14.21426010131836,4.623010635375977,4.88023042678833,1.4414246082305908,1.641403317451477,1319.7230224609375,1392.6888427734375,1834.455322265625,11.897403717041016,14.506142616271973,60.71886444091797,14.393811225891113,93.41668701171875,147.26223754882812,0.5518927574157715,0.08459518104791641,0.5595256686210632,0.0022568372078239918,0.2837453782558441,0.016223732382059097,0.8048864006996155,0.7725586891174316,1.3980705738067627,3.5796992778778076,0,8.312349319458008,0,10.253312110900879,0.06255794316530228,0.045106612145900726,1.337320327758789,0.3190597891807556,0.10383382439613342,1.031327247619629,10.253312110900879,8.24911117553711,1718.3896484375,plate
BFP144,Plain khitchdi (Plain khichri/khichdi),bfp_manual,238.07839965820312,57.03049850463867,10.041864395141602,1.7178136110305786,1.0063414573669434,0.12067944556474686,0.8483797907829285,538.127197265625,250.79454040527344,96.34233856201172,2.142857074737549,5.045470237731934,30.707630157470703,9.967961311340332,37.14425277709961,69.31620025634766,0.3050609827041626,0.06718641519546509,1.879982590675354,0.001040069735608995,0.16429442167282104,0.04320557415485382,0.2165069729089737,8.03135871887207,0.07458187639713287,0.14050522446632385,0,1.923649787902832,0,4.561167240142822,0.03179442510008812,0.01175522617995739,0.3438240587711334,0.12108449637889862,0.033614981919527054,0.08099303394556046,4.561167240142822,0.1448432058095932,102.53571319580078,small bowl
BFP147,Instant idli (with semolina),bfp_manual,1034.132080078125,247.28704833984375,43.40259552001953,9.164912223815918,3.6070773601531982,3.3500046730041504,7.125243186950684,875.88330078125,777.0337524414062,1580.835205078125,3.118208408355713,93.20205688476562,136.83761596679688,42.91627883911133,1504.6627197265625,348.78436279296875,2.3071048259735107,0.31382498145103455,8.536604881286621,0.008699045516550541,1.2529858350753784,0.13134272396564484,1.5613985061645508,7.937257289886475,1.1366662979125977,7.989688873291016,0,15.033544540405273,0,25.742937088012695,0.20766133069992065,0.13109609484672546,0.9850249886512756,0.6531994938850403,0.12008503824472427,1.0817688703536987,25.742937088012695,0.39761883020401,3788.410400390625,idli
BFP148,Plain dosa,bfp_manual,1588.705810546875,380.9057922363281,64.07878875732422,10.336366653442383,8.430865287780762,0.696020781993866,5.229584693908691,5030.3115234375,2054.453369140625,578.7647094726562,19.8996524810791,19.353633880615234,178.39791870117188,55.43598556518555,142.97923278808594,344.3910217285156,1.4981660842895508,0.32494810223579407,5.838685035705566,0.005795847624540329,0.8553633093833923,0.1813148856163025,1.3930796384811401,89.5017318725586,0.27048444747924805,1.7549481391906738,0,3.4577853679656982,0,25.34986114501953,0.16221453249454498,0.06723183393478394,2.106539726257324,0.9986851215362549,0.20058824121952057,0.4067128002643585,25.34986114501953,0,151.3702392578125,dosa
BFP150,Masala dosa mixed vegetable fillings,bfp_manual,602.9541625976562,144.53289794921875,23.01639175415039,4.835011959075928,3.2575178146362305,1.5300428867340088,4.312078952789307,1456.6614990234375,743.9981079101562,759.5907592773438,5.184163570404053,31.788795471191406,82.16180419921875,36.136226654052734,122.08069610595703,329.7527770996094,1.2050931453704834,0.1729595959186554,2.621441602706909,0.0052668252028524876,0.474719375371933,0.08816052973270416,0.7189696431159973,23.316566467285156,0.5483546853065491,5.169106960296631,0,17.830116271972656,0,32.210899353027344,0.10898426175117493,0.043455928564071655,1.0404678583145142,0.5942315459251404,0.15268105268478394,1.7176917791366577,32.210899353027344,18.774707794189453,2180.083740234375,dosa
BFP151,Masala dosa paneer fillings,bfp_manual,1014.7100219726562,243.11558532714844,29.755115509033203,10.308577537536621,8.843331336975098,4.812169551849365,3.1149590015411377,4689.9775390625,2337.78271484375,1080.2421875,7.285833358764648,171.23049926757812,180.52978515625,39.71934127807617,160.3998260498047,226.68955993652344,1.2734158039093018,0.1918957680463791,10.136531829833984,0.038149211555719376,0.5098249316215515,0.1173131987452507,1.4823546409606934,32.76914978027344,0.6928722858428955,4.904980659484863,0,11.264425277709961,0,47.76539993286133,0.08336154371500015,0.0658871978521347,0.9860549569129944,0.6169772148132324,0.1300772726535797,7.087825298309326,47.76539993286133,5.829976558685303,1342.68115234375,dosa
BFP152,Uttapam,bfp_manual,1065.3399658203125,255.94635009765625,36.27714920043945,6.183180332183838,9.028703689575195,1.4994081258773804,4.395711898803711,3233.068115234375,2007.7996826171875,3178.61328125,10.56508731842041,40.861083984375,109.528564453125,41.7122802734375,228.6923828125,286.21807861328125,1.2321306467056274,0.21433480083942413,3.7584598064422607,0.006249219179153442,0.5669530034065247,0.10618363320827484,0.8611930012702942,47.518096923828125,2.4225151538848877,5.744878768920898,0,25.360733032226562,0,27.959400177001953,0.10416394472122192,0.05231546610593796,1.285524845123291,0.6442936658859253,0.16869089007377625,0.8905540704727173,27.959400177001953,9.044041633605957,2185.6962890625,uttapam
BFP153,Appam,bfp_manual,1120.323974609375,267.6977233886719,13.279373168945312,3.1196720600128174,22.629667282104492,4.156583309173584,6.1931233406066895,15309.578125,1345.0186767578125,375.3788146972656,0,6.363180637359619,55.20345687866211,23.302963256835938,26.594392776489258,161.41807556152344,0.8261952996253967,0.2324843555688858,0.24887174367904663,0.002245623152703047,0.5112498998641968,0.009265921078622341,0.46289709210395813,0,1.4945385456085205,0.08927987515926361,0,12.832755088806152,0,18.0487060546875,0.04320099577307701,0.06492685526609421,0.5215078592300415,0.18350884318351746,0.08211786299943924,0.3819739818572998,18.0487060546875,1.6809470653533936,119.31236267089844,appam
BFP154,Beans and macaroni,bfp_manual,569.7305908203125,136.08233642578125,14.242497444152832,4.583008766174316,7.014297008514404,1.6770107746124268,2.04951810836792,4248.24951171875,1774.2999267578125,416.3775634765625,19.66765022277832,86.85643768310547,126.74139404296875,27.054473876953125,182.78709411621094,221.16322326660156,0.7489773631095886,0.08658800274133682,3.9647297859191895,0.0023480826057493687,0.25988200306892395,0.018485741689801216,0.6226548552513123,77.41593170166016,0.28807276487350464,3.544621467590332,0,12.39823055267334,0,32.499794006347656,0.061809245496988297,0.05749262496829033,0.9530481696128845,0.3364798426628113,0.22111110389232635,3.3115928173065186,32.499794006347656,6.506194591522217,1988.5850830078125,plate
BFP155,Spaghetti bolognese,bfp_manual,408.4497985839844,97.42620849609375,10.04308032989502,9.350064277648926,9.51491641998291,1.4110774993896484,1.0784796476364136,1968.6834716796875,1294.075927734375,933.0452270507812,13.910929679870605,73.66197967529297,145.25074768066406,29.253271102905273,5358.59619140625,271.9588928222656,2.0637314319610596,0.0975504219532013,2.8039517402648926,0.0014905559364706278,0.2299543172121048,0.009083379991352558,1.059913158416748,21.59172821044922,0.6929178833961487,3.8396801948547363,0,8.348540306091309,0,10.090851783752441,0.04882851243019104,0.04174026846885681,1.0548051595687866,0.2993323802947998,0.07575592398643494,1.308968186378479,10.090851783752441,7.45212984085083,2074.064697265625,shallow dish
BFP157,Meat and macaroni casserole,bfp_manual,676.142578125,161.5495147705078,16.12368392944336,9.14674186706543,10.167915344238281,0.9951061010360718,1.1870911121368408,977.7695922851562,928.62939453125,2307.131103515625,2.1273410320281982,68.2757797241211,107.54918670654297,22.389663696289062,2511.986083984375,329.9076232910156,1.8506429195404053,0.09092384576797485,2.548395872116089,0.0013533084420487285,0.26510611176490784,0.012484394945204258,0.4580649137496948,9.568039894104004,1.7494319677352905,0.49298375844955444,0,2.918976306915283,0,11.846498489379883,0.09208489954471588,0.0478963777422905,2.3825032711029053,0.24258427321910858,0.05924469605088234,0.7414294481277466,11.846498489379883,7.2493133544921875,783.1054077148438,small casserole dish
BFP158,Spaghetti with meat balls and tomato sauce,bfp_manual,658.925048828125,158.12681579589844,10.457764625549316,5.606260776519775,10.640101432800293,1.8660516738891602,1.1148855686187744,2419.91845703125,2646.830078125,4840.90380859375,16.148475646972656,40.81715393066406,81.05864715576172,15.303000450134277,189.1266326904297,152.85525512695312,0.7126595377922058,0.07044567912817001,2.558279514312744,0.001211162656545639,0.3011157214641571,0.010975565761327744,0.9040678143501282,8.186692237854004,3.72721266746521,3.3646113872528076,0,9.091755867004395,0,11.341194152832031,0.0634828507900238,0.052831877022981644,1.3691736459732056,0.3159187138080597,0.08480441570281982,1.1696943044662476,11.341194152832031,7.932183742523193,1612.461669921875,shallow dish
BFP159,Spaghetti with paneer balls and tomato sauce,bfp_manual,660.9330444335938,158.5359649658203,12.724629402160645,3.9538655281066895,10.437604904174805,3.025362491607666,1.2498105764389038,2176.332763671875,2245.05859375,5341.154296875,2.5717051029205322,80.73209381103516,79.16973876953125,15.066967964172363,199.55303955078125,113.95193481445312,0.5487956404685974,0.07090301811695099,4.3314385414123535,0.010232643224298954,0.3460286855697632,0.012303844094276428,0.5285868644714355,8.168946266174316,4.143592357635498,3.782289981842041,0,10.192052841186523,0,19.83865737915039,0.04857497289776802,0.03098733350634575,0.577190101146698,0.21215318143367767,0.0579543337225914,2.605374813079834,19.83865737915039,8.8921480178833,1823.2562255859375,shallow dish
BFP161,Lasagne with meat sauce,bfp_manual,265.0000915527344,63.37648010253906,5.382512092590332,2.9015865325927734,3.434756278991699,1.0394691228866577,0.47311463952064514,1502.80517578125,1423.0506591796875,225.53631591796875,8.79951286315918,24.613534927368164,41.98217010498047,8.280734062194824,37.081939697265625,88.8933334350586,0.4940459728240967,0.03790147230029106,1.4032493829727173,0.0012368852039799094,0.08388226479291916,0.005466236267238855,0.45565322041511536,10.701424598693848,0.14982716739177704,1.7988882064819336,0,5.490505218505859,0,6.348076343536377,0.030977217480540276,0.03743971511721611,0.6678060293197632,0.19826167821884155,0.04644615948200226,0.7249103784561157,6.348076343536377,4.517618179321289,1063.5682373046875,dish
BFP162,Lasagne with vegetables,bfp_manual,206.4037628173828,49.22756576538086,5.904449462890625,1.7051101922988892,2.160186529159546,1.3675693273544312,0.6633665561676025,1059.877685546875,740.1871337890625,166.21051025390625,2.8084611892700195,32.8873405456543,32.55217742919922,13.25662612915039,40.784610748291016,126.44513702392578,0.5690860748291016,0.05163362994790077,1.3868979215621948,0.0029398584738373756,0.1562446802854538,0.005463268142193556,0.23266197741031647,12.582589149475098,0.305475115776062,1.4920789003372192,0,23.077285766601562,0,16.319032669067383,0.053568482398986816,0.03378854691982269,0.37274104356765747,0.13664788007736206,0.048173561692237854,1.0742038488388062,16.319032669067383,10.237793922424316,1393.17041015625,dish
BFP165,Home made egg noodles,bfp_manual,1005.7523803710938,240.8446044921875,42.92109680175781,6.546877384185791,4.3736162185668945,1.0344520807266235,1.59502112865448,791.1824951171875,2577.804931640625,559.4309692382812,38.26628112792969,15.959102630615234,83.09846496582031,18.542165756225586,177.2431182861328,90.12224578857422,1.1489665508270264,0.10245610028505325,1.8293843269348145,0.002889531198889017,0.36514782905578613,0.005779061932116747,0.5673261284828186,19.168703079223633,0.2875528037548065,3.8893086910247803,0.11558123677968979,2.3032896518707275,1.6053346395492554,13.374083518981934,0.09059790521860123,0.040364526212215424,0.46952658891677856,0.5149588584899902,0.05654590204358101,2.6546342372894287,13.374083518981934,0,164.60546875,curry bowl
BFP170,Sour lentils (Khatti dal),bfp_manual,145.55575561523438,34.78679656982422,6.039076805114746,2.215777635574341,0.12412714958190918,1.251977801322937,1.222334861755371,19.420536041259766,17.719884872436523,52.155372619628906,0,8.290656089782715,30.737262725830078,9.992532730102539,115.6044692993164,98.51689910888672,0.8519563674926758,0.09746884554624557,4.148275852203369,0.001897413982078433,0.18403230607509613,0.05458756163716316,0.34395095705986023,0,0.02462119609117508,0.5794797539710999,0,1.0967633724212646,0,6.1996002197265625,0.036554090678691864,0.01723312772810459,0.21553485095500946,0.13533993065357208,0.028615185990929604,0.2762698531150818,6.1996002197265625,0.518579363822937,104.40941619873047,curry bowl
BFP171,Urad special dehusked,bfp_manual,289.35205078125,69.43492889404297,8.86236572265625,3.1402227878570557,2.168675422668457,1.3215153217315674,2.5015289783477783,1160.6640625,519.378173828125,228.2320556640625,4.620412349700928,16.404787063598633,55.68990707397461,28.531078338623047,109.55854797363281,233.33871459960938,0.8299891352653503,0.10503963381052017,2.7770767211914062,0.003006987040862441,0.38340669870376587,0.045828480273485184,0.45851844549179077,17.317155838012695,0.1693914532661438,2.149721145629883,0,4.974725246429443,0,20.456600189208984,0.03865857794880867,0.01990383490920067,0.3669118285179138,0.4271015226840973,0.06887494772672653,0.9655621647834778,20.456600189208984,6.535521030426025,557.321044921875,curry bowl
BFP172,Arhar with spinach (Arhar dal aur palak),bfp_manual,219.5298614501953,52.837005615234375,4.765925884246826,2.0510432720184326,2.755333662033081,0.2306186407804489,1.2950642108917236,1501.8316650390625,696.2822265625,239.2507781982422,6.099677562713623,21.809633255004883,32.575626373291016,23.789262771606445,109.96708679199219,205.6138916015625,0.8941919207572937,0.1183694526553154,1.3531676530838013,0.004951351322233677,0.30995437502861023,0.054549962282180786,0.2947854995727539,22.861392974853516,0.3330267667770386,0.34514057636260986,0,44.78139877319336,0,26.25748634338379,0.058234814554452896,0.024571286514401436,0.24251797795295715,0.13120034337043762,0.04709075018763542,0.5653520822525024,26.25748634338379,4.660183906555176,1307.37890625,curry bowl
BFP174,Moong dal with vadi,bfp_manual,99.51162719726562,24.078964233398438,0.995238184928894,0.39708638191223145,2.048027276992798,0.4482230246067047,0.3938679099082947,1152.818359375,521.447021484375,161.4369354248047,4.750738143920898,2.9873833656311035,6.773857116699219,3.9792022705078125,112.3644790649414,33.65947341918945,0.1820746511220932,0.01863299123942852,0.025967666879296303,0.0006848290795460343,0.09622092545032501,0.016828978434205055,0.05816453695297241,17.80561065673828,0.15504896640777588,0.6500921249389648,0,1.9539355039596558,0,3.1774189472198486,0.007797610945999622,0.00517504895105958,0.07194747030735016,0.03481115773320198,0.019903164356946945,0.2176969200372696,3.1774189472198486,2.811678409576416,318.11151123046875,curry bowl
BFP176,Rasam with tamarind (Puli rasam/ Chintapandu rasam/ Charu/Saaru),bfp_manual,111.5490493774414,26.740537643432617,3.369755506515503,1.13163161277771,0.8818190693855286,0.8298594355583191,1.5956131219863892,110.59639739990234,214.4575653076172,454.773681640625,0,16.558374404907227,21.122976303100586,14.662630081176758,104.10649871826172,130.6553955078125,0.5857906341552734,0.07395542412996292,0.972243070602417,0.004276502411812544,0.17813245952129364,0.0907994955778122,0.16521532833576202,0,0.33353734016418457,3.02293062210083,0,13.001424789428711,0,7.355757236480713,0.03279118612408638,0.02478133700788021,0.28684791922569275,0.08309205621480942,0.03578680008649826,0.2441975623369217,7.355757236480713,4.430020809173584,2711.2431640625,curry bowl
BFP177,Rasam with lemon (Nimmakaya rasam/Nimmakaya charu/Elumichai rasam/Nimbe hannina saaru),bfp_manual,101.81714630126953,24.41213607788086,2.845593214035034,1.1060152053833008,0.8744194507598877,0.44475317001342773,1.5370126962661743,111.02882385253906,211.7450714111328,451.3504333496094,0,15.559279441833496,20.212528228759766,13.980093955993652,102.76704406738281,124.5166244506836,0.5151309370994568,0.06930801272392273,0.9645723700523376,0.0037256383802741766,0.17214417457580566,0.07201359421014786,0.16081978380680084,0,0.3289707601070404,2.793315887451172,0,12.84036636352539,0,7.330474376678467,0.030401146039366722,0.024156248196959496,0.27360954880714417,0.08313284814357758,0.03572076931595802,0.23639045655727386,7.330474376678467,4.998534679412842,2678.9521484375,curry bowl
BFP178,Green gram whole with baghar (Sabut moong dal with tadka),bfp_manual,264.0372314453125,63.43487548828125,6.795018196105957,3.2305705547332764,2.479680299758911,0.14789296686649323,3.015108585357666,1353.1138916015625,620.4747314453125,232.59036254882812,5.4492292404174805,25.03715705871582,52.01586151123047,32.572174072265625,181.69126892089844,192.6581573486328,1.0045260190963745,0.15249602496623993,3.189615488052368,0.0030324296094477177,0.5296371579170227,0.12138932943344116,0.4166463017463684,20.423532485961914,0.19544391334056854,0.8014416098594666,0,3.9167022705078125,0,20.059581756591797,0.06576245278120041,0.04041866213083267,0.33882156014442444,0.28351718187332153,0.05894160643219948,0.2350194901227951,20.059581756591797,0.21242733299732208,197.716796875,bowl
BFP179,Urad sabut special,bfp_manual,329.1147766113281,79.39273071289062,5.032357215881348,2.3288562297821045,5.461534023284912,0.8641084432601929,2.14921236038208,3169.1171875,1397.988525390625,365.5107727050781,13.377094268798828,21.4493408203125,42.62806701660156,20.553945541381836,60.08768081665039,160.4670867919922,0.7117211222648621,0.07916432619094849,2.505190372467041,0.003048302372917533,0.308395653963089,0.06518787145614624,0.3340226411819458,52.569034576416016,0.3605787456035614,4.146739959716797,0,8.240440368652344,0,18.223487854003906,0.040337935090065,0.0339658223092556,0.3196878731250763,0.34505704045295715,0.06846468895673752,0.575921893119812,18.223487854003906,6.440552234649658,1554.7503662109375,bowl
BFP185,Kabuli channa curry,bfp_manual,287.2910461425781,68.57402801513672,7.627630233764648,2.9218780994415283,3.0572526454925537,1.2413370609283447,1.1173582077026367,387.4472351074219,628.6253051757812,1791.7032470703125,0.15465512871742249,32.02965545654297,46.284366607666016,23.406494140625,122.05414581298828,189.99913024902344,0.9524629712104797,0.14001715183258057,0.35825324058532715,0.0019631076138466597,0.6817453503608704,0.03318055346608162,0.4414428174495697,0.3936675786972046,1.4928655624389648,2.132563591003418,0,8.476537704467773,0,26.1765079498291,0.05778056010603905,0.038670528680086136,0.3586854338645935,0.2566749155521393,0.09472654014825821,0.5055400133132935,26.1765079498291,4.5600457191467285,948.2972412109375,bowl
BFP187,Besan gatte curry,bfp_manual,791.8628540039062,189.37986755371094,16.25631332397461,7.754941940307617,10.720566749572754,4.499130725860596,3.247182607650757,2239.710205078125,2353.196044921875,5362.626953125,2.7966830730438232,151.08462524414062,128.59445190429688,37.0904655456543,356.274658203125,274.5932922363281,1.8913788795471191,0.12765508890151978,3.2205679416656494,0.011881834827363491,0.8103160262107849,0.07509974390268326,0.8905448317527771,7.118829727172852,4.194374084472656,2.0210635662078857,0,11.935720443725586,0,52.81278610229492,0.11798051744699478,0.12193655967712402,0.6822283267974854,0.4643053412437439,0.14583392441272736,4.346717357635498,52.81278610229492,5.236843585968018,1097.5992431640625,bowl
BFP190,Dry masala chops,bfp_manual,563.4385986328125,135.0722198486328,3.2994251251220703,9.079808235168457,9.536886215209961,2.2698190212249756,0.8560987114906311,822.5181274414062,871.2774047851562,2214.0673828125,2.23569655418396,112.24866485595703,103.52007293701172,10.66301441192627,83.47360229492188,219.97093200683594,1.391323447227478,0.03289319574832916,0.536099374294281,0.0014857558999210596,0.3421916663646698,0.03353545069694519,0.22818061709403992,5.690864086151123,1.7047768831253052,0.46720606088638306,0,4.54225492477417,0,10.292667388916016,0.09459876269102097,0.11871244013309479,2.890622615814209,0.1562233716249466,0.04692388325929642,0.889874279499054,10.292667388916016,1.2679986953735352,162.7316131591797,chops
BFP194,Mutton korma,bfp_manual,481.7354736328125,115.6387710571289,2.5322153568267822,7.092463493347168,8.535347938537598,1.6357982158660889,0.7784342169761658,1168.1102294921875,966.884033203125,1809.203125,3.902146100997925,79.06681060791016,75.7834701538086,8.629770278930664,56.93549728393555,165.8725128173828,1.0924184322357178,0.029851555824279785,0.25042474269866943,0.0011832235613837838,0.16449156403541565,0.007367688696831465,0.1639411598443985,18.17363166809082,1.396728754043579,0.24778328835964203,0,3.189619779586792,0,8.682284355163574,0.07482706755399704,0.0836985781788826,2.320434808731079,0.11745651066303253,0.03410939499735832,0.7946456074714661,8.682284355163574,1.5115110874176025,116.20481872558594,bowl
BFP196,Shahi keema kofta curry,bfp_manual,1722.0665283203125,418.1347961425781,1.7322837114334106,4.140879154205322,43.82570266723633,0.7798011898994446,0.9061806201934814,6172.1923828125,9503.203125,26149.466796875,14.973505020141602,14.510371208190918,46.64754104614258,12.060007095336914,104.53046417236328,119.63288879394531,0.6746535897254944,0.05384498089551926,0.48827967047691345,0.0014864120166748762,0.2615056037902832,0.03759581223130226,0.7782397866249084,0.9723054766654968,20.266929626464844,1.590023398399353,0,7.577338695526123,0,5.602829456329346,0.03619407117366791,0.042477596551179886,1.0495187044143677,0.2374734729528427,0.067951999604702,0.7993971705436707,5.602829456329346,3.3985235691070557,662.2913208007812,bowl
BFP197,Minced meat ball curry,bfp_manual,456.2625732421875,109.78636169433594,2.8584256172180176,6.816090106964111,7.846933841705322,1.2734930515289307,1.48771071434021,2449.634521484375,2445.43505859375,2350.8056640625,24.766141891479492,23.84160614013672,75.90165710449219,18.972312927246094,170.0554962158203,194.08523559570312,1.0058752298355103,0.08045565336942673,0.8226768374443054,0.0025402717292308807,0.46835213899612427,0.06486370414495468,1.2783215045928955,1.6081910133361816,1.725441575050354,2.6581454277038574,0,8.517609596252441,0,9.075289726257324,0.058832988142967224,0.06887078285217285,1.7238937616348267,0.3907100260257721,0.11034200340509415,1.3232866525650024,9.075289726257324,5.5258917808532715,1085.56494140625,bowl
BFP198,Boti kebab,bfp_manual,554.2810668945312,132.8579559326172,3.062425136566162,9.223479270935059,9.267193794250488,2.0911314487457275,0.756249189376831,600.8294677734375,714.7971801757812,1926.085693359375,1.2067577838897705,98.67244720458984,95.60542297363281,9.987927436828613,78.14322662353516,221.64437866210938,1.4117698669433594,0.027656329795718193,0.5338876247406006,0.0012748116860166192,0.1917954981327057,0.006582315545529127,0.17687669396400452,3.071747064590454,1.4708447456359863,0.8357123136520386,0,2.1769509315490723,0,12.02987003326416,0.10100746154785156,0.10072807967662811,3.1066999435424805,0.1453821361064911,0.047575145959854126,0.7209456562995911,12.02987003326416,8.261631965637207,86.90118408203125,kebab
BFP199,Mutton seekh kebab,bfp_manual,560.464599609375,133.93788146972656,3.1081693172454834,11.250200271606445,8.434111595153809,1.3983994722366333,1.8839112520217896,113.4494857788086,431.5709228515625,257.3468933105469,0,117.44136810302734,105.95292663574219,19.833555221557617,102.16944122314453,269.5935363769531,2.194542646408081,0.08361231535673141,0.5092586278915405,0.003273869166150689,0.5028287172317505,0.12448593974113464,0.2310158908367157,0,0.22232967615127563,0.9405412673950195,0,8.268672943115234,0,11.780043601989746,0.12618094682693481,0.09149438887834549,3.9603536128997803,0.1023702323436737,0.04337001219391823,0.6513226628303528,11.780043601989746,8.822129249572754,244.73753356933594,kebab
BFP201,Indian lamb and egg curry (Nargisi kofta),bfp_manual,1383.6434326171875,335.75128173828125,2.069631338119507,3.8397438526153564,34.69672775268555,0.7465229034423828,0.5953487157821655,5010.52001953125,7559.208984375,20490.216796875,44.04297637939453,12.908149719238281,47.06248092651367,8.06364631652832,57.438236236572266,85.79649353027344,0.5523604154586792,0.038779690861701965,4.179257392883301,0.0007525100372731686,0.11257926374673843,0.017138836905360222,0.5566174983978271,25.087932586669922,15.96417236328125,0.6058498620986938,0.08057811111211777,4.0089921951293945,1.4014836549758911,11.347914695739746,0.031678456813097,0.04657376557588577,0.5994164943695068,0.299670547246933,0.06200050935149193,2.432643175125122,11.347914695739746,1.960953950881958,268.4504089355469,kofta
BFP203,Soya chunks sweet and sour (Nutrinugget sweet and sour),bfp_manual,2061.898193359375,500.9414978027344,3.27394437789917,2.8535497188568115,55.991085052490234,1.0960159301757812,0.8577092289924622,6602.275390625,11138.2529296875,33675.6953125,23.505708694458008,13.891353607177734,41.68389892578125,11.229186058044434,2257.6689453125,111.44849395751953,0.6987846493721008,0.0435282401740551,1.3102428913116455,0.0024610585533082485,0.15902641415596008,0.005849346984177828,0.17350679636001587,12.18397331237793,26.184070587158203,1.0537922382354736,0.07040879875421524,6.483437538146973,0.977924108505249,8.792770385742188,0.015587425790727139,0.011796182952821255,0.15854980051517487,0.13349509239196777,0.036753393709659576,2.290398359298706,8.792770385742188,8.185510635375977,237.5078582763672,bowl
BFP204,Soya chunks korma (Nutrinugget korma),bfp_manual,546.5907592773438,131.42710876464844,7.671975135803223,3.861602783203125,9.499078750610352,4.664626121520996,2.5699493885040283,2248.83984375,2138.18896484375,4320.55078125,3.3172497749328613,89.70457458496094,94.02738189697266,33.56621170043945,148.9761199951172,252.2684783935547,1.1835428476333618,0.14838559925556183,1.4610397815704346,0.00457273842766881,0.8137177228927612,0.12303980439901352,0.6241536140441895,8.44390869140625,3.270684242248535,1.2595380544662476,0,8.582106590270996,0,19.978904724121094,0.061323683708906174,0.10192400217056274,0.3340977132320404,0.3292187452316284,0.11514434963464737,1.8789143562316895,19.978904724121094,4.6620917320251465,295.50286865234375,bowl
BFP205,Mushroom matar,bfp_manual,293.62286376953125,70.77049255371094,5.332342624664307,2.7919771671295166,4.107232093811035,1.393723726272583,3.132453680038452,519.3504028320312,811.157958984375,2560.03564453125,0,21.42462921142578,42.2718391418457,21.712589263916016,61.62757110595703,214.87384033203125,0.8128485083580017,0.0983157753944397,0.3953348994255066,0.005030618980526924,0.5645567178726196,0.04145905375480652,0.36618006229400635,0,1.9970365762710571,10.34156608581543,0,21.214582443237305,0,20.565078735351562,0.07256019115447998,0.024244798347353935,0.605364203453064,0.3282393217086792,0.11066562682390213,3.524902582168579,20.565078735351562,14.891976356506348,1737.1214599609375,bowl
BFP206,Soya chunks and peas (Nutrinugget matar),bfp_manual,342.63330078125,82.62155151367188,5.819057941436768,3.0291988849639893,5.108036518096924,1.6438199281692505,2.8574466705322266,640.478271484375,1026.657958984375,3128.073974609375,0,20.321874618530273,34.93378448486328,22.746654510498047,70.96722412109375,173.4892120361328,0.988318145275116,0.10967744886875153,0.4662756323814392,0.0032416670583188534,0.6613772511482239,0.04800143465399742,0.4489363431930542,0,2.437938690185547,6.668615818023682,0,21.656837463378906,0,23.37250518798828,0.08827240020036697,0.022314835339784622,0.5399322509765625,0.2758844494819641,0.10450451076030731,1.6730164289474487,23.37250518798828,17.564260482788086,2049.01806640625,bowl
BFP207,Vegetable yakhni,bfp_manual,1672.0345458984375,406.0583801269531,1.9396111965179443,1.1754627227783203,43.79631042480469,1.4352363348007202,0.6138189435005188,5529.82861328125,9567.0146484375,26820.423828125,1.917244791984558,43.674224853515625,34.297176361083984,7.804824352264404,38.053279876708984,82.80276489257812,0.2437332272529602,0.022310106083750725,0.7194068431854248,0.0013904381776228547,0.18760240077972412,0.013943598605692387,0.17454595863819122,4.8802595138549805,20.609317779541016,0.326833575963974,0,3.827108144760132,0,10.60416316986084,0.018072646111249924,0.05022832751274109,0.08024540543556213,0.18694879114627838,0.022662704810500145,0.9188569784164429,10.60416316986084,0.9464216828346252,30.542144775390625,bowl
BFP208,Spinach mushroom (Palak mushroom),bfp_manual,197.64987182617188,47.625389099121094,2.9535396099090576,1.9403995275497437,2.956538677215576,0.995255708694458,2.2720611095428467,988.6259765625,607.9249877929688,1125.2626953125,2.8872549533843994,49.74850845336914,35.9349365234375,52.11923599243164,70.96699523925781,416.0680236816406,1.6850520372390747,0.11967433243989944,1.100401520729065,0.016797417774796486,0.6989562511444092,0.011860787868499756,0.3239401578903198,12.985868453979492,1.3990646600723267,5.080864906311035,0,172.2459259033203,0,78.92581939697266,0.09525907039642334,0.06195567548274994,0.38864415884017944,0.2375461757183075,0.12185265123844147,3.7950286865234375,78.92581939697266,20.403478622436523,5865.5634765625,bowl
BFP210,Vegetarian nargisi kofta curry,bfp_manual,1369.4779052734375,332.1537780761719,6.5783514976501465,2.2880382537841797,32.93953323364258,1.6477644443511963,0.8610579371452332,4675.81103515625,6860.49365234375,19930.767578125,1.033860445022583,47.08890914916992,42.54825973510742,11.149045944213867,73.55712890625,147.70254516601562,0.3836028575897217,0.04806411266326904,2.095670461654663,0.009487067349255085,0.13629627227783203,0.018922779709100723,0.3358532786369324,5.470062255859375,15.469931602478027,0.9714933633804321,0,5.441266059875488,0,14.522686958312988,0.027051178738474846,0.018996214494109154,0.32519373297691345,0.1612962782382965,0.04344432055950165,2.190173625946045,14.522686958312988,6.829492568969727,479.0364990234375,kofta
BFP212,Roast chicken,bfp_manual,833.378662109375,199.90284729003906,0.10034676641225815,20.485633850097656,13.063252449035645,0.04617619514465332,0.031077789142727852,3695.4677734375,2105.248291015625,505.7554016113281,69.66260528564453,13.606748580932617,168.29830932617188,19.340675354003906,71.70584106445312,280.0009460449219,0.789887547492981,0.2554732859134674,17.405933380126953,7.310215733014047e-05,0.0258669164031744,0.005810684058815241,0.7382755279541016,60.39362716674805,0.3772914707660675,0.02589503303170204,1.2933458089828491,0.5848172307014465,26.054357528686523,9.863204956054688,0.09396438300609589,0.06029990687966347,7.555154323577881,1.0814433097839355,0.4971134066581726,3.8754355907440186,9.863204956054688,0.22567947208881378,36.67192840576172,joint
BFP214,Shahi chicken masala,bfp_manual,680.7355346679688,163.69508361816406,4.0654449462890625,9.824180603027344,12.016855239868164,2.8578834533691406,0.9615709781646729,2887.0107421875,2386.900634765625,3922.171875,24.77731704711914,82.67975616455078,124.15345764160156,21.759944915771484,142.56060791015625,230.90863037109375,0.8942002058029175,0.14021337032318115,10.475605010986328,0.012102964334189892,0.23615923523902893,0.02434483729302883,0.6293069124221802,20.264070510864258,2.9895174503326416,1.072468876838684,0.4742947220802307,5.540899276733398,9.554633140563965,18.73512840270996,0.060529857873916626,0.06044822931289673,2.9461119174957275,0.532056450843811,0.22399397194385529,3.9491050243377686,18.73512840270996,2.8419089317321777,501.2232360839844,bowl
BFP216,Tomato chicken,bfp_manual,465.811767578125,111.68009185791016,2.132354974746704,10.570333480834961,6.714834213256836,0.9281773567199707,1.4232397079467773,685.2076416015625,1027.056884765625,1706.2005615234375,27.936796188354492,21.236879348754883,95.13114166259766,21.290943145751953,104.82837677001953,252.17015075683594,0.8707080483436584,0.16816261410713196,8.486466407775879,0.0024408670142292976,0.17766191065311432,0.030637428164482117,0.47976794838905334,3.1590592861175537,1.3734627962112427,5.564405918121338,0.6263651847839355,15.679977416992188,12.618082046508789,13.72501277923584,0.07138265669345856,0.04560154303908348,3.958714246749878,0.6336515545845032,0.2966849207878113,2.4704127311706543,13.72501277923584,13.914764404296875,2873.122802734375,bowl
BFP217,Creamy chicken,bfp_manual,637.4938354492188,152.86581420898438,3.125948905944824,13.517690658569336,9.574430465698242,2.112276315689087,0.6944236755371094,1905.4716796875,1579.2896728515625,2045.706787109375,39.283416748046875,50.3742790222168,136.76300048828125,21.541316986083984,97.08478546142578,267.95159912109375,0.8228221535682678,0.18086744844913483,10.58257007598877,0.0017174133099615574,0.17911139130592346,0.008278907276690006,0.641503095626831,27.781253814697266,1.589109182357788,0.3517100512981415,0.7616594433784485,9.255908012390137,15.343574523925781,15.014625549316406,0.07779734581708908,0.09092447906732559,4.581196308135986,0.8007547855377197,0.3407455384731293,3.3444159030914307,15.014625549316406,3.4324605464935303,437.0555114746094,bowl
BFP218,Broccoli chicken ala king,bfp_manual,500.3282775878906,119.56106567382812,5.3371806144714355,7.973781108856201,7.572684288024902,2.4868905544281006,1.9210470914840698,3647.712646484375,1626.3956298828125,366.19085693359375,27.847431182861328,73.35614013671875,111.25138854980469,19.27163314819336,104.00914764404297,297.2468566894531,0.7767355442047119,0.09798043221235275,4.716559410095215,7.200643449323252e-05,0.16167563199996948,0.009318480268120766,0.6742936968803406,61.74763870239258,0.9151912331581116,0.027193019166588783,0.29226142168045044,78.69773864746094,5.887585163116455,44.669288635253906,0.09871236234903336,0.14417171478271484,2.1242430210113525,0.6814562082290649,0.19012875854969025,3.5637786388397217,44.669288635253906,33.80490493774414,285.506591796875,bowl
BFP220,Ginger chicken,bfp_manual,538.1866455078125,129.1676483154297,5.599249839782715,8.244894981384277,8.240785598754883,1.9479331970214844,1.2136913537979126,931.0289916992188,1401.9794921875,3515.06787109375,19.237882614135742,18.409326553344727,76.2820053100586,19.982275009155273,365.85675048828125,228.86663818359375,0.9643788933753967,0.12906493246555328,6.841943740844727,0.0037747768219560385,0.3978980481624603,0.013804599642753601,0.39539891481399536,2.175396680831909,2.6929256916046143,1.6806904077529907,0.4778214693069458,6.488552570343018,8.68908405303955,16.747024536132812,0.050907716155052185,0.04376448690891266,2.831688165664673,0.5536360740661621,0.2292279750108719,2.796434164047241,16.747024536132812,13.011714935302734,319.8689880371094,bowl
BFP221,Chicken sweet and sour,bfp_manual,1834.3480224609375,445.0939636230469,2.6660375595092773,6.920297622680664,47.59152603149414,0.8901690244674683,0.5767731070518494,5583.19140625,9338.17578125,27686.396484375,32.47208786010742,21.975658416748047,77.46019744873047,13.047383308410645,1809.93505859375,153.46339416503906,0.9333357214927673,0.09169002622365952,5.042815685272217,0.0020228279754519463,0.12180594354867935,0.00480777770280838,0.3698231875896454,11.501629829406738,21.549715042114258,0.8661478757858276,0.35274845361709595,5.328958988189697,6.74406623840332,8.923689842224121,0.03204295039176941,0.021804163232445717,1.8490090370178223,0.35367438197135925,0.14096581935882568,2.760777473449707,8.923689842224121,6.7279510498046875,195.14459228515625,bowl
BFP222,Chicken korma,bfp_manual,616.7810668945312,147.9583740234375,5.429599761962891,9.830964088439941,9.674144744873047,3.3224031925201416,1.818806767463684,1864.3662109375,1828.7578125,3105.98876953125,23.660778045654297,68.66241455078125,123.21583557128906,29.57276153564453,119.2121353149414,277.52557373046875,1.0602630376815796,0.187456414103508,7.464946746826172,0.0032530040480196476,0.5656686425209045,0.08817681670188904,0.6753770709037781,8.45805835723877,2.3881747722625732,0.887685239315033,0.4771921932697296,6.058091163635254,9.613001823425293,16.960058212280273,0.07463590800762177,0.09210961312055588,3.016464948654175,0.6296553611755371,0.2604062855243683,2.764700174331665,16.960058212280273,2.888411045074463,205.17556762695312,bowl
BFP223,Bengal fish curry (Bengali machli curry),bfp_manual,458.0791015625,109.43326568603516,4.419909477233887,7.263133525848389,7.026848793029785,2.386934995651245,1.926630973815918,1572.6923828125,3341.407470703125,1449.0125732421875,13.917609214782715,44.4390983581543,95.07321166992188,27.620548248291016,76.37984466552734,207.98031616210938,0.8469220995903015,0.0823235735297203,9.851533889770508,0.00695442408323288,0.8710957765579224,0.04541501775383949,0.43677905201911926,11.115405082702637,0.4614626169204712,1.1798679828643799,0.1964763104915619,7.872647762298584,0.3188713788986206,14.959630966186523,0.043582309037446976,0.034326665103435516,0.6612613201141357,0.5029271841049194,0.09471156448125839,1.0990198850631714,14.959630966186523,3.02486252784729,361.1200866699219,bowl
BFP226,Fish finger,bfp_manual,2236.490966796875,542.9013061523438,4.474176406860352,5.65550422668457,55.82164764404297,0.17178024351596832,0.33995357155799866,7271.080078125,11528.494140625,34548.41796875,29.99616813659668,11.380779266357422,67.8708724975586,12.166054725646973,103.54583740234375,135.3891143798828,0.37991613149642944,0.038475170731544495,9.150341033935547,0.0028179173823446035,0.04762280359864235,0.0036069343332201242,0.26028314232826233,17.991838455200195,27.00883674621582,0.17313283681869507,0.1848553866147995,3.729626417160034,1.0465744733810425,7.848463535308838,0.030405329540371895,0.022227732464671135,0.49617889523506165,0.39467188715934753,0.0550057478249073,1.1932189464569092,7.848463535308838,3.184810161590576,47.23393249511719,fillet
BFP229,Fish in coconut milk (Nariyal ke doodh ke saath machli),bfp_manual,359.88739013671875,86.20545196533203,2.7309341430664062,8.659459114074707,4.431859970092773,1.5489449501037598,1.5153682231903076,2118.41552734375,492.6654052734375,1035.8721923828125,17.13285255432129,21.941631317138672,99.27879333496094,23.46416473388672,73.92955017089844,190.38404846191406,0.9146207571029663,0.09851788729429245,23.802400588989258,0.006014283746480942,0.2433696836233139,0.027645522728562355,0.3821726441383362,6.023037910461426,1.0741667747497559,1.079347848892212,0.08109353482723236,6.8171892166137695,1.9351866245269775,11.673861503601074,0.03982307016849518,0.04897404462099075,1.1052379608154297,0.5923756957054138,0.08110612630844116,2.752075672149658,11.673861503601074,3.29057240486145,279.5059814453125,dish
BFP230,Prawn curry (with coconut) (Jhinga curry),bfp_manual,456.0732727050781,109.54869079589844,3.103473424911499,8.543452262878418,6.929214000701904,2.0349531173706055,1.564234972000122,2466.34326171875,1037.80615234375,2379.039794921875,37.11729049682617,37.24527359008789,115.44694519042969,35.66516876220703,375.8637390136719,150.6495819091797,0.9588392972946167,0.2338029444217682,25.129262924194336,0.01366423163563013,0.181369349360466,0.06081364303827286,0.7175475358963013,0.6500768661499023,3.5432674884796143,1.6458964347839355,0.6186215281486511,7.488759994506836,155.7039031982422,15.247084617614746,0.02390255779027939,0.028353838250041008,0.6642866730690002,0.9514493942260742,0.08502516895532608,0.41186320781707764,15.247084617614746,1.3001394271850586,290.4087219238281,bowl
BFP231,Baked stuffed fish,bfp_manual,510.12896728515625,121.96038055419922,2.1212949752807617,16.138198852539062,5.427358150482178,0.34636545181274414,0.37637126445770264,2888.677001953125,1141.417724609375,813.9802856445312,36.952003479003906,18.79994773864746,181.99862670898438,29.34610366821289,74.36150360107422,242.9720916748047,0.354458749294281,0.055789485573768616,24.386898040771484,0.009811780415475368,0.05317273736000061,0.006902615539729595,0.4823289215564728,37.502567291259766,1.0796163082122803,1.5219178199768066,0.5012613534927368,2.5889737606048584,0.8135225176811218,11.021587371826172,0.05251534655690193,0.030901532620191574,1.2544846534729004,0.9493233561515808,0.12090875953435898,0.45657309889793396,11.021587371826172,2.1378796100616455,422.28094482421875,fish
BFP232,Fish pie,bfp_manual,504.07080078125,120.89502716064453,7.743610858917236,9.250432968139648,5.7728986740112305,1.1310251951217651,0.7566347122192383,3348.71826171875,1359.1097412109375,552.3217163085938,23.97002601623535,36.14876174926758,123.73542785644531,24.55194854736328,101.79609680175781,316.2816467285156,0.45893844962120056,0.06717235594987869,12.535945892333984,0.006282927934080362,0.10088681429624557,0.024542687460780144,0.40933606028556824,43.74734115600586,0.6463562250137329,0.3366929590702057,0.2495173215866089,3.6257731914520264,0.40495434403419495,12.11980152130127,0.050852447748184204,0.04175529256463051,0.9432899951934814,0.665565013885498,0.09771262109279633,0.9499329328536987,12.11980152130127,8.84060287475586,183.59567260742188,pie
BFP233,Crispy baked fish,bfp_manual,579.5053100585938,138.40179443359375,9.587173461914062,10.953568458557129,6.413250923156738,1.52664315700531,1.207491159439087,3546.247802734375,1436.5147705078125,584.9293212890625,28.886926651000977,60.035160064697266,147.4285125732422,24.22565269470215,192.4231414794922,208.72792053222656,0.5458480715751648,0.07084805518388748,14.369416236877441,0.006310954224318266,0.15289753675460815,0.016961131244897842,0.5116607546806335,56.78003692626953,0.7025972008705139,3.3278799057006836,0.2694346308708191,8.217314720153809,0.4372791349887848,16.529664993286133,0.07176678627729416,0.042561836540699005,1.0277208089828491,0.5962897539138794,0.10217314213514328,1.218674898147583,16.529664993286133,5.9955830574035645,1112.307373046875,casserole dish
BFP234,Fish souffle,bfp_manual,582.3558959960938,139.70716857910156,5.1389923095703125,10.508346557617188,8.546370506286621,2.0930960178375244,0.19215142726898193,4629.53076171875,2325.8115234375,708.0957641601562,84.68883514404297,63.871131896972656,148.85569763183594,18.498069763183594,92.45176696777344,167.33514404296875,0.5892937183380127,0.05252319201827049,17.304800033569336,0.005713753867894411,0.05967698246240616,0.021669939160346985,0.5706270933151245,82.70806121826172,0.8534570336341858,0.37074220180511475,0.34875059127807617,0.6446807384490967,2.8086273670196533,15.317887306213379,0.046404141932725906,0.09301144629716873,0.5575438737869263,0.7954561114311218,0.09147084504365921,3.932518482208252,15.317887306213379,0.8166858553886414,144.6908721923828,dish
BFP239,Potato curry (Aloo ki sabzi),bfp_manual,372.1199035644531,89.55504608154297,10.419947624206543,1.5177794694900513,4.468658924102783,1.584913969039917,2.4220821857452393,548.6575927734375,961.1213989257812,2684.7265625,0,23.735754013061523,38.19035720825195,25.2950496673584,78.39628601074219,383.4476318359375,0.9740437269210815,0.10002580285072327,0.5147095322608948,0.0037426205817610025,0.2799270749092102,0.05010666325688362,0.30854344367980957,0,2.0785164833068848,3.3713786602020264,0,12.08832836151123,0,17.6490421295166,0.05330009385943413,0.020622115582227707,0.7642565369606018,0.30511781573295593,0.10240809619426727,1.4298899173736572,17.6490421295166,20.924222946166992,1767.425048828125,bowl
BFP240,Egg curry (Anda curry),bfp_manual,488.2774353027344,117.52069091796875,4.03344202041626,5.383247375488281,8.80944538116455,1.8966227769851685,2.092888355255127,1676.6966552734375,2417.373046875,3865.27880859375,120.73628997802734,41.59408950805664,83.16969299316406,21.72081184387207,142.12139892578125,198.53228759765625,1.5196807384490967,0.09673549979925156,13.530051231384277,0.0036577158607542515,0.28650063276290894,0.06531635671854019,0.6313459277153015,65.31635284423828,3.222712755203247,4.358176231384277,0.2770996689796448,14.677340507507324,4.819555282592773,29.507932662963867,0.051089923828840256,0.08350464701652527,0.3665052354335785,0.6399855017662048,0.12299531698226929,7.027926921844482,29.507932662963867,12.55324649810791,2257.767822265625,bowl
BFP241,Vegetable curry with coconut ,bfp_manual,346.1748962402344,83.0712661743164,7.185318470001221,2.7740097045898438,4.6555094718933105,1.411500096321106,3.345585346221924,1806.5933837890625,659.0877685546875,1488.587158203125,0,19.625953674316406,33.57814025878906,23.161781311035156,43.3975830078125,215.46826171875,0.9468955993652344,0.12073687463998795,0.6169766187667847,0.0024609090760350227,0.296646386384964,0.03579406440258026,0.45427000522613525,0,1.322406530380249,5.2777910232543945,0,19.42310905456543,0,23.595062255859375,0.0951199010014534,0.022221384570002556,0.6352805495262146,0.3086971640586853,0.09861506521701813,1.7152162790298462,23.595062255859375,18.731855392456055,1287.8861083984375,bowl
BFP242,Curd with potatoes (Dahi aloo),bfp_manual,249.5955047607422,59.90421676635742,7.1462483406066895,1.5634292364120483,2.720989227294922,1.8203973770141602,1.1870113611221313,539.6506958007812,579.461181640625,1432.53759765625,1.4501924514770508,36.3640022277832,43.33739471435547,15.87468147277832,51.990821838378906,259.2660217285156,0.4730554223060608,0.05254364013671875,0.5562015175819397,0.00186112429946661,0.1569308638572693,0.022675737738609314,0.2518058717250824,3.691399097442627,1.105312705039978,1.4799574613571167,0,5.750423431396484,0,11.791448593139648,0.03688182309269905,0.04460976645350456,0.465567946434021,0.23781812191009521,0.06770447641611099,1.135058045387268,11.791448593139648,11.318717956542969,788.536865234375,bowl
BFP246,Potato kofta curry (Aloo kofta curry),bfp_manual,1873.5487060546875,455.3974609375,2.7838075160980225,0.5600302815437317,49.08486557006836,0.6299353241920471,0.5600333213806152,6069.45361328125,10159.0615234375,30803.685546875,2.6027369499206543,7.772984981536865,13.238142967224121,6.904822826385498,30.121992111206055,97.57389068603516,0.2596953213214874,0.031347837299108505,0.3345959186553955,0.0009548075031489134,0.11583777517080307,0.01744961179792881,0.09443141520023346,5.249588489532471,24.003999710083008,0.7448839545249939,0.0041173240169882774,5.742754936218262,0.07161203026771545,4.7617669105529785,0.014441415667533875,0.009968924336135387,0.18817730247974396,0.09099090099334717,0.02811857871711254,0.5204888582229614,4.7617669105529785,4.571774005889893,364.68646240234375,bowl
BFP249,Yam kofta curry (Zimikand/Suran kofta curry),bfp_manual,1328.9459228515625,322.8794860839844,3.748732328414917,0.7149139046669006,33.835304260253906,0.6262010335922241,1.0377956628799438,4280.2412109375,6973.52685546875,21150.9609375,3.5387730598449707,8.351122856140137,15.197518348693848,8.550979614257812,42.22227096557617,109.02159881591797,0.30990588665008545,0.05403979867696762,0.3847999572753906,0.0016926132375374436,0.10484018921852112,0.01372857391834259,0.10818196088075638,7.137526035308838,16.508512496948242,0.9498424530029297,0.005598059389740229,6.045030117034912,0.09736624360084534,5.794541358947754,0.014138031750917435,0.012650680728256702,0.16038265824317932,0.10245461761951447,0.04606723040342331,1.0629754066467285,5.794541358947754,4.8073577880859375,458.6889953613281,bowl
BFP250,Jackfruit kofta curry (Kathal ka kofta curry),bfp_manual,1321.428466796875,321.08282470703125,3.166533946990967,0.8044828772544861,33.83210372924805,2.3951878547668457,0.964221179485321,4279.4462890625,6978.52197265625,21145.48046875,3.5387730598449707,11.36447811126709,10.968585014343262,8.78130054473877,40.03742980957031,79.59180450439453,0.24432863295078278,0.047642018646001816,0.29363155364990234,0.0015326687134802341,0.13842853903770447,0.013461999595165253,0.08259083330631256,7.137526035308838,16.45733070373535,2.111039876937866,0.005598059389740229,11.083284378051758,0.09736624360084534,8.428828239440918,0.01573747768998146,0.011051235720515251,0.13799042999744415,0.07686349004507065,0.05406445637345314,1.0325859785079956,8.428828239440918,3.6637539863586426,460.0597229003906,bowl
BFP257,Spinach and potato (Palak aloo),bfp_manual,237.64511108398438,57.170955657958984,5.912322044372559,1.6299874782562256,2.8196754455566406,0.9337491393089294,2.0378479957580566,394.9471435546875,532.947509765625,1712.1781005859375,0,43.67390060424805,31.338565826416016,49.43586730957031,62.45978546142578,457.2786560058594,1.5865648984909058,0.11613208055496216,1.148102045059204,0.014076068997383118,0.6310393810272217,0.010444954968988895,0.3306320607662201,0,1.8106478452682495,2.0678398609161377,0,150.68563842773438,0,72.21886444091797,0.09701871126890182,0.05253066495060921,0.5093706250190735,0.2479856163263321,0.1168566644191742,2.560133218765259,72.21886444091797,23.494770050048828,5207.7861328125,bowl
BFP258,Mooli bhujia,bfp_manual,381.6823425292969,91.20166778564453,4.744147777557373,1.6869206428527832,7.2503156661987305,1.071142554283142,2.356360912322998,903.0907592773438,4077.916259765625,1643.6663818359375,0,131.87550354003906,41.2119255065918,40.407508850097656,89.73052215576172,282.5989685058594,2.3654520511627197,0.179249569773674,16.743322372436523,0.028198517858982086,0.7348422408103943,0.04737425595521927,0.38490626215934753,0,0.07964973151683807,1.122574806213379,0,96.46302795410156,0,38.235660552978516,0.04461344704031944,0.07696451991796494,0.4085964262485504,0.15638594329357147,0.12709102034568787,3.1699318885803223,38.235660552978516,40.70710372924805,4782.40625,bowl
BFP259,Bathua bhujia,bfp_manual,380.4223937988281,90.9005355834961,3.6303486824035645,2.263979434967041,7.288114070892334,1.0787022113800049,3.8027875423431396,908.664794921875,4068.549560546875,1670.7200927734375,0,165.84385681152344,36.77436828613281,43.743865966796875,81.98684692382812,387.9311218261719,2.360412359237671,0.10113245248794556,1.1198971271514893,0.0017394920578226447,1.4504958391189575,0.034774720668792725,0.8233701586723328,0,0.22580435872077942,1.1729730367660522,0,171.9342498779297,0,36.12398147583008,0.0546930767595768,0.3919529318809509,0.504352867603302,0.3579785227775574,0.15732990205287933,1.2774815559387207,36.12398147583008,33.5656852722168,2695.519775390625,bowl
BFP261,Cabbage rolls (dry) ((Pattagobhi rolls) (dry)),bfp_manual,592.1436157226562,142.4750518798828,6.094019889831543,8.20612621307373,9.35861873626709,1.260119080543518,1.8360204696655273,3823.560302734375,2935.2587890625,1905.2674560546875,32.90439224243164,31.537553787231445,92.25421142578125,20.934783935546875,118.05327606201172,252.5702362060547,0.9799903631210327,0.07506614178419113,1.191209316253662,0.002736259950324893,0.27897775173187256,0.030066145583987236,1.4332435131072998,24.846662521362305,1.3390071392059326,0.7196927070617676,0,43.53343963623047,0,22.860998153686523,0.06986289471387863,0.09442994743585587,1.9442604780197144,0.49937704205513,0.15318700671195984,1.6527546644210815,22.860998153686523,15.262791633605957,206.24293518066406,roll
BFP262,Cabbage rolls (curry) ((Pattagobhi rolls)(curry)),bfp_manual,518.75146484375,124.62748718261719,7.032143592834473,5.7596306800842285,8.16766357421875,3.8064990043640137,2.35186505317688,2530.896240234375,2248.068603515625,2858.409912109375,18.78862762451172,29.823823928833008,75.46633911132812,26.40521812438965,123.98434448242188,425.85595703125,0.9485283493995667,0.1410716325044632,0.9310640692710876,0.002127249026671052,0.32585495710372925,0.02609531581401825,0.9759970903396606,14.18761157989502,3.2041232585906982,0.5871305465698242,0,26.14461898803711,0,23.37618064880371,0.2456640601158142,0.08058542758226395,1.8872219324111938,0.33387720584869385,0.15697705745697021,2.4476070404052734,23.37618064880371,18.481765747070312,499.7816467285156,roll
BFP263,Dry arbi (Sookhi arbi),bfp_manual,558.90869140625,134.94505310058594,11.106585502624512,2.116119861602783,8.966598510742188,1.5514482259750366,2.4732165336608887,1098.13720703125,1839.850341796875,5631.38623046875,0,22.769018173217773,50.67097091674805,25.7568416595459,81.24510192871094,322.90496826171875,0.6811506152153015,0.1803664267063141,0.2301834672689438,0.006192980334162712,0.40979111194610596,0.04935440421104431,0.30789920687675476,0,4.5018696784973145,1.319345474243164,0,5.912807464599609,0,16.33182144165039,0.04319756478071213,0.02306944504380226,0.39588212966918945,0.13663442432880402,0.12200259417295456,2.358816623687744,16.33182144165039,4.044879913330078,514.9962768554688,bowl
BFP264,Masala arbi,bfp_manual,768.0505981445312,185.37693786621094,16.157772064208984,3.007230043411255,11.902779579162598,0.8109399080276489,3.099414825439453,1448.020263671875,2417.55029296875,7464.84765625,0,32.08297348022461,74.01738739013672,35.18970489501953,261.30645751953125,467.5267639160156,0.9936478137969971,0.27278533577919006,0.2858065068721771,0.008396453224122524,0.4724995791912079,0.06369426846504211,0.39941468834877014,0,6.015923500061035,0.3127474784851074,0,3.953348398208618,0,17.317352294921875,0.05448441952466965,0.031330693513154984,0.5063263773918152,0.10767773538827896,0.1559218466281891,3.1793768405914307,17.317352294921875,1.631089687347412,98.55826568603516,bowl
BFP266,Peas brinjal bhartha (Matar baingan bhartha),bfp_manual,350.00347900390625,84.54545593261719,5.018434524536133,2.0512430667877197,6.0518879890441895,1.5736274719238281,3.630924701690674,751.37451171875,1205.3583984375,3769.39453125,0,19.625629425048828,33.020408630371094,22.000490188598633,63.65240478515625,224.01417541503906,0.6250162720680237,0.11490312218666077,0.23044292628765106,0.004099247045814991,0.21363702416419983,0.017579393461346626,0.3223262131214142,0,2.92360258102417,3.5829720497131348,0,19.00836753845215,0,31.52411460876465,0.07750105112791061,0.0741441547870636,0.5918664932250977,0.32001224160194397,0.09157488495111465,1.9361711740493774,31.52411460876465,10.646207809448242,1160.0469970703125,small bowl
BFP269,Okra/Lady's fingers fry (Bhindi sabzi/sabji/subji),bfp_manual,457.7266540527344,110.80847930908203,4.5031561851501465,1.8304076194763184,9.273520469665527,1.424852728843689,3.569150447845459,1153.17236328125,1883.9217529296875,5827.3671875,0,67.88325500488281,49.022422790527344,52.60093688964844,92.77507781982422,233.03480529785156,0.8841950297355652,0.11970783025026321,0.8133341670036316,0.004663640633225441,0.29080498218536377,0.03787423297762871,0.4082391560077667,0,4.818519115447998,5.571495056152344,0,17.15552520751953,0,51.26516342163086,0.03691234812140465,0.054091017693281174,0.5252795219421387,0.2582511603832245,0.21642419695854187,1.6150355339050293,51.26516342163086,17.478656768798828,927.8766479492188,bowl
BFP270,Crispy okra/Crispy lady's fingers (Karare bhindi),bfp_manual,2707.49169921875,657.7600708007812,4.348548412322998,1.9118162393569946,70.39558410644531,0.26049599051475525,1.7533990144729614,8460.501953125,14440.072265625,44532.29296875,0,27.612255096435547,27.9282283782959,20.555068969726562,40.41634750366211,90.13566589355469,0.5586724877357483,0.05893508344888687,0.4772866666316986,0.0013807440409436822,0.18149526417255402,0.009044492617249489,0.21399709582328796,0,34.73259735107422,1.7598176002502441,0,10.347993850708008,0,26.270788192749023,0.037293948233127594,0.028993437066674232,0.28529539704322815,0.13953319191932678,0.09293946623802185,0.8617505431175232,26.270788192749023,5.292633056640625,332.23486328125,small bowl
BFP272,Beans foogath,bfp_manual,435.98504638671875,105.06459045410156,3.2590041160583496,2.0253562927246094,9.221795082092285,1.695457935333252,4.14662504196167,3045.028076171875,1404.535888671875,3683.6025390625,0,44.19765090942383,42.5180778503418,30.9825496673584,81.2249755859375,259.2912292480469,0.9534304738044739,0.09572059661149979,0.4166528582572937,0.003974996041506529,0.29037588834762573,0.03974168002605438,0.3513721823692322,0,3.0347964763641357,2.7223122119903564,0,16.08196258544922,0,47.496742248535156,0.04285864159464836,0.04493734985589981,0.5992366671562195,0.23206159472465515,0.3200993537902832,4.231180191040039,47.496742248535156,3.512077569961548,1251.99267578125,small bowl
BFP273,Stuffed bittergourd (wet) (Bharwa karele),bfp_manual,669.49853515625,162.36154174804688,4.679901599884033,1.3634722232818604,15.24490737915039,1.9528133869171143,2.860555410385132,1900.9686279296875,3100.7314453125,9587.56640625,0,17.246801376342773,34.609954833984375,24.193336486816406,360.0853576660156,246.153564453125,0.9142417311668396,0.09120917320251465,2.7924561500549316,0.007858631201088428,0.3492624759674072,0.03195500746369362,0.3468990921974182,0,7.428502559661865,1.2066760063171387,0,4.9893975257873535,0,40.304988861083984,0.04475937783718109,0.026090625673532486,0.2844909429550171,0.2467329353094101,0.06418227404356003,4.34773588180542,40.304988861083984,29.99488067626953,303.6265869140625,bowl
BFP274,Jackfruit/Kathal (dry),bfp_manual,2012.0494384765625,488.9747619628906,4.564837455749512,0.9296601414680481,51.78341293334961,3.5488522052764893,1.3285168409347534,6230.40283203125,10621.65234375,32777.546875,0,12.78551959991455,11.0569486618042,11.708024978637695,33.68412399291992,106.25550842285156,0.3330188989639282,0.06852053850889206,0.03116854839026928,0.0020828680135309696,0.17023995518684387,0.01510074082762003,0.09272599220275879,0,25.498435974121094,2.741516351699829,0,15.87950325012207,0,11.447334289550781,0.019982002675533295,0.007640974596142769,0.18761883676052094,0.08106843382120132,0.07486223429441452,1.26255202293396,11.447334289550781,4.492999076843262,470.95550537109375,bowl
BFP275,Yam fried (Zimikand/Suran fried),bfp_manual,2023.71630859375,491.7631530761719,5.468400001525879,0.7906505465507507,51.78837585449219,0.8034133911132812,1.4427032470703125,6231.63671875,10613.900390625,32786.05078125,0,8.108840942382812,17.62018585205078,11.350571632385254,37.07496643066406,151.93006896972656,0.43479377031326294,0.0784497931599617,0.17266042530536652,0.0023310992401093245,0.11811137199401855,0.01551445946097374,0.13244301080703735,0,25.577869415283203,0.9393566846847534,0,8.060215950012207,0,7.3589630126953125,0.017499689012765884,0.01012328825891018,0.22237122058868408,0.12078544497489929,0.06245066225528717,1.309715986251831,7.3589630126953125,6.267853260040283,468.82818603515625,bowl
BFP276,"Cauliflower, pea and potato bhujia (Phoolgobhi, matar aur aloo bhujia)",bfp_manual,396.861328125,95.6666488647461,8.233966827392578,2.75445818901062,5.540585041046143,1.4717168807983398,3.2630536556243896,695.8181762695312,1102.6148681640625,3454.939697265625,0,21.052488327026367,40.54753494262695,25.643978118896484,86.28689575195312,305.2957458496094,0.9763696193695068,0.10624673217535019,0.6562368273735046,0.004003974609076977,0.3494357168674469,0.054387617856264114,0.4468115270137787,0,2.687939405441284,4.838581562042236,0,20.485258102416992,0,31.39716911315918,0.091888926923275,0.031063172966241837,0.7028517127037048,0.4349246919155121,0.1244514137506485,2.2339723110198975,31.39716911315918,27.981849670410156,1274.9248046875,bowl
BFP277,Vegetable jalfrezi,bfp_manual,283.8902282714844,68.47779846191406,5.425917148590088,1.404845118522644,4.3751654624938965,1.794954538345337,2.9696500301361084,557.1334228515625,871.2576904296875,2716.42529296875,0,27.112560272216797,33.264503479003906,22.881792068481445,79.45895385742188,270.9181823730469,0.6827206015586853,0.08151961117982864,0.620241105556488,0.007146294228732586,0.298098623752594,0.04821792617440224,0.24102401733398438,0,2.100330114364624,4.07545280456543,0,32.60163116455078,0,28.311155319213867,0.04772977903485298,0.03864343464374542,0.5837361216545105,0.23670576512813568,0.1377372294664383,2.094738721847534,28.311155319213867,25.929264068603516,4668.30517578125,bowl
BFP278,Vegetables stir fry ,bfp_manual,128.24195861816406,30.781307220458984,3.194504499435425,1.03522527217865,1.4730372428894043,0.8552252650260925,1.374916434288025,191.1547393798828,298.3409118652344,893.2257690429688,0,13.300012588500977,15.822394371032715,8.60586929321289,54.997310638427734,115.07464599609375,0.34404119849205017,0.04012870043516159,0.26786357164382935,0.0006949806702323258,0.09550836682319641,0.010553410276770592,0.21423423290252686,0,0.8040926456451416,2.424530267715454,0,18.725032806396484,0,15.941879272460938,0.04041184112429619,0.015791505575180054,0.24018017947673798,0.17831403017044067,0.045984555035829544,0.9074517488479614,15.941879272460938,9.823680877685547,656.7710571289062,small bowl
BFP279,Broccoli delight,bfp_manual,172.18045043945312,40.696990966796875,2.342355966567993,2.4903509616851807,2.4840853214263916,1.0791980028152466,2.8293232917785645,339.4486083984375,1244.0726318359375,642.1929931640625,0,26.98822021484375,47.996238708496094,17.098997116088867,59.2593994140625,257.81829833984375,0.7095237970352173,0.06325814127922058,0.9731829762458801,0.0028571428265422583,0.17882205545902252,0.0030075188260525465,0.3979949653148651,0,0.8867167830467224,0.6105263233184814,0,99.73145294189453,0,48.944862365722656,0.0870300754904747,0.0821303203701973,0.5894736647605896,0.32116541266441345,0.07832080125808716,2.078195333480835,48.944862365722656,39.600250244140625,2865.200439453125,bowl
BFP280,Dhansak (vegetarian),bfp_manual,344.56927490234375,82.80193328857422,7.278299331665039,3.322080612182617,4.179668426513672,0.905998170375824,4.168105125427246,938.3495483398438,759.43212890625,2048.038818359375,0,26.403671264648438,57.862815856933594,28.29806137084961,34.17921829223633,264.50408935546875,1.2641905546188354,0.18182706832885742,3.6161181926727295,0.004730898421257734,0.3342198431491852,0.1856730878353119,0.5002893209457397,0,1.5569846630096436,1.6124742031097412,0,19.644865036010742,0,18.720050811767578,0.0618358813226223,0.03874571993947029,0.46711087226867676,0.22807034850120544,0.08131308853626251,0.7571877241134644,18.720050811767578,5.496073246002197,1923.65673828125,bowl
BFP282,Cauliflower basket,bfp_manual,378.517578125,90.9475326538086,3.969550371170044,5.205246925354004,5.880738258361816,1.4675419330596924,2.3982980251312256,3279.8232421875,1617.375732421875,424.11737060546875,51.104713439941406,100.18853759765625,143.16497802734375,20.591472625732422,194.2165985107422,258.1622009277344,0.92038494348526,0.04778001084923744,5.122755527496338,0.00512082502245903,0.17123599350452423,0.01056053675711155,0.6540036797523499,68.29147338867188,0.2949444055557251,0.9873480796813965,0.08696912229061127,10.464767456054688,1.5126415491104126,36.6363525390625,0.04450955614447594,0.10565195977687836,0.24366368353366852,0.6604166030883789,0.11212287098169327,4.283876419067383,36.6363525390625,29.632328033447266,156.53355407714844,portion
BFP284,Stuffed bottle gourd (Stuffed ghiya/lauki),bfp_manual,388.4788818359375,93.18714141845703,4.36107063293457,5.8379435539245605,5.802958011627197,1.5199154615402222,1.181577444076538,3076.2451171875,1840.20361328125,316.31268310546875,45.60563278198242,71.8316879272461,115.29011535644531,13.726140975952148,106.98591613769531,149.43943786621094,0.6557746529579163,0.05466197058558464,4.487887382507324,0.0024028168991208076,0.1043802797794342,0.004084507003426552,0.9107887148857117,47.154930114746094,0.23073239624500275,0.4688732326030731,0.0591549277305603,2.2070422172546387,1.0288732051849365,26.170873641967773,0.050394367426633835,0.07405634224414825,0.829098641872406,0.5716338157653809,0.06638028472661972,3.4118874073028564,26.170873641967773,2.5378026962280273,130.86056518554688,portion
BFP286,Ducheese potato,bfp_manual,583.3187866210938,140.53915405273438,10.936365127563477,3.602362632751465,9.010547637939453,0.2856145203113556,1.2921322584152222,5117.52783203125,2469.009033203125,551.9320068359375,85.15188598632812,18.096193313598633,67.44698333740234,20.303203582763672,103.84962463378906,423.3269958496094,0.7635270953178406,0.08178945630788803,7.917437553405762,0.0015537709696218371,0.11638733744621277,0.013966480270028114,0.43809065222740173,119.63162994384766,0.4815817177295685,0.1755702942609787,0.1527583748102188,2.4368598461151123,2.656904697418213,20.28324317932129,0.05464385822415352,0.04806796833872795,0.7777583599090576,0.5485480427742004,0.10223172605037689,4.321592807769775,20.28324317932129,16.839792251586914,232.1549072265625,potato
BFP287,Roast potatoes ,bfp_manual,363.9530334472656,87.31853485107422,14.521992683410645,1.5261659622192383,2.354518413543701,0.32654115557670593,1.7128534317016602,1391.1475830078125,555.2025146484375,200.13583374023438,5.511353015899658,10.380037307739258,42.96099090576172,23.89119529724121,90.66899108886719,528.2360229492188,0.5729963183403015,0.09060870856046677,0.7473478317260742,0.0020505853462964296,0.14797204732894897,0.015524936839938164,0.2764991223812103,24.788148880004883,0.10814089328050613,0.22588783502578735,0,2.525066375732422,0,15.084885597229004,0.058315545320510864,0.011659874580800533,1.0104954242706299,0.37049615383148193,0.09746749699115753,1.3207355737686157,15.084885597229004,22.462642669677734,221.14463806152344,potato
BFP288,Stuffed baked potatoes ,bfp_manual,417.7735595703125,100.19805145263672,11.034720420837402,3.8153202533721924,4.390840530395508,0.40492093563079834,1.30967378616333,2195.360107421875,1305.070556640625,392.67144775390625,72.9924545288086,25.717958450317383,71.59382629394531,20.95283317565918,92.08602142333984,429.14129638671875,0.8066197633743286,0.08170599490404129,7.941335678100586,0.0015329906018450856,0.12227881699800491,0.018741890788078308,0.4606131911277771,70.4695053100586,0.3808088004589081,0.22115430235862732,0.15137681365013123,4.935124397277832,2.6328752040863037,22.348371505737305,0.058123890310525894,0.05722283571958542,0.781188428401947,0.5634580850601196,0.105230912566185,4.598551273345947,22.348371505737305,18.037866592407227,260.90753173828125,potato
BFP289,Potato nests,bfp_manual,465.2430114746094,111.6167221069336,11.048689842224121,5.706343173980713,4.76517915725708,1.4118245840072632,2.48541522026062,2756.07373046875,1299.70458984375,292.4320373535156,26.495704650878906,55.246910095214844,110.18791961669922,25.910518646240234,182.12274169921875,341.00689697265625,0.8695753812789917,0.11712166666984558,3.2518932819366455,0.002238007029518485,0.21033871173858643,0.0242864228785038,0.745783805847168,47.060821533203125,0.2452079951763153,3.612043857574463,0.027420153841376305,14.510616302490234,0.47691482305526733,25.880937576293945,0.1679810881614685,0.05897291749715805,1.2888060808181763,0.5417700409889221,0.15363773703575134,2.9687082767486572,25.880937576293945,19.57065200805664,551.7568359375,nest
BFP290,Parsley potato,bfp_manual,496.0783386230469,119.51380157470703,13.811198234558105,1.4891704320907593,6.278064727783203,0.34235021471977234,1.593870997428894,3882.474853515625,1554.640380859375,329.75115966796875,15.705069541931152,11.428571701049805,42.07631301879883,22.558433532714844,4.622488498687744,502.7557678222656,0.5507373213768005,0.08456221222877502,0.7384331822395325,0.0018479264108464122,0.13322581350803375,0.015668202191591263,0.27138248085975647,70.63594055175781,0.1933179795742035,0.20069123804569244,0,3.983410120010376,0,15.202765464782715,0.0561751127243042,0.014838709495961666,0.9601842761039734,0.35483869910240173,0.09304147958755493,1.3210599422454834,15.202765464782715,21.949308395385742,266.7557678222656,bowl
BFP291,Creamed spinach and mushroom,bfp_manual,1727.5782470703125,419.61541748046875,3.1675798892974854,2.2780840396881104,44.137428283691406,1.1745545864105225,1.0179495811462402,6817.787109375,9201.6982421875,26166.046875,7.1512603759765625,65.48672485351562,64.23210144042969,27.092437744140625,90.20628356933594,217.24034118652344,0.9047143459320068,0.06682352721691132,0.8866638541221619,0.008678991347551346,0.3229411542415619,0.00756302522495389,0.3132268786430359,27.44537925720215,20.597755432128906,1.9508235454559326,0,86.07008361816406,0,39.33184051513672,0.05164705961942673,0.05562185123562813,0.18037815392017365,0.18579833209514618,0.061151258647441864,2.4246134757995605,39.33184051513672,8.128739356994629,2458.817626953125,bowl
BFP292,Fricassee of Mushroom,bfp_manual,444.4345397949219,106.66338348388672,8.132780075073242,3.6514029502868652,6.63320779800415,2.5073351860046387,1.2347955703735352,4004.753662109375,1679.3203125,301.9085693359375,13.548639297485352,84.96759796142578,95.56843566894531,12.235578536987305,118.98212432861328,151.77239990234375,0.3601944148540497,0.053080759942531586,0.9388441443443298,0.005462185014039278,0.11251958459615707,0.014242985285818577,0.3559108376502991,59.26862335205078,0.21394744515419006,4.065446853637695,0,6.173622131347656,0,13.339784622192383,0.04016521945595741,0.07636020332574844,0.34049636125564575,0.29607605934143066,0.06671058386564255,3.2749786376953125,13.339784622192383,14.129754066467285,720.9603271484375,dish
BFP293,Cauliflower au gratin,bfp_manual,607.0151977539062,145.8968048095703,9.134358406066895,4.453841209411621,10.204614639282227,3.0148658752441406,1.4431378841400146,6187.79638671875,2593.279541015625,413.3867492675781,22.150205612182617,119.68885803222656,126.8860092163086,15.988999366760254,164.9605255126953,181.3016815185547,0.5732874274253845,0.04777070879936218,1.4752854108810425,0.004073259420692921,0.14289112389087677,0.01308200042694807,0.5262353420257568,91.27668762207031,0.2926279902458191,0.6810221672058105,0,5.176934242248535,0,20.678071975708008,0.05064815282821655,0.10078343749046326,0.27849051356315613,0.4064042270183563,0.06962448358535767,2.0707244873046875,20.678071975708008,14.911993980407715,166.25498962402344,bowl
BFP294,Vegetable and cheese pie,bfp_manual,527.0078735351562,126.87702941894531,8.757074356079102,4.02907133102417,8.281412124633789,2.6940433979034424,1.9115378856658936,5105.38427734375,2142.87255859375,367.9638671875,18.876331329345703,99.47952270507812,116.18521881103516,19.444538116455078,117.98896789550781,243.96710205078125,0.5796850323677063,0.06725353002548218,1.000500202178955,0.0032216813415288925,0.151802659034729,0.016087781637907028,0.5488800406455994,76.79234313964844,0.28497546911239624,1.6924552917480469,0,8.703386306762695,0,21.502914428710938,0.06211327388882637,0.07724713534116745,0.44130539894104004,0.3948209881782532,0.10914425551891327,2.462611436843872,21.502914428710938,11.344051361083984,1350.891357421875,dish
BFP296,Spinach souffle ,bfp_manual,624.0341186523438,150.17990112304688,6.273834705352783,7.357641696929932,10.520814895629883,0.8876909017562866,1.436058759689331,5747.92626953125,2987.38232421875,744.5542602539062,114.70999145507812,133.6862335205078,167.05270385742188,53.002994537353516,244.065185546875,385.31378173828125,2.1490817070007324,0.11813516914844513,11.790281295776367,0.014445443637669086,0.6297294497489929,0.021463511511683464,0.9392232894897461,140.4911651611328,1.206374168395996,0.5969851016998291,0.20964360237121582,163.3538055419922,3.64630126953125,86.08837127685547,0.11146051436662674,0.13654287159442902,0.2528950870037079,0.5984326601028442,0.12900568544864655,7.372990608215332,86.08837127685547,15.114306449890137,4872.06982421875,small bowl
BFP299,Beetroot and egg salad (Chukandar aur ande ka salad),bfp_manual,352.9101257324219,84.91504669189453,3.402134895324707,3.356741428375244,6.453707695007324,1.9682022333145142,0.5513483285903931,679.5276489257812,789.6932373046875,283.4606628417969,82.2471923828125,18.126741409301758,48.26966094970703,6.480224609375,110.12449645996094,66.98876190185547,0.5482022762298584,0.03764044865965843,9.265617370605469,0.0005505618173629045,0.057865168899297714,0.006741573102772236,0.35382023453712463,44.494380950927734,0.3522471785545349,0.1935954988002777,0.1887640357017517,4.426966190338135,3.2831459045410156,18.48853874206543,0.022808989509940147,0.045617975294589996,0.08988764137029648,0.38651686906814575,0.056067414581775665,4.719438076019287,18.48853874206543,2.6970787048339844,120.04045104980469,small bowl
BFP300,Sour cream potato salad,bfp_manual,505.8940124511719,121.89783477783203,9.052945137023926,2.8883795738220215,8.126080513000488,0.835390567779541,1.2074589729309082,744.9902954101562,3418.243896484375,1550.7255859375,47.29324722290039,23.250308990478516,55.179508209228516,19.191720962524414,102.6619644165039,367.58843994140625,0.9000044465065002,0.1248333677649498,4.908151149749756,0.002027861075475812,0.14014282822608948,0.017633574083447456,0.4155528247356415,26.979368209838867,1.6681581735610962,0.2995062470436096,0.09257626533508301,4.6371893882751465,1.6101657152175903,23.35992431640625,0.047654733061790466,0.038330983370542526,0.6675850749015808,0.4280990958213806,0.10123875737190247,3.063767433166504,23.35992431640625,16.434226989746094,348.61798095703125,small bowl
BFP301,Tossed green salad,bfp_manual,207.55963134765625,49.87812805175781,3.815504550933838,1.3340367078781128,3.23651385307312,1.8995871543884277,1.3262385129928589,75.74174499511719,42.349815368652344,146.30711364746094,0,33.71091842651367,27.499540328979492,19.14385223388672,65.08802795410156,211.2247772216797,1.2671560049057007,0.06385321170091629,1.3969266414642334,0.006949541624635458,0.19100917875766754,0.0077981650829315186,0.28155964612960815,0,0.04555045813322067,1.8137614727020264,0,41.1850471496582,0,34.84665298461914,0.039220184087753296,0.040458716452121735,0.34087157249450684,0.1466972529888153,0.09674312174320221,1.3272935152053833,34.84665298461914,26.71527671813965,2852.91748046875,small bowl
BFP302,Spring basket salad,bfp_manual,668.2857055664062,160.4569549560547,11.606666564941406,3.3628571033477783,11.29714298248291,1.4647619724273682,3.091428756713867,925.3923950195312,6627.5380859375,3094.01904296875,8.171428680419922,45.64761734008789,51.174285888671875,20.753332138061523,26.022857666015625,252.1904754638672,0.8533332943916321,0.08285713940858841,2.731428623199463,0.0015238096239045262,0.24666666984558105,0.0019047618843615055,0.5895237922668457,11.14285659790039,3.7161905765533447,6.002856731414795,0,99.45809936523438,0,52.15618896484375,0.09619047492742538,0.07904762029647827,0.7123809456825256,0.5195237994194031,0.130952388048172,1.9200000762939453,52.15618896484375,33.707618713378906,257.8838195800781,basket
BFP303,Cucumber and yogurt salad (Kheere aur dahi ka salad),bfp_manual,151.79425048828125,36.125816345214844,4.723781108856201,2.0911896228790283,0.9267529845237732,2.2792162895202637,1.661916732788086,550.45703125,215.53836059570312,89.40742492675781,2.867321252822876,68.49031066894531,65.67633819580078,21.874099731445312,141.72547912597656,215.50534057617188,0.523933470249176,0.03894517570734024,0.8533539175987244,0.005456599406898022,0.09075506031513214,0.046050917357206345,0.3183943033218384,7.298635482788086,0.03899122402071953,0.9986532330513,0,8.960378646850586,0,18.557193756103516,0.030888870358467102,0.08104526996612549,0.31229907274246216,0.45229822397232056,0.07196541875600815,2.725627899169922,18.557193756103516,5.852115631103516,455.8669128417969,small plate
BFP305,Chicken and tomato towers,bfp_manual,418.09326171875,100.55178833007812,2.3635880947113037,6.900942802429199,6.991310119628906,1.2060471773147583,1.1442689895629883,595.325927734375,2885.476806640625,1329.041259765625,20.728727340698242,17.54364013671875,66.8960189819336,17.281267166137695,76.01614379882812,212.83372497558594,0.7730963230133057,0.12235298752784729,6.03419303894043,0.005403460934758186,0.11104169487953186,0.008330493234097958,0.3561626672744751,6.406906604766846,1.431519627571106,4.662444591522217,0.3919118344783783,21.130712509155273,7.895035743713379,18.738290786743164,0.05593737214803696,0.04405695199966431,2.5880002975463867,0.46870386600494385,0.21257904171943665,2.414252758026123,18.738290786743164,21.4680233001709,3242.00830078125,stuffed tomato
BFP306,Jellied sunshine fruit salad,bfp_manual,206.0392303466797,48.86491775512695,4.207062244415283,5.851489067077637,0.8481287956237793,2.8611066341400146,1.797967791557312,106.76901245117188,128.8070831298828,563.9010009765625,0,37.14337921142578,25.754125595092773,17.231428146362305,74.20237731933594,144.0110626220703,0.8696780800819397,0.07506036013364792,2.350724458694458,0.006076458841562271,0.4142152965068817,0.014084506779909134,0.2162173092365265,0,0.16181086003780365,0.8044265508651733,0,22.580039978027344,0,15.1694974899292,0.03484909608960152,0.03040241450071335,0.11452716588973999,0.11911468952894211,0.07068410515785217,1.0753520727157593,15.1694974899292,11.56812858581543,3359.82421875,small mould
BFP307,Tomato aspic,bfp_manual,212.85748291015625,50.373313903808594,5.023009300231934,6.87376594543457,0.2617279291152954,3.207953453063965,1.5835527181625366,71.6518783569336,26.871721267700195,139.5130157470703,0,44.28346633911133,26.747766494750977,20.756275177001953,98.16595458984375,192.76939392089844,1.1810990571975708,0.07657328248023987,3.0422582626342773,0.008040331304073334,0.33717215061187744,0.013631663285195827,0.23065243661403656,0,0.11398890614509583,5.888243675231934,0,35.47830581665039,0,18.337688446044922,0.03715333342552185,0.03620851784944534,0.35698506236076355,0.17415624856948853,0.06768825650215149,1.389066457748413,18.337688446044922,16.86250877380371,4731.876953125,small mould
BFP308,Frozen frosty fruit salad (Phalon ka salaad),bfp_manual,436.01287841796875,103.50741577148438,15.6080904006958,1.6776823997497559,4.171952724456787,14.383068084716797,0.26178109645843506,2497.00732421875,1138.400146484375,210.7599334716797,26.33047103881836,28.61441993713379,34.42897033691406,7.964807033538818,13.231266021728516,103.47209930419922,0.4080686569213867,0.03690987080335617,1.8079185485839844,0.0019248927710577846,0.07590128481388092,0.009871244430541992,0.22755365073680878,64.69956970214844,0.16693133115768433,0.3190772533416748,0.03605150058865547,0.6388412117958069,0.6270385980606079,8.972982406616211,0.027510730549693108,0.056051503866910934,0.21658799052238464,0.18969957530498505,0.03871244564652443,1.9626179933547974,8.972982406616211,14.356051445007324,155.0315399169922,slice
BFP310,French dressing,bfp_manual,3018.609375,733.769287109375,3.675629138946533,0.3226490020751953,79.64860534667969,3.010728359222412,0.21960265934467316,11391.880859375,58150.57421875,6582.8212890625,0,6.9788079261779785,3.7589404582977295,4.536423683166504,261.1336364746094,27.430463790893555,0.48417216539382935,0.02754966914653778,0.17304635047912598,0.0005827814457006752,0.06317880749702454,0.02052980102598667,0.06913907080888748,0,4.065364360809326,0.1958940327167511,0,46.947021484375,0,0.9681457281112671,0.003046357771381736,0.0012582781491801143,0.0122516555711627,0.009933775290846825,0.0037748345639556646,0.1502649039030075,0.9681457281112671,3.189404010772705,20.390066146850586,cup
BFP312,Mayonnaise without eggs,bfp_manual,1356.5836181640625,329.0537109375,3.984919309616089,2.131207227706909,33.83994674682617,3.684467315673828,0.042814720422029495,6121.46435546875,23426.9921875,2655.52734375,0,75.53570556640625,61.06662368774414,6.8268561363220215,193.58448791503906,81.03873443603516,0.26566818356513977,0.02680438943207264,0.6225048303604126,0.002644286723807454,0.02122659794986248,0.008005164563655853,0.2287798523902893,0,1.720684289932251,0.048263393342494965,0,18.108457565307617,0,4.866610527038574,0.02021949551999569,0.06867656856775284,0.054551322013139725,0.21575209498405457,0.026300840079784393,1.3059909343719482,4.866610527038574,3.111168384552002,130.1468048095703,cup
BFP313,Curd dressing ,bfp_manual,332.0369873046875,78.79560089111328,8.028802871704102,5.585834980010986,2.9034323692321777,7.569055557250977,0.2200736254453659,1835.2698974609375,758.885009765625,110.92188262939453,10.517257690429688,194.59059143066406,164.76364135742188,19.927000045776367,204.6170196533203,283.2561340332031,0.17797590792179108,0.01089683547616005,1.9982311725616455,0.00040395831456407905,0.04156707227230072,0.04398126155138016,0.6882732510566711,26.771202087402344,0.056721486151218414,0.16418874263763428,0,1.6607706546783447,0,18.836313247680664,0.060976192355155945,0.26125824451446533,0.2019791603088379,0.49727508425712585,0.10543551295995712,2.604957342147827,18.836313247680664,2.554928779602051,48.70881652832031,cup
BFP316,Carrot raita (Gajar ka raita),bfp_manual,272.64166259765625,64.78433990478516,7.185221195220947,4.136575222015381,2.1851816177368164,5.993030548095703,1.686808466911316,1248.8587646484375,536.543701171875,177.648193359375,6.976596832275391,146.716796875,126.27798461914062,22.1346378326416,274.4648132324219,293.7736511230469,0.5533265471458435,0.04608803242444992,1.3951290845870972,0.002407877240329981,0.14718970656394958,0.034882985055446625,0.5673755407333374,17.758609771728516,0.11859643459320068,0.6618018746376038,0,10.705076217651367,0,20.29844093322754,0.05673051252961159,0.18545888364315033,0.24439463019371033,0.4265402555465698,0.10872328281402588,2.2057645320892334,20.29844093322754,4.921627998352051,3200.40283203125,bowl
BFP318,Pumpkin raita (Kaddu ka raita),bfp_manual,234.08970642089844,55.60216522216797,6.0176825523376465,3.7350518703460693,1.8839621543884277,5.475024700164795,1.0413557291030884,1144.267578125,497.5818786621094,100.93941497802734,6.470207691192627,130.1141815185547,109.32733154296875,17.416515350341797,129.14073181152344,258.974365234375,0.3349861800670624,0.03063172660768032,1.3379801511764526,0.001596082584001124,0.06907005608081818,0.031174637377262115,0.47120699286460876,16.469619750976562,0.22205106914043427,0.5951632261276245,0,28.96023941040039,0,18.64457893371582,0.04776366055011749,0.16995294392108917,0.26649197936058044,0.35814011096954346,0.08927474915981293,2.0777430534362793,18.64457893371582,4.181147575378418,622.3250732421875,bowl
BFP320,Mint and peanut raita (Pudinay aur moongfali ka raita),bfp_manual,468.8100280761719,112.04664611816406,7.3111467361450195,7.04649543762207,6.191745758056641,6.170982360839844,1.7900195121765137,2128.48974609375,2350.97998046875,1322.4771728515625,8.26011848449707,191.0054168701172,172.0693817138672,48.545780181884766,223.00904846191406,365.4576110839844,1.6808875799179077,0.11797026544809341,3.413017988204956,0.010404069907963276,0.3769332468509674,0.04430427402257919,0.9156439304351807,21.0257568359375,0.20552150905132294,0.7015070915222168,0,26.259597778320312,0,33.22964096069336,0.06550649553537369,0.24340693652629852,1.2736014127731323,0.5508943200111389,0.14763085544109344,12.07320785522461,33.22964096069336,4.547397136688232,2851.12255859375,bowl
BFP321,Spinach raita (Palak ka raita),bfp_manual,221.9394073486328,52.754600524902344,5.058942794799805,3.9483280181884766,1.858319640159607,3.968055009841919,1.390839695930481,1034.8524169921875,438.54119873046875,214.47206115722656,5.414185047149658,142.9600372314453,101.72998046875,54.44623565673828,126.57240295410156,458.1778259277344,1.607736349105835,0.09307526051998138,2.0559709072113037,0.01439932081848383,0.5856977105140686,0.02313333749771118,0.590324878692627,13.781561851501465,0.6697312593460083,0.2560402452945709,0,161.017333984375,0,79.0726547241211,0.11086036264896393,0.18366147577762604,0.27959591150283813,0.35764434933662415,0.12728257477283478,3.3350841999053955,79.0726547241211,16.1951904296875,4730.63916015625,bowl
BFP322,Bathua raita,bfp_manual,228.83018493652344,54.40149688720703,5.309964179992676,4.125519275665283,1.7598799467086792,4.105870723724365,2.1931235790252686,1003.8439331054688,421.6981506347656,177.06497192382812,5.414185047149658,206.31092834472656,104.17127990722656,35.46705627441406,110.92048645019531,366.1366882324219,1.4649988412857056,0.058621350675821304,1.7163537740707397,0.0006177585455588996,0.812109112739563,0.02067234367132187,0.8462681770324707,13.781561851501465,0.1578446626663208,0.6251892447471619,0,111.30526733398438,0,30.123498916625977,0.06164049729704857,0.3854629099369049,0.3829576373100281,0.45116207003593445,0.13712655007839203,1.912630319595337,30.123498916625977,21.486326217651367,1736.1026611328125,bowl
BFP325,Pineapple raita (Ananas ka raita),bfp_manual,284.9848937988281,67.74183654785156,8.621537208557129,3.8981993198394775,2.021782875061035,8.116658210754395,1.3891651630401611,1228.45947265625,539.5201416015625,103.78368377685547,6.925207614898682,134.5253143310547,114.14734649658203,18.802663803100586,135.48439025878906,239.89083862304688,0.27100855112075806,0.034639887511730194,1.3351171016693115,0.0036011082120239735,0.4468647539615631,0.023293880745768547,0.4954608380794525,17.6278018951416,0.1846512109041214,0.3880634605884552,0,2.0158650875091553,0,17.453033447265625,0.05864391848444939,0.181062713265419,0.18436792492866516,0.3682006895542145,0.10784436762332916,2.053922176361084,17.453033447265625,12.519830703735352,61.344749450683594,bowl
BFP326,Banana raita (Kele ka raita),bfp_manual,374.0682373046875,89.03275299072266,13.51010513305664,4.127990245819092,2.072148084640503,10.112377166748047,0.9956874847412109,1247.0032958984375,534.2412109375,130.30093383789062,6.925207614898682,133.23155212402344,116.44210815429688,24.323942184448242,135.42771911621094,308.828125,0.3087824285030365,0.05037899687886238,1.3099344968795776,0.006434147711843252,0.15726517140865326,0.023293880745768547,0.511199951171875,17.6278018951416,0.07132963836193085,0.38491562008857727,0,1.9529086351394653,0,17.36489486694336,0.04605263099074364,0.18421053886413574,0.2976894974708557,0.4374527931213379,0.22746159136295319,2.208165407180786,17.36489486694336,3.6083481311798096,116.0192642211914,bowl
BFP327,Mango raita (Aam ka raita),bfp_manual,283.4109802246094,67.36566925048828,8.231207847595215,3.9044950008392334,2.144547939300537,7.867980480194092,0.891809344291687,1265.8902587890625,571.8954467773438,130.30093383789062,6.925207614898682,136.06459045410156,113.36354064941406,19.013566970825195,135.4560546875,240.2056121826172,0.343408465385437,0.044083353132009506,1.9111684560775757,0.0073784939013421535,0.11319567263126373,0.023293880745768547,0.501756489276886,17.6278018951416,0.13113825023174286,1.489801049232483,0,2.7618987560272217,0,37.548728942871094,0.05234827473759651,0.18421053886413574,0.2284374237060547,0.36505287885665894,0.10469654947519302,2.2270522117614746,37.548728942871094,11.449572563171387,482.42572021484375,bowl
BFP328,Guava raita (Amarood ka raita),bfp_manual,270.8197021484375,64.35635375976562,7.271121978759766,4.187798976898193,2.072148084640503,6.7127299308776855,3.003997802734375,1227.89599609375,540.9586791992188,144.15135192871094,6.925207614898682,136.93023681640625,117.28887939453125,19.61480140686035,135.9376678466797,283.9603271484375,0.283599853515625,0.06297028064727783,1.8891336917877197,0.0023419794160872698,0.11319567263126373,0.023293880745768547,0.5363824963569641,17.6278018951416,0.07132963836193085,0.8507932424545288,0,2.4187862873077393,0,21.088768005371094,0.05864391848444939,0.18421053886413574,0.33546337485313416,0.4059745669364929,0.10154873132705688,1.9563395977020264,21.088768005371094,68.43458557128906,347.6989440917969,bowl
BFP329,Grapes raita (Angoor ka raita),bfp_manual,305.288330078125,72.5943603515625,9.657170295715332,3.975321054458618,2.0674264430999756,8.508562088012695,0.7092357277870178,1243.6068115234375,533.4652709960938,129.35658264160156,6.925207614898682,134.5205841064453,116.25953674316406,17.068212509155273,135.63548278808594,247.91778564453125,0.25526943802833557,0.033065978437662125,1.3099344968795776,0.002814152743667364,0.06755225360393524,0.023293880745768547,0.47972172498703003,17.6278018951416,0.061886176466941833,1.8612439632415771,0,2.977524518966675,0,14.40279483795166,0.05234827473759651,0.17948879301548004,0.18908965587615967,0.34931376576423645,0.09840090572834015,2.0728089809417725,14.40279483795166,6.642848014831543,100.43754577636719,bowl
BFP334,Bottle gourd kheer (Ghiya/Lauki kheer),bfp_manual,353.5349426269531,84.07347869873047,10.002121925354004,2.7009787559509277,3.8568472862243652,9.630354881286621,0.5464400053024292,2067.13330078125,1224.3619384765625,224.9215545654297,0,94.17855834960938,79.09861755371094,11.569293975830078,19.615446090698242,117.45909881591797,0.22511392831802368,0.049069855362176895,1.0918827056884766,0.004177064169198275,0.12356369197368622,0.017930518835783005,0.31585732102394104,0,0.3820582926273346,0.23310422897338867,0,0.473982036113739,0,13.399839401245117,0.029473289847373962,0.08631677180528641,0.11851699650287628,0.3651139438152313,0.034639522433280945,1.9844154119491577,13.399839401245117,2.3165035247802734,167.9636993408203,bowl
BFP336,Pumpkin kheer (Kaddu ki kheer),bfp_manual,363.0605163574219,86.35009002685547,10.435442924499512,2.7588794231414795,3.86245059967041,10.117840766906738,0.6286215782165527,2067.7197265625,1227.8135986328125,224.5087890625,0,95.60552978515625,80.25102233886719,11.475905418395996,20.988250732421875,141.55323791503906,0.24379156529903412,0.05093761533498764,0.8303959369659424,0.003803511615842581,0.11235711723566055,0.017183413729071617,0.30838626623153687,0,0.49038851261138916,0.3563765287399292,0,15.714922904968262,0,10.06588363647461,0.029473289847373962,0.0900522992014885,0.16894657909870148,0.29413896799087524,0.04584609717130661,1.8125813007354736,10.06588363647461,3.0094432830810547,420.8363037109375,bowl
BFP338,Apple kheer (Seb ki kheer),bfp_manual,342.0381164550781,81.29505157470703,11.344511032104492,2.1373558044433594,3.1800167560577393,10.705453872680664,0.5103079080581665,1680.1658935546875,992.2940673828125,213.59613037109375,0,75.66808319091797,62.825775146484375,8.91209888458252,15.855802536010742,93.40827178955078,0.1843029111623764,0.03978794813156128,0.6831787824630737,0.003811785252764821,0.08782555162906647,0.2660014033317566,0.24662990868091583,0,0.32694730162620544,0.2957635223865509,0,0.614313006401062,0,4.928200721740723,0.02371470257639885,0.06945191323757172,0.11189191788434982,0.22314362227916718,0.03087720274925232,1.2645677328109741,4.928200721740723,1.7496821880340576,155.26632690429688,bowl
BFP345,Caramel custard (baked),bfp_manual,516.8514404296875,122.69644927978516,14.954767227172852,5.11321496963501,5.009002208709717,14.921507835388184,0,2456.563232421875,1579.4013671875,347.23724365234375,81.15299224853516,90.58758544921875,105.37471771240234,8.419069290161133,44.7827033996582,107.97782897949219,0.5257650017738342,0.048940133303403854,9.598669052124023,0.0026607539039105177,0.011596452444791794,0,0.5035698413848877,43.90243911743164,0.4811530113220215,0,0.18625277280807495,0,3.2394678592681885,15.611973762512207,0.033283814787864685,0.11550997942686081,0.07854767143726349,0.5521840453147888,0.06214190647006035,5.361419200897217,15.611973762512207,1.3370288610458374,162.97117614746094,small bowl
BFP346,Vanilla ice cream without egg,bfp_manual,949.686279296875,228.67276000976562,14.205242156982422,2.6880381107330322,18.145544052124023,13.450675010681152,0,11310.7548828125,5221.9541015625,516.930908203125,41.69976043701172,81.26608276367188,69.82525634765625,6.633042335510254,23.965051651000977,89.95790100097656,0.10006354004144669,0.026162033900618553,0.5281969904899597,0.0019062748178839684,0.00601270841434598,0,0.2513423264026642,158.45909118652344,0.6290706992149353,0,0,0,0,6.146147727966309,0.022433677688241005,0.1202382892370224,0.03947577252984047,0.24951548874378204,0.03503097593784332,1.4996029138565063,6.146147727966309,1.3550437688827515,193.407470703125,ice cream cup
BFP347,Vanilla ice cream with egg,bfp_manual,892.5983276367188,214.85037231445312,11.707660675048828,4.164416790008545,17.024320602416992,11.686956405639648,0,10235.224609375,5017.0048828125,606.0841674804688,86.74948120117188,77.4202880859375,86.08695220947266,7.407177448272705,37.72394561767578,97.18909454345703,0.33746030926704407,0.03239337354898453,6.040717601776123,0.0016563147073611617,0.007984817028045654,0,0.3847067058086395,165.01034545898438,0.7550034523010254,0,0.11594202369451523,0,2.0165631771087646,12.133885383605957,0.027635611593723297,0.13069704174995422,0.049482401460409164,0.4196963310241699,0.05252173915505409,3.820565938949585,12.133885383605957,1.1773637533187866,186.6804656982422,ice cream cup
BFP348,Strawberry ice cream,bfp_manual,895.9827880859375,215.6056365966797,12.257044792175293,4.15120267868042,16.958763122558594,11.604124069213867,0,10193.6767578125,4996.97607421875,605.6357421875,86.39175415039062,77.08453369140625,85.8322982788086,7.357388496398926,37.61924362182617,96.40206146240234,0.33642610907554626,0.0320618562400341,6.015807151794434,0.0016494845040142536,0.007319587282836437,0,0.38625431060791016,164.32989501953125,0.7518900036811829,0,0.11546391248703003,0,2.0082473754882812,12.097594261169434,0.027628866955637932,0.12989690899848938,0.04810996353626251,0.4178694188594818,0.052233677357435226,3.8048110008239746,12.097594261169434,1.1725085973739624,185.91065979003906,ice cream cup
BFP350,Chocochip ice cream,bfp_manual,1004.9122314453125,241.44589233398438,16.754858016967773,4.225705146789551,17.927900314331055,16.080251693725586,0,10773.5419921875,5348.33837890625,640.2507934570312,79.3354263305664,73.21504974365234,90.58683013916016,14.523510932922363,34.84388732910156,114.2727279663086,0.5087774395942688,0.09156739711761475,5.838871479034424,0.0015047022607177496,0.06197492033243179,0,0.46645766496658325,151.22256469726562,0.8122884035110474,0,0.10532914847135544,0.20188087224960327,1.8319748640060425,12.089028358459473,0.028714733198285103,0.12376175820827484,0.07899686694145203,0.407523512840271,0.050282131880521774,3.7341692447662354,12.089028358459473,1.0695924758911133,170.90908813476562,ice cream cup
BFP351,Choconut ice cream,bfp_manual,1144.39990234375,273.95611572265625,23.12738609313965,5.040565490722656,18.49078369140625,21.019851684570312,0.5070215463638306,9205.4365234375,6886.580078125,1271.4228515625,65.65131378173828,67.38018798828125,115.16020202636719,37.495479583740234,29.83220672607422,145.80819702148438,0.8878199458122253,0.2457604855298996,5.732175827026367,0.001496205455623567,0.20837198197841644,0.012059465982019901,0.8029025793075562,125.06497192382812,1.2277950048446655,0.2968250513076782,0.08732715994119644,0.4003368318080902,1.5188689231872559,12.19051456451416,0.06808192282915115,0.10820251703262329,0.19659008085727692,0.4422164559364319,0.05382264032959938,3.2564799785614014,12.19051456451416,0.9003264307975769,142.7701873779297,sundae glass
BFP352,Pear chocholate sunday,bfp_manual,764.3148803710938,183.4873504638672,15.015302658081055,2.084487199783325,13.111092567443848,14.40560531616211,0.07367179542779922,7992.80908203125,3876.06982421875,443.4774475097656,29.10769271850586,56.667694091796875,56.285125732421875,12.332820892333984,16.26076889038086,91.18256378173828,0.23921537399291992,0.06800922751426697,0.36138972640037537,0.0012646154500544071,0.018210256472229958,0.006769230589270592,0.27432820200920105,112.13333129882812,0.5779795050621033,0.009082050994038582,0,0.13866667449474335,0,5.220030784606934,0.01861230842769146,0.08207179605960846,0.09667179733514786,0.1722923070192337,0.028766153380274773,1.0165590047836304,5.220030784606934,1.3713538646697998,131.5817413330078,sundae glass
BFP353,Chocolate sauce,bfp_manual,1108,263.20001220703125,43.209999084472656,1.909999966621399,10.390000343322754,42.060001373291016,0,6489,2811,343,21.299999237060547,18.799999237060547,68.69999694824219,53,2.799999952316284,154.6999969482422,1.1299999952316284,0.4389999806880951,0,0,0,0,0.7400000095367432,95.80000305175781,0.25300002098083496,0,0,0.8899999856948853,0,3.799999952316284,0.01600000075995922,0.013000000268220901,0.17000000178813934,0.004999999888241291,0.007000000216066837,0.019999999552965164,3.799999952316284,0,64.80000305175781,tablespoon
BFP354,Coffee ice cream,bfp_manual,633.01806640625,150.61996459960938,14.08952522277832,3.147430181503296,9.430323600769043,13.348003387451172,0,5190.3994140625,2307.67138671875,368.1959228515625,22.230594635009766,95.71514892578125,84.91605377197266,9.78734016418457,42.08560562133789,132.1755828857422,0.14828936755657196,0.03443707525730133,2.3315749168395996,0.001989449840039015,0.020700829103589058,0,0.3052298426628113,44.08440017700195,0.1546345204114914,0,0.4144687354564667,0.666465699672699,0,4.331424236297607,0.02401205711066723,0.12785230576992035,0.22449132800102234,0.33499622344970703,0.036672193557024,1.388696312904358,4.331424236297607,1.3011304140090942,113.41371154785156,ice cream cup
BFP355,Coffee pear alaska,bfp_manual,851.2466430664062,203.98948669433594,19.36335563659668,2.883115291595459,13.215276718139648,16.88257598876953,0.15177233517169952,8018.60205078125,3934.438232421875,448.37542724609375,28.433349609375,60.60960388183594,55.733280181884766,8.567608833312988,51.105140686035156,107.86270904541016,0.22431352734565735,0.033338990062475204,1.9976435899734497,0.0013180229580029845,0.04881178215146065,0,0.23321019113063812,109.16625213623047,0.6329506039619446,0,0.07129305601119995,0.15137293934822083,0,5.532880783081055,0.022907638922333717,0.09366949647665024,0.23477782309055328,0.28474289178848267,0.030885672196745872,1.7392710447311401,5.532880783081055,1.3912131786346436,133.6295623779297,dish
BFP356,Crunchy butterscotch,bfp_manual,1153.6324462890625,277.3192443847656,19.922080993652344,3.1129019260406494,20.99428939819336,17.725950241088867,0.469112753868103,12607.8720703125,6110.42041015625,956.4883422851562,46.390926361083984,72.25750732421875,76.55103302001953,12.962641716003418,22.24176025390625,103.65377044677734,0.2580253481864929,0.06146631017327309,0.6947298049926758,0.0017878585495054722,0.10458305478096008,0.028819212689995766,0.3493262231349945,184.2161407470703,0.7781187295913696,0.1894596368074417,0,0.4616411030292511,0,9.988525390625,0.061270181089639664,0.13621081411838531,0.4427618384361267,0.24772514402866364,0.040096063166856766,1.5506337881088257,9.988525390625,1.138092041015625,197.09939575195312,cup
BFP358,Peach melba ice cream,bfp_manual,834.7283935546875,200.84573364257812,16.306827545166016,2.056551694869995,14.50646686553955,13.35116958618164,0.06270624697208405,8892.126953125,4281.6982421875,468.6861572265625,33.227848052978516,60.54692459106445,53.819183349609375,6.896224498748779,17.918048858642578,81.24356079101562,0.11287210881710052,0.023156918585300446,0.38016584515571594,0.0013382802717387676,0.01632584072649479,0.007202095352113247,0.21046486496925354,126.26582336425781,0.6139065623283386,0.007730248849838972,0,0.04033173248171806,0,5.144504547119141,0.018149280920624733,0.09235487133264542,0.06675469130277634,0.18887166678905487,0.029515495523810387,1.1245263814926147,5.144504547119141,1.3053863048553467,143.6924591064453,sundae glass
BFP359,Vanilla ice cream with apples in hot cherry sauce,bfp_manual,818.6873168945312,196.3192596435547,22.750776290893555,1.7349472045898438,11.454093933105469,14.189779281616211,0.25801950693130493,7111.01806640625,3280.83984375,357.28033447265625,26.15062713623047,56.34050750732422,46.38204574584961,6.035066604614258,31.53536605834961,74.21468353271484,0.16244271397590637,0.02573520690202713,0.3780633509159088,0.0019127316772937775,0.008950985968112946,0.16895796358585358,0.17518429458141327,99.37238311767578,0.41004183888435364,0.14933253824710846,0,0.381550133228302,0,4.290994167327881,0.018511656671762466,0.07745566964149475,0.050657499581575394,0.16854950785636902,0.027208607643842697,0.9934250116348267,4.290994167327881,1.6851962804794312,145.19126892089844,dish
BFP361,Grape and orange whip,bfp_manual,238.5082550048828,57.3907470703125,6.71652889251709,1.4135537147521973,2.62239670753479,5.661570072174072,0.9669421315193176,1599.985595703125,738.1029052734375,116.79545593261719,6.508264541625977,17.40074348449707,15.371777534484863,8.949338912963867,14.361156463623047,138.8594970703125,0.5342562198638916,0.028140496462583542,1.6091322898864746,0.008429751731455326,0.022314049303531647,0.0004132231406401843,0.04549586772918701,24.73140525817871,0.112809918820858,0.9780991673469543,0.07376033067703247,2.002066135406494,0,13.921570777893066,0.04975206404924393,0.03789256140589714,0.19161155819892883,0.24111570417881012,0.040909089148044586,2.3195042610168457,13.921570777893066,28.809917449951172,460.1033020019531,orange case
BFP362,Honey banana cream,bfp_manual,523.1389770507812,125.48927307128906,13.636676788330078,2.7751660346984863,6.675106048583984,10.51075553894043,0.7003021240234375,4124.646484375,1887.3409423828125,234.74925231933594,14.274924278259277,43.524349212646484,40.02755355834961,12.73462200164795,15.650272369384766,159.94259643554688,0.2294864058494568,0.04842900112271309,0.616314172744751,0.006296072620898485,0.13138973712921143,0,0.20996978878974915,54.244712829589844,0.26102718710899353,0.2100302129983902,0,0.7528700828552246,0,8.594924926757812,0.015075528994202614,0.06567975878715515,0.18314199149608612,0.22495467960834503,0.17410875856876373,1.1616917848587036,8.594924926757812,5.039879322052002,165.79757690429688,tall stemmed glass
BFP363,Raspberry bavarian cream,bfp_manual,628.3291015625,150.10455322265625,17.820674896240234,3.3429534435272217,7.875611782073975,15.295780181884766,2.1940927505493164,4796.919921875,2241.2236328125,341.1392517089844,19.936708450317383,26.3961181640625,22.92729949951172,9.954177856445312,24.586498260498047,78.98312377929688,0.3075527250766754,0.04877636954188347,1.991181492805481,0,0.22890296578407288,0,0.19877636432647705,75.76016998291016,0.5443037748336792,0,0.07531645148992538,2.632911205291748,0,8.7735013961792,0.016033755615353584,0.05658227950334549,0.20257383584976196,0.24966245889663696,0.026160337030887604,0.5785653591156006,8.7735013961792,9.0337553024292,102.25738525390625,small mould
BFP364,Fruit delight,bfp_manual,446.8128662109375,107.09166717529297,9.108918190002441,2.0852339267730713,7.0915207862854,9.032163619995117,0.0929824560880661,4381.0966796875,2010.4027099609375,212.9970703125,12.280701637268066,71.69064331054688,61.20599365234375,6.929678440093994,17.273099899291992,96.94444274902344,0.1485380083322525,0.02307017520070076,0.5,0.002543859649449587,0.01184210553765297,0,0.22923976182937622,46.66666793823242,0.2728070020675659,0.18859648704528809,0,0.2438596487045288,0,5.670175552368164,0.0235380120575428,0.08099415153265,0.0972222164273262,0.2241228073835373,0.03450292348861694,1.319298267364502,5.670175552368164,2.2634503841400146,145.51170349121094,small mould
BFP365,Creamy chocolate mousse,bfp_manual,957.5154418945312,230.52182006835938,9.526510238647461,6.850801467895508,18.158323287963867,8.986929893493652,0,10650.30859375,5511.220703125,730.7028198242188,129.1294708251953,45.25277328491211,95.04315948486328,26.508014678955078,48.636253356933594,127.49691772460938,0.9632552266120911,0.17958076298236847,10.461158752441406,0,0.01124537643045187,0,0.6683107018470764,196.49815368652344,0.8945992588996887,0,0.2071516513824463,0.07053020596504211,3.602959156036377,16.310728073120117,0.028705300763249397,0.11240443587303162,0.09617756307125092,0.44537609815597534,0.05716399475932121,5.030826091766357,16.310728073120117,0.3699136972427368,126.31319427490234,dish
BFP366,Cold lemon souffle,bfp_manual,711.958740234375,169.8651580810547,15.624741554260254,5.8938140869140625,9.78144359588623,13.878350257873535,0,5629.484375,2808.45361328125,506.5979309082031,98.14433288574219,55.028865814208984,72.6185531616211,6.744329929351807,46.35051727294922,81.69071960449219,0.5268041491508484,0.023298969492316246,8.822680473327637,0,0.006804123520851135,0,0.40515464544296265,160.82473754882812,0.5051546096801758,0,0.17319586873054504,0,3.012371063232422,12.880412101745605,0.027525773271918297,0.11845360696315765,0.07319587469100952,0.4379381537437439,0.05000000074505806,4.915463924407959,12.880412101745605,3.5670104026794434,98.0412368774414,souffle dish
BFP367,Cold orange souffle,bfp_manual,725.8445434570312,173.1899871826172,16.27274513244629,5.939378261566162,9.824922561645508,14.423937797546387,0.11362694948911667,5652.59521484375,2824.70166015625,504.0917663574219,98.65284729003906,55.4478759765625,73.19844818115234,7.193005084991455,46.533626556396484,88.16580200195312,0.5729015469551086,0.026062175631523132,8.791865348815918,0.0010569948935881257,0.008601035922765732,0.0004145077837165445,0.4014507830142975,161.6580352783203,0.5112953186035156,0.02994818612933159,0.17409326136112213,0.22020725905895233,3.0279791355133057,14.008393287658691,0.031036268919706345,0.11989637464284897,0.08891192078590393,0.44663214683532715,0.049119170755147934,5.194611549377441,14.008393287658691,4.1774091720581055,157.6321258544922,souffle dish
BFP368,Cold pineapple souffle,bfp_manual,759.6973876953125,181.2184295654297,16.848684310913086,6.229824542999268,10.387280464172363,14.991228103637695,0,5977.63134765625,2987.0615234375,528.9473876953125,104.3859634399414,57.1315803527832,76.28508758544922,6.791666507720947,49.3815803527832,79.8640365600586,0.5377193093299866,0.025482455268502235,9.285087585449219,0,0.03179824724793434,0,0.42456141114234924,171.05262756347656,0.5383333563804626,0,0.18421052396297455,0,3.2039473056793213,13.289473533630371,0.028421051800251007,0.12535087764263153,0.07149122655391693,0.456403523683548,0.05000000074505806,5.228070259094238,13.289473533630371,0.8245614171028137,104.16227722167969,souffle dish
BFP369,Cold vanilla souffle,bfp_manual,752.4152221679688,179.53909301757812,16.288982391357422,6.2159318923950195,10.316780090332031,14.491312980651855,0,5947.09765625,2963.008544921875,519.8051147460938,100.84745788574219,62.470340728759766,79.82796478271484,6.935169696807861,49.092796325683594,83.2966079711914,0.5227542519569397,0.026152541860938072,9.030719757080078,0.0002542372967582196,0.00860169529914856,0,0.42822036147117615,165.25424194335938,0.5330508351325989,0,0.17796610295772552,0,3.095338821411133,13.014618873596191,0.027377117425203323,0.12815678119659424,0.07256355881690979,0.46031782031059265,0.04926270991563797,5.176694869995117,13.014618873596191,0.5514830350875854,113.07203674316406,souffle dish
BFP370,Cold chocolate souffle,bfp_manual,785.8353881835938,187.52767944335938,17.216461181640625,6.367900848388672,10.863374710083008,15.31008243560791,0,6279.4443359375,3151.687255859375,532.79833984375,98.06584167480469,62.90946578979492,88.53250885009766,14.937037467956543,47.76502227783203,104.97942352294922,0.6841564178466797,0.08786008507013321,8.852880477905273,0.0002469135797582567,0.020370369777083397,0,0.5273662805557251,160.80247497558594,0.5557201504707336,0,0.17283950746059418,0.0658436194062233,3.0061726570129395,13.355761528015137,0.02934156358242035,0.12604938447475433,0.09794238954782486,0.4530864357948303,0.049218107014894485,5.089300155639648,13.355761528015137,0.5355967283248901,110.6172866821289,souffle dish
BFP371,Stewed fruit (with pear),bfp_manual,314.8962707519531,74.32410430908203,18.220497131347656,0.25020748376846313,0.31958505511283875,17.674606323242188,2.838132619857788,61.20331954956055,21.89211654663086,64.43568420410156,0,5.935684680938721,5.178422927856445,5.865145206451416,1.702531099319458,68.56431579589844,0.20883816480636597,0.06970953941345215,0.030414937064051628,0.005626555997878313,0.06398340314626694,0.005809128750115633,0.06203319504857063,0,0.19174273312091827,1.1148133277893066,0,8.076431274414062,0,3.59659743309021,0.012614107690751553,0.01265560183674097,0.08302903920412064,0.032489627599716187,0.05643153935670853,0.8841908574104309,3.59659743309021,2.060166120529175,57.78385925292969,bowl
BFP372,Apricot fool,bfp_manual,1004.76708984375,240.79278564453125,33.640625,1.5373802185058594,11.346095085144043,21.288436889648438,0.9977325201034546,6721.99658203125,3470.68701171875,501.091064453125,27.577150344848633,26.369665145874023,38.891334533691406,8.63701057434082,8.27845287322998,105.44561004638672,0.7277215719223022,0.13925804197788239,0.5731757283210754,0.004270956851541996,0.10598818212747574,0.026263952255249023,0.20748522877693176,104.79316711425781,0.6249376535415649,1.062943696975708,0,1.448588252067566,0,5.015318393707275,0.01742175593972206,0.057712845504283905,0.47225651144981384,0.22830379009246826,0.037800393998622894,0.7872970104217529,5.015318393707275,0.643589437007904,1198.2156982421875,tall stemmed glass
BFP373,Pavlova,bfp_manual,838.7403564453125,200.59559631347656,21.843772888183594,1.8448679447174072,12.289334297180176,20.367961883544922,0.058620210736989975,7679.7822265625,3559.924560546875,354.6424865722656,31.93695640563965,23.002853393554688,26.373313903808594,6.300746440887451,26.341480255126953,86.90017700195312,0.25383105874061584,0.028595326468348503,1.9959076642990112,0.00028563529485836625,0.04635144770145416,0.0024885940365493298,0.12985482811927795,121.36042785644531,0.4034259617328644,0.12067883461713791,0.09871422499418259,0.1619521677494049,0,5.304436683654785,0.01453615352511406,0.07175860553979874,0.1322549432516098,0.22157610952854156,0.030071891844272614,1.0109442472457886,5.304436683654785,6.574489116668701,105.07917785644531,meringue
BFP379,Apple crumb pudding,bfp_manual,926.9669189453125,220.8507080078125,35.16666793823242,1.5396946668624878,8.871500968933105,27.694910049438477,1.3272264003753662,5353.369140625,2144.806396484375,379.56744384765625,21.67938995361328,38.486515045166016,26.044782638549805,10.253944396972656,59.36056137084961,159.2366485595703,1.0494401454925537,0.0841984748840332,1.2844784259796143,0.003613231470808387,0.14045801758766174,0.4351145029067993,0.2226463109254837,97.50636291503906,0.23816794157028198,0.5058524012565613,0,1.8063613176345825,0,8.005088806152344,0.04554707184433937,0.02694656513631344,0.34020355343818665,0.05318066105246544,0.035877861082553864,0.16259542107582092,8.005088806152344,3.6628499031066895,166.65647888183594,small plate
BFP380,Steamed cake with chocolate sauce,bfp_manual,1258.7080078125,301.908203125,29.063655853271484,4.490588188171387,19.014118194580078,19.724580764770508,0.2899159789085388,11625.015625,5026.72705078125,767.6428833007812,78.7184829711914,67.76050567626953,147.5373992919922,25.72772979736328,100.32100677490234,131.48739624023438,0.8534453511238098,0.182655468583107,4.607142925262451,0.002037815051153302,0.07302521169185638,0.005462185014039278,0.6374369859695435,201.93276977539062,0.6197059154510498,0.706932783126831,0.0882352888584137,1.5546218156814575,1.5346637964248657,10.844327926635742,0.03903781622648239,0.08350840210914612,0.1816176474094391,0.36821427941322327,0.04279831796884537,2.7634453773498535,10.844327926635742,0.7600840330123901,234.47479248046875,small mould
BFP382,Hot lemon souffle,bfp_manual,650.283935546875,155.25045776367188,16.31086540222168,5.288147926330566,7.93432092666626,12.069876670837402,0.13629630208015442,4130.298828125,2335.068603515625,566.4938354492188,116.79012298583984,48.768890380859375,90.50086212158203,9.195802688598633,47.75432205200195,106.74073791503906,0.5534567832946777,0.041111111640930176,9.894197463989258,0.0014814815949648619,0.03901234641671181,0.009053497575223446,0.3302468955516815,100.543212890625,0.448888897895813,0.3804938495159149,0.5413579940795898,0.6370370388031006,4.458271503448486,17.039752960205078,0.0385185182094574,0.08543209731578827,0.15271605551242828,0.7095061540603638,0.052345678210258484,8.120987892150879,17.039752960205078,10.639506340026855,127.65308380126953,bowl
BFP386,Gulab jamun with milk powder,bfp_manual,1953.287841796875,471.1536560058594,28.242319107055664,0.8525879979133606,40.151222229003906,27.040578842163086,0.04571428522467613,5034.47705078125,8263.6708984375,25183.0234375,1.2496894598007202,26.126708984375,22.382442474365234,3.1612422466278076,67.28330993652344,33.68115997314453,0.12621118128299713,0.037349898368120193,0.2472049593925476,0.00018219462072011083,0.010683230124413967,0.002153209177777171,0.12339545041322708,3.5279502868652344,19.57933807373047,0.11146997660398483,0,2.5209109783172607,0,1.5121325254440308,0.008944098837673664,0.034658387303352356,0.032132506370544434,0.07627329230308533,0.008033126592636108,0.35445135831832886,1.5121325254440308,0.13689440488815308,11.267080307006836,piece
BFP388,Chum chum,bfp_manual,551.687255859375,130.05374145507812,28.269840240478516,1.5168564319610596,1.917016863822937,27.841724395751953,0.015493184328079224,1156.567626953125,518.6643676757812,60.963111877441406,0.09623096138238907,62.584442138671875,49.40400695800781,5.1349077224731445,16.651628494262695,64.67201232910156,0.1295028030872345,0.045461107045412064,0.5769847631454468,0.0017281475011259317,0.007979149930179119,0.0020850040018558502,0.2106335163116455,0.19246192276477814,0.09378508478403091,0.037778668105602264,0,0.0056134723126888275,0,3.2715718746185303,0.017634322866797447,0.060561347752809525,0.04592622444033623,0.18521250784397125,0.021491579711437225,0.8447954654693604,3.2715718746185303,0.8639134168624878,86.51964569091797,piece
BFP389,Dil bahar,bfp_manual,551.687255859375,130.05374145507812,28.269840240478516,1.5168564319610596,1.917016863822937,27.841724395751953,0.015493184328079224,1156.567626953125,518.6643676757812,60.963111877441406,0.09623096138238907,62.584442138671875,49.40400695800781,5.1349077224731445,16.651628494262695,64.67201232910156,0.1295028030872345,0.045461107045412064,0.5769847631454468,0.0017281475011259317,0.007979149930179119,0.0020850040018558502,0.2106335163116455,0.19246192276477814,0.09378508478403091,0.037778668105602264,0,0.0056134723126888275,0,3.2715718746185303,0.017634322866797447,0.060561347752809525,0.04592622444033623,0.18521250784397125,0.021491579711437225,0.8447954654693604,3.2715718746185303,0.8639134168624878,86.51964569091797,piece
BFP390,Rasbhari,bfp_manual,551.687255859375,130.05374145507812,28.269840240478516,1.5168564319610596,1.917016863822937,27.841724395751953,0.015493184328079224,1156.567626953125,518.6643676757812,60.963111877441406,0.09623096138238907,62.584442138671875,49.40400695800781,5.1349077224731445,16.651628494262695,64.67201232910156,0.1295028030872345,0.045461107045412064,0.5769847631454468,0.0017281475011259317,0.007979149930179119,0.0020850040018558502,0.2106335163116455,0.19246192276477814,0.09378508478403091,0.037778668105602264,0,0.0056134723126888275,0,3.2715718746185303,0.017634322866797447,0.060561347752809525,0.04592622444033623,0.18521250784397125,0.021491579711437225,0.8447954654693604,3.2715718746185303,0.8639134168624878,86.51964569091797,piece
BFP391,Rajbogh,bfp_manual,566.8672485351562,133.69778442382812,28.159015655517578,1.7112064361572266,2.278181552886963,27.66421127319336,0.11006835103034973,1182.261474609375,682.4835815429688,166.75901794433594,0.09537434577941895,63.22905731201172,53.7443962097168,6.415538311004639,16.56509017944336,73.46971893310547,0.16840724647045135,0.05297885835170746,0.6649594902992249,0.001739469007588923,0.015652518719434738,0.005563503596931696,0.2303004264831543,0.1907486915588379,0.39489269256591797,0.05346526950597763,0,0.17157843708992004,0,3.8201637268066406,0.026200922206044197,0.06037832051515579,0.05317278578877449,0.1887267529964447,0.029845811426639557,0.9424924254417419,3.8201637268066406,0.8562231659889221,90.36941528320312,piece
BFP392,Rasgulla,bfp_manual,503.25823974609375,118.63716888427734,25.78821563720703,1.3837014436721802,1.748734474182129,25.397680282592773,0.014133138582110405,1055.0401611328125,473.13421630859375,55.61155700683594,0.08778347074985504,57.0905647277832,45.06715393066406,4.684147834777832,15.189889907836914,58.99488067626953,0.11813460290431976,0.041470374912023544,0.5263350605964661,0.001576444716192782,0.0072787124663591385,0.0019019751343876123,0.19214338064193726,0.17556694149971008,0.08555230498313904,0.034462325274944305,0,0.005120702087879181,0,2.984381914138794,0.01608632132411003,0.055245064198970795,0.04189465939998627,0.16895391047000885,0.01960497535765171,0.7706363797187805,2.984381914138794,0.7880761027336121,78.92465209960938,piece
BFP393,Rasmalai,bfp_manual,574.942138671875,135.5491180419922,29.171350479125977,1.6134483814239502,2.1076526641845703,28.70868492126465,0.07152707874774933,1157.251708984375,609.5187377929688,123.0945816040039,0.09450753778219223,62.30582809448242,51.37779235839844,5.85671854019165,16.455455780029297,69.17681121826172,0.15369446575641632,0.050874512642621994,0.6220101714134216,0.0017130750929936767,0.012887992896139622,0.005512939766049385,0.22092901170253754,0.18901507556438446,0.2716244161128998,0.0466284453868866,0,0.10421660542488098,0,3.5564589500427246,0.022505080327391624,0.05968844145536423,0.04965520650148392,0.184965118765831,0.026187408715486526,0.8922222852706909,3.5564589500427246,0.8484414219856262,87.7169189453125,piece
BFP396,Khoa coconut burfi,bfp_manual,1729.935302734375,411.45404052734375,36.54855728149414,9.978109359741211,26.007959365844727,35.59592056274414,4.065174102783203,17169.771484375,3745.228759765625,627.0298461914062,0,309.8407897949219,288.2189025878906,54.94278335571289,31.1418399810791,459.512451171875,2.09865665435791,0.27572140097618103,28.712488174438477,0.06348259001970291,0.6292537450790405,0.03781094402074814,1.5582586526870728,0,1.5262188911437988,0.2772139310836792,0,0.7502985596656799,0,52.942039489746094,0.06527362763881683,0.06502487510442734,0.39616915583610535,0.21776120364665985,0.06791044771671295,10.420099258422852,52.942039489746094,0,140.1293487548828,piece
BFP397,Danedar burfi,bfp_manual,431.87109375,102.67752838134766,12.325998306274414,3.242760181427002,4.72036075592041,11.983197212219238,0.08864054083824158,2532.851806640625,1494.446044921875,262.28155517578125,0,107.53057861328125,94.74481964111328,11.913365364074707,23.30553436279297,116.63592529296875,0.24281087517738342,0.0655670091509819,1.0655630826950073,0.00361431366764009,0.0336439423263073,0.016818750649690628,0.3775008022785187,0,0.3518282473087311,0.05309178680181503,0,0.09655358642339706,0,6.974786281585693,0.03857183828949928,0.09910431504249573,0.08907890319824219,0.32532331347465515,0.042433351278305054,1.8494534492492676,6.974786281585693,2.40651273727417,181.27639770507812,piece
BFP401,Semolina burfi (Suji/Rava burfi),bfp_manual,1457.2432861328125,348.67132568359375,47.0986213684082,3.466792106628418,16.863786697387695,28.67009162902832,2.8000214099884033,9527.6845703125,4137.1875,818.7820434570312,39.4062385559082,14.862985610961914,33.05745315551758,11.530862808227539,8.32622241973877,99.5296859741211,1.0090548992156982,0.15818560123443604,2.9493539333343506,0.0021625373046845198,0.7058415412902832,0.0165527556091547,0.6052702069282532,147.69329833984375,0.9781343936920166,2.3032891750335693,0,0.33855724334716797,0,6.863653659820557,0.07774455100297928,0.010866082273423672,0.3047041893005371,0.20095579326152802,0.029768262058496475,0.13065996766090393,6.863653659820557,0,373.0937805175781,piece
BFP403,Pumpkin coconut burfi (Kaddu aur nariyal ki burfi),bfp_manual,781.6154174804688,186.1792755126953,17.024032592773438,1.7519750595092773,12.655717849731445,16.111600875854492,4.285862922668457,8418.3740234375,1166.9376220703125,289.6507263183594,5.114345073699951,21.75883674621582,47.99584197998047,23.608732223510742,8.945758819580078,283.9542541503906,0.7873804569244385,0.20399169623851776,4.45469856262207,0.003846153849735856,0.39039501547813416,0.015800416469573975,0.323305606842041,19.168397903442383,1.5034719705581665,0.9640747904777527,0,52.696903228759766,0,19.098648071289062,0.02561330609023571,0.025509357452392578,0.3761538565158844,0.14775468409061432,0.07515592128038406,1.1948856115341187,19.098648071289062,5.014553070068359,972.5072631835938,piece
BFP404,Khoa ladoo,bfp_manual,1664.4444580078125,396.0151062011719,34.432220458984375,12.20555591583252,24.094444274902344,33.366111755371094,3.081111192703247,12446.5,6739.888671875,1939.9444580078125,0,358.6111145019531,341.8333435058594,69.26222229003906,31.710554122924805,479.6666564941406,2.2527778148651123,0.2594444453716278,28.570556640625,0.06805555522441864,0.41277778148651123,0.08888889104127884,1.807777762413025,0,4.011111259460449,0.25611111521720886,0,1.8227777481079102,0,60.68888854980469,0.12833333015441895,0.08222222328186035,0.5716666579246521,0.27944445610046387,0.10833333432674408,12.22944450378418,60.68888854980469,0.041111111640930176,154.57278442382812,piece
BFP406,Wheat and gram flour ladoo (Atta besan ladoo),bfp_manual,2093.5322265625,501.7003173828125,50.49619674682617,9.380413055419922,29.855083465576172,18.45830535888672,6.007768630981445,15259.650390625,6622.4619140625,1899.6817626953125,60.991737365722656,35.26694107055664,122.22313690185547,44.20578384399414,27.058347702026367,224.94215393066406,2.3872313499450684,0.2068594992160797,12.779834747314453,0.00322727276943624,1.308553695678711,0.08264462649822235,1.117561936378479,228.5950469970703,2.03838849067688,3.709462881088257,0,2.333099126815796,0,48.10458755493164,0.20446281135082245,0.06975206732749939,0.9866941571235657,0.4995867908000946,0.15487602353096008,1.9524792432785034,48.10458755493164,0,553.27685546875,piece
BFP407,Semolina ladoo with nuts (Suji/Rava ladoo with nuts),bfp_manual,1839.111572265625,441.84478759765625,48.024940490722656,5.440637588500977,25.450199127197266,19.790756225585938,4.274502277374268,14316.7158203125,7287.4912109375,1526.2669677734375,58.80478286743164,18.041433334350586,71.10836791992188,29.986454010009766,3.9299204349517822,189.25099182128906,1.8084861040115356,0.3024701178073883,4.996454238891602,0.0042629484087228775,1.0317928791046143,0.057370517402887344,1.1008366346359253,220.39840698242188,1.5241832733154297,3.660637378692627,0,0.6430677771568298,0,12.772311210632324,0.14390437304973602,0.019003983587026596,0.5148605704307556,0.364023894071579,0.057569719851017,0.32685258984565735,12.772311210632324,0.08167330920696259,565.6788940429688,piece
BFP412,Sesame chickpeas brittle (Til aur channe ki chikki),bfp_manual,1183,282.73699951171875,50.494998931884766,8.5,4.660714149475098,36.479286193847656,5.542142868041992,622.9556884765625,1411.287109375,2049.971435546875,0,150.73428344726562,178.6557159423828,109.57142639160156,17.930713653564453,515.4285278320312,4.795714378356934,0.37142857909202576,16.472858428955078,0.008071428164839745,0.9128571152687073,0.12357142567634583,1.7907143831253052,0,0.1614285707473755,5.182857036590576,0,8,0,67.52857208251953,0.1428571492433548,0.052142854779958725,0.8242857456207275,0.5899999737739563,0.40285712480545044,0.7271428108215332,67.52857208251953,0,302.8571472167969,piece
BFP413,Murmura chikki,bfp_manual,1062,253.8179931640625,59.59428787231445,2.1242856979370117,0.322857141494751,48.27428436279297,0.36571428179740906,46.251426696777344,18.064285278320312,25.314285278320312,0,63.29856872558594,64.3028564453125,74.9414291381836,15.029999732971191,298.85711669921875,3.2957143783569336,0.07571429014205933,0,0.010285713709890842,0.5414285659790039,0.032380953431129456,0.4642857313156128,0,0.02857142873108387,0.2685714364051819,0,0.1428571492433548,0,8.228571891784668,0.03857142850756645,0.011428571306169033,0.2785714268684387,0.18571428954601288,0.415714293718338,0.5114285349845886,8.228571891784668,0,17.7742862701416,piece
BFP415,Masala onion pakora/pakoda (Pyaaz ke pakode),bfp_manual,2272.156982421875,551.6427001953125,6.481038570404053,2.0452048778533936,57.607757568359375,1.57823646068573,1.4415217638015747,6926.203125,11809.7470703125,36439.38671875,0,11.055106163024902,24.34694480895996,9.654571533203125,99.21949768066406,70.11058044433594,0.4229714274406433,0.05437879636883736,0.3676307499408722,0.0008286815136671066,0.20681965351104736,0.00449034571647644,0.20092004537582397,0,28.34478187561035,0.2058495134115219,0,5.862774848937988,0,20.780685424804688,0.04250703379511833,0.016478151082992554,0.23417578637599945,0.16410748660564423,0.060808971524238586,1.226609230041504,20.780685424804688,1.6753754615783691,54.46305465698242,pakora
BFP416,Masala green chilli pakora/pakoda (Hari mirch kay pakode),bfp_manual,2753.7939453125,668.7589721679688,5.5475053787231445,2.2224369049072266,71.01499938964844,0.2715916037559509,1.3414231538772583,8531.318359375,14554.416015625,44930.6328125,0,8.57852554321289,23.564176559448242,8.390162467956543,120.90203094482422,56.48063278198242,0.46617090702056885,0.04373611882328987,0.35136139392852783,0.0004387513909023255,0.20141063630580902,0.006120486184954643,0.16149310767650604,0,34.95649337768555,0.22219958901405334,0,7.035447597503662,0,18.46201515197754,0.046003323048353195,0.02381218783557415,0.2415231168270111,0.12775611877441406,0.06215062364935875,0.7886759042739868,18.46201515197754,5.594182968139648,119.6351318359375,pakora
BFP420,Chicken pakora/pakoda,bfp_manual,2431.973388671875,590.09326171875,4.552274703979492,6.031492233276367,60.97547149658203,0.21890690922737122,0.9561175107955933,7272.64892578125,12334.673828125,37543.44140625,11.976747512817383,9.076774597167969,52.40367126464844,10.079936027526855,103.2327880859375,92.89857482910156,0.5073076486587524,0.0824965387582779,3.910729169845581,0.00029039476066827774,0.2041485756635666,0.00510787358507514,0.27589279413223267,1.3543161153793335,29.220447540283203,0.09002894163131714,0.26852819323539734,5.13126277923584,5.409481048583984,16.731342315673828,0.054267507046461105,0.026244496926665306,1.7187672853469849,0.3261287212371826,0.14361053705215454,1.4480582475662231,16.731342315673828,0.20313307642936707,16.83908462524414,pakora
BFP421,Fish pakora/pakoda,bfp_manual,2377.294677734375,577.0250854492188,4.552274703979492,5.973116874694824,59.521915435791016,0.21890690922737122,0.9561175107955933,7231.396484375,12183.869140625,37563.484375,9.044341087341309,12.649367332458496,62.716712951660156,13.438484191894531,112.24404907226562,95.62277221679688,0.6298966407775879,0.05330868437886238,12.768268585205078,0.0024308369029313326,0.2041485756635666,0.00510787358507514,0.25448834896087646,3.1795294284820557,29.302173614501953,0.09002894163131714,0.04280884191393852,5.13126277923584,1.02157461643219,16.087263107299805,0.0484299398958683,0.03402792289853096,0.6699506044387817,0.3650458753108978,0.0599387064576149,1.776908040046692,16.087263107299805,0.20313307642936707,16.83908462524414,pakora
BFP424,Paneer cutlet,bfp_manual,2770.444580078125,672.1958618164062,7.616063594818115,4.5876359939575195,69.37588500976562,2.521210193634033,0.3922957479953766,9680.83203125,14442.970703125,42104.1484375,0,107.859619140625,74.91223907470703,8.931286811828613,91.44544982910156,35.433902740478516,0.483320415019989,0.04629994183778763,5.072953224182129,0.021721873432397842,0.09613708406686783,0.018248679116368294,0.6143268942832947,0,32.679954528808594,0.19258245825767517,0,6.105342864990234,0,21.20437240600586,0.02624961920082569,0.027742139995098114,0.1856767237186432,0.11066054552793503,0.018739182502031326,4.112340927124023,21.20437240600586,1.0036582946777344,132.2755889892578,cutlet
BFP425,Sago cutlet/vadas (Sabudana cutlet/vadas),bfp_manual,2302.717041015625,558.7550048828125,11.226319313049316,0.5644468069076538,56.97008514404297,0.10421917587518692,0.5356833338737488,6851.4541015625,11684.423828125,36070.80859375,0,5.434554576873779,15.001091003417969,7.597833156585693,48.16865158081055,138.96714782714844,0.3789752721786499,0.036628879606723785,0.1895676702260971,0.0008446178399026394,0.059216685593128204,0.016126355156302452,0.08865606039762497,0,28.03509521484375,0.1886577159166336,0,5.739367961883545,0,4.312104225158691,0.017771480605006218,0.004585339222103357,0.2704809308052063,0.10368914157152176,0.028167525306344032,0.3545673191547394,4.312104225158691,6.350921630859375,130.57630920410156,cutlet
BFP427,Poshtik cutlet,bfp_manual,2045.075927734375,496.44976806640625,7.38846492767334,2.0035715103149414,50.94115447998047,0.3184671998023987,1.3453850746154785,6183.04541015625,10632.4609375,31907.44140625,0,14.942156791687012,33.907676696777344,18.525501251220703,57.107200622558594,195.3687744140625,0.6869900226593018,0.0862526223063469,2.128812313079834,0.0022964891977608204,0.19955550134181976,0.047958146780729294,0.2981991767883301,0,24.693689346313477,0.37785473465919495,0,18.617765426635742,0,18.128562927246094,0.051785871386528015,0.01750887557864189,0.5941904187202454,0.17070317268371582,0.04375900700688362,0.5409520864486694,18.128562927246094,6.817101001739502,544.3936767578125,cutlet
BFP428,Egg cutlet (Anda cutlet),bfp_manual,2367.906982421875,575.0221557617188,5.770039081573486,2.4484479427337646,60.247806549072266,0.20298054814338684,0.5783106684684753,7458.33544921875,12535.3349609375,37536.5703125,44.999629974365234,16.22492027282715,37.56635665893555,8.761104583740234,79.39871215820312,139.0274200439453,0.5554934144020081,0.045111022889614105,5.389959812164307,0.0007774116820655763,0.07504831999540329,0.016721174120903015,0.2552034854888916,24.34406280517578,29.254823684692383,0.18627215921878815,0.10327783972024918,5.846803188323975,1.7962967157363892,10.841923713684082,0.03096786141395569,0.030205080285668373,0.3018508851528168,0.2695615589618683,0.04654240608215332,2.5438570976257324,10.841923713684082,5.446659564971924,141.7613983154297,cutlet
BFP430,Minced meat cutlet,bfp_manual,2192.591552734375,531.8563842773438,5.606320858001709,5.09891414642334,54.466915130615234,0.3148822486400604,0.3972434401512146,7503.58203125,11684.0361328125,32693.50390625,16.499881744384766,20.81682586669922,52.357147216796875,8.135895729064941,95.80704498291016,88.66710662841797,0.6306437253952026,0.042525339871644974,1.1141384840011597,0.00033460475970059633,0.07289926707744598,0.014142756350338459,0.8376017212867737,1.0714209079742432,25.36515998840332,0.12975186109542847,0,4.7316508293151855,0,3.7977263927459717,0.0501290000975132,0.04732144996523857,1.2043921947479248,0.20511838793754578,0.053629759699106216,0.4596618711948395,3.7977263927459717,0.777836799621582,73.41399383544922,cutlet
BFP431,Vegetable samosa,bfp_manual,1826.4749755859375,443.10748291015625,13.2201509475708,2.2069897651672363,42.22310256958008,0.7429342269897461,1.5228114128112793,5850.125,8734.951171875,25774.52734375,4.062221527099609,10.373754501342773,30.04806900024414,14.775344848632812,107.69612121582031,189.06590270996094,0.5990554690361023,0.07474569976329803,0.3549737334251404,0.0015673404559493065,0.1707906424999237,0.014201262034475803,0.28498151898384094,15.225072860717773,20.052806854248047,1.9058114290237427,0,8.364245414733887,0,12.276470184326172,0.056614652276039124,0.013699758797883987,0.4848635792732239,0.24866673350334167,0.05944284796714783,0.9203290939331055,12.276470184326172,9.963329315185547,292.0258483886719,samosa
BFP436,Plain urad dal vada (Uzunne vada/Minapa garelu/Ulundu vadai/Medu vada),bfp_manual,3069.413818359375,745.4993896484375,9.698890686035156,4.385420322418213,76.31505584716797,0.1597464382648468,2.268779754638672,9180.85546875,15629.6669921875,48293.25,0,10.602852821350098,71.31695556640625,33.02060317993164,65.8725814819336,220.17274475097656,0.9646592736244202,0.12944532930850983,4.562282085418701,0.0020919176749885082,0.2776544988155365,0.01711568981409073,0.5706814527511597,0,37.47385025024414,1.6012678146362305,0,6.370840072631836,0,16.877971649169922,0.0399366095662117,0.01711568981409073,0.3347068130970001,0.5610142350196838,0.041838351637125015,0.15404120087623596,16.877971649169922,0,53.05863571166992,vada
BFP437,Masala urad dal vada,bfp_manual,2898.736328125,703.7791748046875,9.931134223937988,4.321949005126953,71.6166000366211,0.7043834924697876,2.710979700088501,9294.419921875,14486.9267578125,44567.640625,0,11.874979019165039,71.2685775756836,33.89347839355469,61.492313385009766,232.79063415527344,1.003752589225769,0.14113013446331024,4.227138519287109,0.00247932318598032,0.3533845841884613,0.020457666367292404,0.5745708346366882,0,34.645355224609375,1.6395175457000732,0,7.563142776489258,0,18.570316314697266,0.04237747564911842,0.021432913839817047,0.36074554920196533,0.5487546920776367,0.05572551488876343,0.34091854095458984,18.570316314697266,2.391784429550171,91.15787506103516,vada
BFP439,Khaman (dhokla),bfp_manual,228.09292602539062,54.726593017578125,5.355262756347656,1.9246256351470947,2.7977488040924072,1.3624606132507324,1.4915459156036377,548.8281860351562,502.3851623535156,1432.6868896484375,0,5.310719013214111,29.77588653564453,11.460400581359863,124.10132598876953,92.49396514892578,0.5775744318962097,0.07851441949605942,4.347228050231934,0.0009230099385604262,0.1599143147468567,0.015732325613498688,0.32499250769615173,0,0.9839044213294983,0.24071890115737915,0,1.6212267875671387,0,16.288379669189453,0.0323970727622509,0.015929261222481728,0.18262813985347748,0.14397943019866943,0.02314843237400055,0.11246730387210846,16.288379669189453,2.194873571395874,152.87535095214844,dhokla
BFP440,Instant dhokla,bfp_manual,869.3544311523438,207.11245727539062,24.110549926757812,7.664568901062012,9.373123168945312,6.862056732177734,3.5698535442352295,2116.503173828125,1785.78759765625,4618.666015625,2.589148998260498,66.58332061767578,105.7383041381836,25.797822952270508,763.9752197265625,187.95213317871094,1.0474324226379395,0.11833667010068893,2.205435276031494,0.0011959122493863106,0.561637818813324,0.050998393446207047,0.6950507760047913,6.5905609130859375,3.7135515213012695,0.7606123685836792,0,6.4068403244018555,0,53.84067153930664,0.14526225626468658,0.11511003971099854,0.6321929097175598,0.4793178141117096,0.15598486363887787,2.7392280101776123,53.84067153930664,6.36519718170166,216.46949768066406,dhokla
BFP442,Tomato ginger chutney (Tamatar adarak ki chutney),bfp_manual,187.0878448486328,44.65675354003906,9.111577987670898,1.0496788024902344,0.3215406835079193,6.305856227874756,2.136676549911499,54.16554260253906,62.112831115722656,135.6720428466797,0,23.62636375427246,25.63804817199707,20.729768753051758,209.422607421875,227.5588836669922,1.0757091045379639,0.08678998053073883,0.19616807997226715,0.008552485145628452,0.29355257749557495,0.09058384597301483,0.17340640723705292,0,0.20247697830200195,11.296470642089844,0,20.842548370361328,0,13.957670211791992,0.0631856620311737,0.026632411405444145,0.5597777366638184,0.17331887781620026,0.08738677203655243,0.9600411057472229,13.957670211791992,22.198007583618164,4502.2529296875,tablespoon
BFP443,Mint tomato chutney (Pudinay aur tamatar ki chutney),bfp_manual,182.8481903076172,43.65103530883789,8.223479270935059,1.526698112487793,0.364938884973526,5.483254909515381,2.6325902938842773,63.524654388427734,55.654109954833984,164.2547149658203,0,47.590641021728516,30.87183952331543,32.52473831176758,183.98129272460938,268.7085266113281,2.0645828247070312,0.12420955300331116,1.5958948135375977,0.015746450051665306,0.3948206305503845,0.09182797372341156,0.24958975613117218,0,0.23650260269641876,10.249173164367676,0,39.757450103759766,0,26.118907928466797,0.05747968703508377,0.048217613250017166,0.5835898518562317,0.19534188508987427,0.09830217063426971,1.1251939535140991,26.118907928466797,21.532352447509766,6377.22802734375,tablespoon
BFP444,Coriander chutney (Hare dhaniye ki chutney),bfp_manual,179.54501342773438,42.86157989501953,8.162700653076172,1.3760738372802734,0.3715452253818512,5.49514627456665,2.4700746536254883,77.1336898803711,55.10314178466797,160.02667236328125,0,39.79517364501953,30.797847747802734,27.593774795532227,186.64100646972656,269.6334228515625,1.63385009765625,0.10703309625387192,0.2297060191631317,0.011782651767134666,0.3816079795360565,0.08786417543888092,0.24034088850021362,0,0.23650260269641876,10.272955894470215,0,54.29137420654297,0,18.853267669677734,0.06672854721546173,0.029719891026616096,0.5822685956954956,0.2336585968732834,0.10094470530748367,1.3841619491577148,18.853267669677734,22.418922424316406,5731.78955078125,tablespoon
BFP445,Gooseberry chutney (Amla chutney),bfp_manual,179.97833251953125,43.015647888183594,8.834716796875,1.4355430603027344,0.6197226047515869,0.06375408917665482,4.582579135894775,76.92955780029297,46.42864227294922,326.68365478515625,0,46.39767074584961,34.88811492919922,22.57921600341797,215.09060668945312,269.1177978515625,1.2241389751434326,0.11386473476886749,0.6321489810943604,0.005931899417191744,0.3347732722759247,0.059217702597379684,0.22367306053638458,0,0.3838881254196167,0.9146999716758728,0,45.02679443359375,0,13.910550117492676,0.05033037066459656,0.03757674992084503,0.4003225862979889,0.3347764015197754,0.10857721418142319,0.7097225785255432,13.910550117492676,30.184715270996094,2238.974853515625,tablespoon
BFP446,Walnut chutney (Akhrot ki chutney),bfp_manual,1550.6646728515625,370.4312744140625,8.905654907226562,9.439031600952148,33.46291732788086,4.398921966552734,3.0449137687683105,3241.7724609375,5954.92333984375,22748.39453125,3.3276190757751465,119.56779479980469,257.03106689453125,100.08679962158203,159.9981231689453,351.46002197265625,1.7682061195373535,0.7850831747055054,3.958505630493164,0.003838358446955681,1.7997620105743408,0.053443580865859985,1.7218221426010132,8.470303535461426,2.1169114112854004,23.64168930053711,0,44.59382247924805,0,37.37511444091797,0.2291993498802185,0.14784006774425507,0.5433971881866455,0.6018211245536804,0.44889986515045166,7.695300102233887,37.37511444091797,10.745720863342285,137.2880859375,tablespoon
BFP447,Saunth/Sonth chutney with ginger,bfp_manual,354.00506591796875,84.21507263183594,20.6202449798584,0.2805222272872925,0.10582991689443588,19.036746978759766,0.3125842213630676,14.73712158203125,19.969356536865234,22.8154296875,0,15.168313026428223,9.834877967834473,14.011852264404297,222.529052734375,82.0184326171875,0.6996859908103943,0.021617788821458817,0.005077749025076628,0.0012738691875711083,0.14461074769496918,0.007597629446536303,0.081712506711483,0,0.0059388140216469765,0.06293369829654694,0,0.36690473556518555,0,1.5421541929244995,0.006113559473305941,0.003959378227591515,0.040751151740550995,0.02729777619242668,0.07777389883995056,0.060274526476860046,1.5421541929244995,0.01185230165719986,34.44993209838867,tablespoon
BFP448,Gun powder chutney,bfp_manual,1306.8553466796875,312.33843994140625,47.64929962158203,21.553020477294922,2.6718943119049072,1.1552680730819702,13.950457572937012,373.83929443359375,346.6727600097656,1234.6697998046875,0,68.87257385253906,350.6155090332031,166.8411865234375,195.6737518310547,1183.29150390625,5.141704082489014,0.6819105744361877,28.174470901489258,0.019178299233317375,1.4948216676712036,0.1257522702217102,2.9617156982421875,0,0.2657720446586609,10.345942497253418,0,31.88448715209961,0,102.54320526123047,0.2531375288963318,0.15610256791114807,2.1371166706085205,2.4596972465515137,0.23397646844387054,0.8383957743644714,102.54320526123047,0.10850624740123749,8394.7001953125,tablespoon
BFP450,Dessicated coconut chutney (Sookhe kase nariyal ki chutney) ,bfp_manual,1447.1978759765625,346.3626403808594,36.72418975830078,12.88444709777832,15.879511833190918,10.41427993774414,13.159820556640625,7170.12060546875,1806.4189453125,3556.044677734375,0,73.5548324584961,215.92408752441406,101.6832046508789,321.0660400390625,821.0186767578125,5.4353837966918945,0.6296087503433228,26.11090660095215,0.024294231086969376,1.2282484769821167,0.27959638833999634,2.148831605911255,0,2.361806869506836,8.526833534240723,0,29.795501708984375,0,98.8409423828125,0.26524531841278076,0.15808287262916565,1.702304482460022,0.9091357588768005,0.1693260371685028,0.7498544454574585,98.8409423828125,1.405530333518982,7432.1455078125,tablespoon
BFP451,Curd mint dip ,bfp_manual,320.886962890625,76.13265991210938,9.110777854919434,4.821882724761963,2.438880443572998,7.828575611114502,0.7689000964164734,1487.0406494140625,608.222900390625,157.23500061035156,8.344079971313477,172.79176330566406,136.8765106201172,25.57663917541504,222.7657928466797,280.8050537109375,0.8184859156608582,0.0440681166946888,2.381589889526367,0.005390654783695936,0.11820071190595627,0.040203291922807693,0.6104004979133606,21.23947525024414,0.09128499031066895,0.4759637415409088,0,13.778118133544922,0,23.73503875732422,0.05408253148198128,0.2234794944524765,0.2449267953634262,0.4254160523414612,0.10026094317436218,2.3874905109405518,23.73503875732422,9.961716651916504,1486.117431640625,tablespoon
BFP452,Curd vegetable dip,bfp_manual,236.813720703125,56.20660400390625,6.036352157592773,3.881967544555664,1.9432389736175537,5.4158477783203125,0.6253147125244141,1186.8057861328125,484.3547058105469,129.65281677246094,6.593142986297607,129.5821533203125,111.80615997314453,17.178524017333984,132.4806365966797,243.1866455078125,0.3744875192642212,0.019507912918925285,1.4234895706176758,0.001772656454704702,0.16078278422355652,0.016183169558644295,0.5053134560585022,16.782546997070312,0.058693960309028625,0.2992837429046631,0,3.623831272125244,0,20.780372619628906,0.05253536254167557,0.17208103835582733,0.23113462328910828,0.374985009431839,0.1044713482260704,1.9797260761260986,20.780372619628906,16.280942916870117,776.4196166992188,tablespoon
BFP453,Mayonnaise vegetable dip,bfp_manual,996.6905517578125,241.2689208984375,4.7971696853637695,3.0122547149658203,23.44342803955078,4.394097805023193,0.4061964750289917,5037.79296875,12320.9384765625,4872.0263671875,29.909671783447266,91.41678619384766,80.6873550415039,11.859776496887207,119.58055114746094,168.95054626464844,0.2806397080421448,0.012672091834247112,0.9246807098388672,0.0011514951474964619,0.10444245487451553,0.010512380860745907,0.37496688961982727,75.72808074951172,5.355055809020996,0.19441092014312744,0,2.353994846343994,0,16.418771743774414,0.036462388932704926,0.15499922633171082,0.1501421183347702,0.3043237030506134,0.09356019645929337,1.6130566596984863,16.418771743774414,10.692697525024414,533.2030029296875,tablespoon
BFP455,Tomato and cucumber sandwich (Tamatar aur kheere ka sandwich),bfp_manual,633.3079223632812,150.67800903320312,20.5053653717041,4.029777526855469,6.310571670532227,1.7891110181808472,2.1031746864318848,3393.99609375,1422.955078125,271.2673034667969,13.523809432983398,76.7529525756836,54.60857009887695,22.082412719726562,222.21517944335938,168.23809814453125,1.1536349058151245,0.09457142651081085,3.5698254108428955,0.004742857534438372,0.2950476109981537,0.022857142612338066,0.4282539486885071,60.82539749145508,0.21338094770908356,3.220444440841675,0,21.787111282348633,0,21.92258644104004,0.10469841212034225,0.053063493221998215,0.8120158314704895,0.12866666913032532,0.06785714626312256,1.0122063159942627,21.92258644104004,9.040412902832031,2694.36669921875,sandwich
BFP456,Tomato sandwich (grilled),bfp_manual,796.4625854492188,189.92440795898438,21.285470962524414,6.255439758300781,9.387621879577637,2.584625482559204,1.9095765352249146,5289.42041015625,2266.6279296875,366.3192138671875,24.951139450073242,150.89576721191406,147.20925903320312,19.257068634033203,420.6012878417969,156.87295532226562,0.8799673914909363,0.08013029396533966,3.560553550720215,0.0014071661280468106,0.27374592423439026,0.02931596152484417,0.7042344808578491,97.5895767211914,0.3181433379650116,4.780065059661865,0,14.871009826660156,0,21.951433181762695,0.11211726069450378,0.07390879839658737,0.845244288444519,0.15537458658218384,0.07110749185085297,1.3556026220321655,21.951433181762695,11.61042308807373,2421.925048828125,sandwich
BFP457,French sandwich (toasted),bfp_manual,780.5867919921875,186.74937438964844,14.818387031555176,6.819484710693359,11.506316184997559,1.818118691444397,1.3663158416748047,6209.19580078125,3085.75830078125,618.9204711914062,104.86002349853516,100.72917938232422,119.66271209716797,18.822307586669922,274.6751708984375,153.5419921875,1.2397648096084595,0.08530794829130173,11.8753080368042,0.003229563357308507,0.2247256487607956,0.025083987042307854,0.7083762288093567,142.2620391845703,0.6120604872703552,2.216618061065674,0.18812988698482513,15.422038078308105,3.2721164226531982,26.196651458740234,0.09034714102745056,0.10101903975009918,0.5779059529304504,0.4323180317878723,0.08475923538208008,4.947222709655762,26.196651458740234,5.965576648712158,1965.6539306640625,sandwich
BFP458,Peanut butter cucumber sandwich,bfp_manual,1022.4434204101562,243.32977294921875,29.759275436401367,9.043438911437988,10.55927562713623,2.9149320125579834,3.350226402282715,2330.5439453125,3606.489501953125,3066.40625,0,95.35475158691406,119.55384826660156,50.40180969238281,460.089599609375,249.54298400878906,1.3208144903182983,0.21393665671348572,4.390045166015625,0.001628959202207625,0.5954751372337341,0.0018099547596648335,0.9696832895278931,0,0.9520362019538879,0.3420814275741577,0,2.2262444496154785,0,29.911312103271484,0.1556561142206192,0.05701357498764992,3.2262442111968994,0.40452489256858826,0.15927600860595703,17.779184341430664,29.911312103271484,1.6588234901428223,46.42533874511719,sandwich
BFP459,Mint and peanut sandwich,bfp_manual,1149.3388671875,273.58807373046875,31.828014373779297,7.177052021026611,13.883594512939453,2.782712697982788,3.67368745803833,7170.3017578125,3192.06396484375,965.80126953125,21.69705581665039,114.991455078125,93.61463928222656,34.02201843261719,453.30145263671875,198.9097442626953,1.6980136632919312,0.182851180434227,4.923194408416748,0.004241112619638443,0.5106203556060791,0.18131811916828156,0.7045013308525085,97.58582305908203,0.6479668021202087,0.7626942992210388,0,16.52368927001953,0,31.819547653198242,0.17327390611171722,0.07378730922937393,1.6538280248641968,0.12822043895721436,0.08635631948709488,0.4729764759540558,31.819547653198242,3.572139024734497,2097.60107421875,sandwich
BFP460,Spicy chutney sandwich,bfp_manual,1050.8038330078125,249.58187866210938,34.026676177978516,8.741743087768555,9.581197738647461,3.95754337310791,3.7319822311401367,1427.7164306640625,1784.8702392578125,4791.73046875,2.861354351043701,154.5313720703125,127.87240600585938,34.24893569946289,315.3991394042969,256.0400695800781,1.5099575519561768,0.13820861279964447,5.772751331329346,0.00470710126683116,0.4949796199798584,0.10491632670164108,0.7839269638061523,7.283447265625,3.7568793296813965,2.9288241863250732,0,14.18234634399414,0,41.10903549194336,0.19014392793178558,0.14914940297603607,1.2896487712860107,0.29010751843452454,0.1259741634130478,1.4819309711456299,41.10903549194336,0.3648660480976105,3331.654541015625,sandwich
BFP461,Chicken walnut sandwich (Chicken aur akhrot ke sandwich),bfp_manual,1196.2288818359375,285.7780456542969,22.615083694458008,12.584315299987793,16.76581573486328,1.7726829051971436,1.5313695669174194,1254.386474609375,7422.67529296875,3975.801025390625,31.681049346923828,78.44652557373047,118.81613159179688,21.7410888671875,287.3948669433594,185.95309448242188,1.1163601875305176,0.19962476193904877,10.28435230255127,0.0003677298373077065,0.3213883638381958,0.03151969984173775,0.6828892827033997,14.318949699401855,3.5439774990081787,0.9652157425880432,0.5178236365318298,2.234896659851074,10.431519508361816,19.495834350585938,0.1443151980638504,0.0716322660446167,3.764165163040161,0.47091931104660034,0.2599249482154846,1.905215859413147,19.495834350585938,0,10.615385055541992,sandwich
BFP463,Rolled sandwich,bfp_manual,1229.1363525390625,293.0657958984375,34.68704605102539,6.453408718109131,15.285000801086426,2.702045440673828,2.0652272701263428,8540.3408203125,3627.339599609375,611.0454711914062,35.25,117.68181610107422,76.21726989746094,17.799545288085938,321.57000732421875,144.43182373046875,1.229772686958313,0.10545454174280167,5.141818046569824,2.2727272153133526e-05,0.36840909719467163,0.017045455053448677,0.5634090900421143,155.9545440673828,0.557272732257843,0.12613636255264282,0,8.495454788208008,0,25.477272033691406,0.16931818425655365,0.06386363506317139,1.2627272605895996,0.042500000447034836,0.07113636285066605,0.5015909075737,25.477272033691406,4.113636493682861,391.68182373046875,sandwich
BFP466,Ribbon sandwich,bfp_manual,1001.3528442382812,239.2641143798828,24.76007843017578,6.26319694519043,13.371228218078613,4.655594348907471,2.924288511276245,7886.9736328125,3336.326416015625,606.7056274414062,34.85380172729492,157.8498992919922,156.29434204101562,23.80896759033203,382.11224365234375,152.5653076171875,1.0481677055358887,0.09812865406274796,3.2049317359924316,0.0024717350024729967,0.7781676650047302,0.008576998487114906,0.8281481266021729,143.625732421875,0.4358089864253998,0.11146198958158493,0,2.087719202041626,0,24.43155860900879,0.1246783658862114,0.07912281155586243,1.077680230140686,0.2222222238779068,0.10286549478769302,1.6939375400543213,24.43155860900879,10.634503364562988,111.78459930419922,ribbon
BFP467,Checker board sandwich,bfp_manual,1451.8958740234375,348.36578369140625,25.940135955810547,7.36708927154541,24.65026092529297,2.895401954650879,2.2223329544067383,14933.64453125,6379.53125,964.3850708007812,64.41676330566406,188.0181121826172,185.85276794433594,23.79615020751953,358.2481994628906,140.3329620361328,1.1113476753234863,0.09028312563896179,3.6967835426330566,0.00015402038116008043,0.4673839211463928,0.00996602512896061,0.9524121880531311,264.5073547363281,0.6166930794715881,0.05816534534096718,0,1.9456398487091064,0,23.152639389038086,0.1306002289056778,0.10801812261343002,1.2114382982254028,0.2462061196565628,0.08079274743795395,1.8108493089675903,23.152639389038086,0.1359003484249115,161.67384338378906,square
BFP468,Submarine sandwich,bfp_manual,899.783935546875,216.9175567626953,13.604089736938477,6.0886945724487305,15.320978164672852,2.499086856842041,1.2411575317382812,2629.989501953125,7975.42138671875,3343.380615234375,62.461734771728516,72.34901428222656,95.15279388427734,13.192180633544922,254.283935546875,130.97813415527344,1.2307909727096558,0.03992282971739769,6.315999984741211,0.004357556346803904,0.08486174046993256,0.009517684578895569,0.4754340648651123,58.34083557128906,3.6787524223327637,1.4282701015472412,0.10803858190774918,16.18351173400879,1.8790996074676514,18.69341468811035,0.027344051748514175,0.07502251118421555,0.1612475961446762,0.3481157720088959,0.0722186490893364,3.7945852279663086,18.69341468811035,11.02734375,1703.7825927734375,hot dog bun
BFP470,Cheese open sandwich,bfp_manual,1149.181884765625,274.0680847167969,28.419090270996094,9.84000015258789,14.242727279663086,3.2381818294525146,1.7445454597473145,4429.63623046875,5872.02001953125,2057.0908203125,28.381818771362305,256.2463684082031,266.28179931640625,23.292726516723633,504.41180419921875,147.36363220214844,1.2172727584838867,0.08909090608358383,5.687272548675537,0.0018181819468736649,0.31272727251052856,0.003636363660916686,1.146363615989685,80.7272720336914,2.203636407852173,0.00909090880304575,0,8.716363906860352,0,23.51727294921875,0.1409090906381607,0.12363636493682861,0.9154545068740845,0.18727272748947144,0.072727270424366,1.7863636016845703,23.51727294921875,1.082727313041687,710.6363525390625,sandwich
BFP471,Sunset and sunrise open sandwich,bfp_manual,1008.8519897460938,241.3109130859375,18.89407730102539,8.580724716186523,15.136857986450195,1.9452568292617798,1.3892446756362915,2538.942626953125,7632.82421875,3131.087646484375,123.48640441894531,114.06948852539062,141.03396606445312,16.0849552154541,381.2864074707031,132.14501953125,1.2756797075271606,0.08459214121103287,15.217794418334961,0.0005800604121759534,0.2306344360113144,0.027190333232283592,0.8290030360221863,86.7371597290039,3.5576131343841553,1.5742597579956055,0.2537764310836792,7.41933536529541,4.4138970375061035,31.852840423583984,0.10882174968719482,0.11537764221429825,0.6878851652145386,0.5258308053016663,0.10296072065830231,6.249154090881348,31.852840423583984,4.661026954650879,836.5286865234375,sandwich
BFP472,Danish luncheon sandwich,bfp_manual,812.5904541015625,193.8192596435547,17.767698287963867,9.027264595031738,10.095224380493164,1.132503628730774,1.5196527242660522,4606.32177734375,3020.34423828125,772.3756713867188,124.39942169189453,77.13285064697266,111.8354263305664,17.98703384399414,365.63299560546875,164.3863983154297,1.2726483345031738,0.09076700359582901,15.24541187286377,0.0012503617908805609,0.22327062487602234,0.022575976327061653,0.7920405268669128,112.76411437988281,0.5854414105415344,0.35739508271217346,0.24312590062618256,6.075253486633301,4.228653907775879,29.963212966918945,0.17256151139736176,0.09924746304750443,1.3032995462417603,0.6254703402519226,0.13727930188179016,6.178205490112305,29.963212966918945,2.7166426181793213,186.31259155273438,sandwich
BFP473,Chicken and corn open sandwich,bfp_manual,789.4088134765625,188.1591033935547,19.211580276489258,8.629572868347168,8.834002494812012,2.476862668991089,1.6737254858016968,3875.21142578125,1256.740966796875,257.5589294433594,31.7762393951416,65.12664031982422,74.03206634521484,14.479353904724121,226.7217559814453,143.00230407714844,0.8033679127693176,0.11201845854520798,6.298338890075684,0.0009873125236481428,0.17139561474323273,0.011072664521634579,0.4131256937980652,46.59700393676758,0.22078432142734528,0.23363322019577026,0.31833910942077637,1.8708189725875854,6.4129180908203125,13.066412925720215,0.08991926163434982,0.03859284892678261,2.3858132362365723,0.3366551399230957,0.15444059669971466,1.388904333114624,13.066412925720215,1.9529411792755127,86.45674896240234,sandwich
BFP476,Chocolate sponge cake,bfp_manual,1011.3270263671875,239.85745239257812,39.542179107666016,9.134881019592285,5.509288787841797,24.9962100982666,0.5232227444648743,2027.2606201171875,2000.6427001953125,639.4502563476562,173.459716796875,33.985782623291016,140.07583618164062,36.21137619018555,61.47203826904297,167.85781860351562,1.8147867918014526,0.2624265253543854,19.165876388549805,0.0009478673455305398,0.12999999523162842,0.006161137484014034,1.1009953022003174,93.83885955810547,0.757345974445343,1.2758293151855469,0.3981042504310608,0.2606635093688965,6.92417049407959,28.255924224853516,0.06450710445642471,0.10471563786268234,0.28068721294403076,0.8333412408828735,0.09443601965904236,8.754502296447754,28.255924224853516,0,117.06161499023438,piece
BFP478,Chocolate swiss roll,bfp_manual,1275.4195556640625,306.0789489746094,26.972558975219727,6.009129047393799,19.755830764770508,18.82744026184082,0.29129287600517273,11557.3935546875,5977.93017578125,829.61474609375,138.2849578857422,42.788917541503906,105.05013275146484,24.882848739624023,44.52928924560547,135.63587951660156,1.0815831422805786,0.165889173746109,10.775725364685059,0.0005277044838294387,0.08899736404418945,0.0034300792030990124,0.7285224199295044,210.55409240722656,0.982058048248291,0.7102901935577393,0.2216358780860901,0.2058047503232956,3.8548812866210938,18.817941665649414,0.04488390311598778,0.1271635890007019,0.16682058572769165,0.5589314103126526,0.0691978856921196,5.507123947143555,18.817941665649414,0.3957783579826355,163.3245391845703,swiss roll
BFP479,Lemon curd filling,bfp_manual,945.7249755859375,225.62400817871094,26.405000686645508,3.432499885559082,12.577499389648438,26.130001068115234,0,7258.25,3484,649.25,118.125,16.385000228881836,50.125,3.702500104904175,34.900001525878906,47.375,0.6025000214576721,0.03125,10.184999465942383,0,0.004999999888241291,0,0.35249999165534973,169.25,0.6087499856948853,0,0.20999999344348907,0.925000011920929,3.6524999141693115,12.854999542236328,0.017249999567866325,0.05700000002980232,0.03500000014901161,0.382750004529953,0.04374999925494194,4.585000038146973,12.854999542236328,2.549999952316284,110.05000305175781,tablespoon
BFP480,Jam filling,bfp_manual,772.4307250976562,184.61538696289062,46.153846740722656,0,0,41.53845977783203,0,0,0,0,0,0,0,0,0,0,0,0,0,0,0,0,0,0,0,0,0,0,0,0,0,0,0,0,0,0,0,0,0,tablespoon
BFP482,Chocolate pastry,bfp_manual,1022.0150146484375,243.36962890625,32.23630905151367,7.053058624267578,10.122756958007812,22.3380126953125,0.3169408142566681,5492.35498046875,3091.136474609375,610.69677734375,121.03465270996094,50.69755554199219,126.83940124511719,38.777164459228516,46.54353713989258,175.33351135253906,1.438053011894226,0.27197888493537903,11.72451400756836,0.0005741682252846658,0.09683346748352051,0.003732093144208193,0.9543909430503845,140.8147430419922,0.6506473422050476,0.7728303074836731,0.2411506325006485,0.2583756744861603,4.194298267364502,19.76861000061035,0.05251054838299751,0.12107770889997482,0.24926075339317322,0.5995320677757263,0.06828582286834717,6.1929779052734375,19.76861000061035,0.28708407282829285,120.84319305419922,pastry
BFP483,Assorted pastry,bfp_manual,968.80615234375,230.73793029785156,31.9851016998291,6.775999546051025,8.909843444824219,19.699064254760742,0.42946502566337585,4717.04345703125,2669.0068359375,607.9420166015625,131.01795959472656,47.19907760620117,99.54866027832031,11.054523468017578,49.988826751708984,100.57548522949219,0.9413904547691345,0.05809105932712555,12.585192680358887,0.0007780163432471454,0.10425419360399246,0.004045685287564993,0.6321632266044617,152.1800079345703,0.6239691376686096,1.0472099781036377,0.26141348481178284,0.15560327470302582,4.546727657318115,19.433292388916016,0.051349081099033356,0.12759467959403992,0.18516789376735687,0.6628699898719788,0.07157750427722931,6.638035774230957,19.433292388916016,0.31120654940605164,136.6922149658203,pastry
BFP484,Orange gateau,bfp_manual,748.2232055664062,178.0481414794922,27.01242446899414,4.779430866241455,6.021613121032715,18.33004379272461,0.6787784099578857,3176.942626953125,1797.28466796875,423.9234619140625,87.91438293457031,41.68551254272461,103.76663970947266,10.774471282958984,80.41065216064453,117.50743865966797,0.8858261704444885,0.04896893724799156,8.502323150634766,0.004155572969466448,0.07601148635149002,0.003132341429591179,0.45210129022598267,102.11433410644531,0.4308013617992401,0.8056381940841675,0.17541112005710602,0.8613938689231873,3.050900459289551,18.942729949951172,0.055755678564310074,0.09167318791151047,0.2090315818786621,0.5053510665893555,0.060140956193208694,5.326233386993408,18.942729949951172,13.144140243530273,296.0584716796875,piece
BFP485,Black forest gateau,bfp_manual,915.4793090820312,217.81735229492188,30.56795883178711,5.938715934753418,8.580164909362793,21.97380828857422,0.28073742985725403,4605.1923828125,2592.18212890625,530.62939453125,107.20915222167969,46.79338836669922,127.65924835205078,26.02631950378418,79.37215423583984,138.53973388671875,1.0859503746032715,0.16147488355636597,10.38525104522705,0.00050858233589679,0.08518753945827484,0.0033057851251214743,0.7174825072288513,124.72981262207031,0.5624920725822449,0.6845517754554749,0.21360456943511963,0.19834710657596588,3.715193748474121,16.750158309936523,0.04589955508708954,0.1146853119134903,0.23598219454288483,0.5703750848770142,0.06026700511574745,5.485569000244141,16.750158309936523,218.94468688964844,146.21742248535156,piece
BFP489,Lemon cake,bfp_manual,1560.3258056640625,373.8514099121094,43.10041046142578,5.285655498504639,20.627254486083984,25.840164184570312,0.6221311688423157,12385.4521484375,5440.96826171875,976.0655517578125,123.01229858398438,32.76516342163086,155.41761779785156,10.653483390808105,151.29446411132812,80.60041046142578,0.9094262719154358,0.06885246187448502,8.317623138427734,0.0012499999720603228,0.14733606576919556,0.009016393683850765,0.5338114500045776,256.51641845703125,0.7413934469223022,1.5409835577011108,0.17213113605976105,2.004098415374756,2.993852376937866,14.748770713806152,0.049487706273794174,0.06915983557701111,0.2053278684616089,0.4858606457710266,0.05420081689953804,4.031557559967041,14.748770713806152,4.005737781524658,230.9829864501953,piece
BFP491,Dundee cake,bfp_manual,1656.16162109375,396.615966796875,41.40033721923828,7.781131267547607,22.698017120361328,21.300209045410156,1.8123098611831665,10257.87890625,5307.84765625,1159.9461669921875,111.12492370605469,58.106689453125,171.5544891357422,19.421586990356445,182.73782348632812,169.79449462890625,1.5696042776107788,0.09517920017242432,8.552727699279785,0.0015386368613690138,0.3002859055995941,0.022374145686626434,0.631862461566925,199.79283142089844,1.3490511178970337,1.6243774890899658,0.17402112483978271,1.8831157684326172,3.0267245769500732,15.285585403442383,0.052705615758895874,0.07733996212482452,0.30686140060424805,0.5135301351547241,0.05595400929450989,4.104211807250977,15.285585403442383,0.11807126551866531,200.44705200195312,piece
BFP492,Victorian sandwich cake,bfp_manual,1557.3118896484375,373.08837890625,44.73898696899414,5.180116653442383,19.834306716918945,28.18323516845703,0.5918128490447998,11925.439453125,5244.03564453125,913.001953125,117.01754760742188,36.24561309814453,152.62144470214844,9.922612190246582,145.28109741210938,74.15789794921875,0.8580896854400635,0.06549707800149918,7.938596248626709,0.0013060428900644183,0.1395711600780487,0.0050682262517511845,0.5194931626319885,244.01560974121094,0.7146198749542236,1.443079948425293,0.16374269127845764,1.8011696338653564,2.8479530811309814,13.509552001953125,0.04561403766274452,0.07134503126144409,0.19122807681560516,0.4715399742126465,0.05068226158618927,3.8385963439941406,13.509552001953125,0.11754385381937027,226.27679443359375,piece
BFP495,Chocolate eggless cake,bfp_manual,1308.4024658203125,312.00604248046875,43.44585037231445,6.663639068603516,13.189111709594727,34.198543548583984,0.3213973641395569,8211.5048828125,3590.49658203125,461.7874755859375,35.48762893676758,185.38427734375,228.0451202392578,51.123291015625,196.6101837158203,317.2904052734375,0.9517321586608887,0.2479534149169922,1.7467248439788818,0.0005822416860610247,0.0740320235490799,0.003784570610150695,1.105705976486206,147.71470642089844,0.31761282682418823,0.7836971879005432,0,1.0596797466278076,0,12.838427543640137,0.07921689003705978,0.2847016155719757,0.36455604434013367,0.5832169055938721,0.0542241632938385,2.3557496070861816,12.838427543640137,2.3289666175842285,127.62736511230469,piece
BFP496,Orange eggless cake,bfp_manual,1491.281494140625,355.6209411621094,52.64521026611328,7.1566386222839355,13.820504188537598,37.86857223510742,0.5566386580467224,8627.2705078125,3665.0029296875,515.899169921875,40.974788665771484,205.83697509765625,221.63865661621094,26.126554489135742,226.2769775390625,277.8193359375,0.5166386961936951,0.03529411554336548,2.0168068408966064,0.0010084033710882068,0.12873949110507965,0.0043697478249669075,0.87159663438797,170.55462646484375,0.33025211095809937,1.3573110103607178,0,1.1899160146713257,0,13.83193302154541,0.0921008437871933,0.3287394940853119,0.36033615469932556,0.7262185215950012,0.0640336126089096,2.7757983207702637,13.83193302154541,3.495798349380493,163.74789428710938,piece
BFP498,Chocolate glace icing,bfp_manual,1832.751953125,436.29241943359375,62.43446350097656,3.217336893081665,20.796449661254883,59.88093948364258,0,13019.42578125,5570.86181640625,691.4255981445312,44.49085998535156,26.746734619140625,115.72845458984375,87.43602752685547,8.657963752746582,264.1566467285156,2.0430285930633545,0.6832584738731384,0,0,0.002402088837698102,0,1.2324804067611694,200.1044464111328,0.5000522136688232,0,0,1.7963446378707886,0,6.349869251251221,0.026851173490285873,0.025639686733484268,0.2885117530822754,0.01080939918756485,0.01196866761893034,0.04177545756101608,6.349869251251221,0,133.68145751953125,tablespoon
BFP499,Butter icing,bfp_manual,2099.69140625,500.7160339355469,71.63703918457031,0.1859259307384491,25.371110916137695,71.63703918457031,0,16077.2841796875,6453.8271484375,873.5061645507812,65.74073791503906,12.481481552124023,7.851851940155029,2.1234567165374756,5.975308418273926,13.55555534362793,0.13728395104408264,0.08545678853988647,0,0,0.0028395061381161213,0,0.10012345761060715,295.67901611328125,0.5709876418113708,0,0,2.2839505672454834,0,0,0.00013580247468780726,0.022777777165174484,0.005246913991868496,0.01586419716477394,0.00032098765950649977,0.06172839552164078,0,0,187.65432739257812,tablespoon
BFP500,Chocolate butter icing,bfp_manual,1967.948486328125,469.5876159667969,61.717525482177734,3.2068042755126953,24.765565872192383,59.82061767578125,0,15536.701171875,6576.9072265625,828.3917236328125,54.896907806396484,31.865978240966797,115.42267608642578,87.54638671875,4.989690780639648,258.7422790527344,1.8465979099273682,0.7146598100662231,0,0,0.00237113400362432,0,1.2217525243759155,246.90721130371094,0.5889690518379211,0,0,2.15463924407959,0,6.268041133880615,0.026505153626203537,0.028917526826262474,0.28479382395744324,0.013247422873973846,0.011814432218670845,0.05154639109969139,6.268041133880615,0,163.29896545410156,tablespoon
BFP502,Almond biscuit (Badam ke biscuit),bfp_manual,1702.043701171875,407.73895263671875,52.14155960083008,6.245248794555664,19.704784393310547,22.194562911987305,1.5011036396026611,11115.970703125,5751.4755859375,1207.3082275390625,73.7886962890625,44.052490234375,180.96568298339844,23.881729125976562,151.75706481933594,108.0343246459961,1.1147106885910034,0.12063930183649063,3.572570562362671,0.0024656797759234905,0.33193808794021606,0.061911169439554214,0.657032310962677,210.06056213378906,1.3012045621871948,2.765033721923828,0.07065948843955994,2.1464333534240723,1.2289704084396362,12.262611389160156,0.07207267731428146,0.06944145262241364,0.43539032340049744,0.46895694732666016,0.05111709237098694,2.0128936767578125,12.262611389160156,0.15717361867427826,256.9129333496094,biscuit
BFP505,Orange biscuit,bfp_manual,1488.94091796875,354.7797546386719,62.111751556396484,3.6271817684173584,11.012979507446289,42.63025665283203,0.751995861530304,6686.7236328125,2844.494140625,517.3888549804688,51.510746002197266,20.345487594604492,103.04475402832031,9.638020515441895,259.14410400390625,62.462398529052734,0.7727231383323669,0.06662396341562271,2.783954620361328,0.0018694214522838593,0.15861983597278595,0.012396694160997868,0.3701900839805603,132.34214782714844,0.34741321206092834,1.6864380836486816,0.057619836181402206,1.29648756980896,1.0021735429763794,8.433280944824219,0.044979341328144073,0.03763636201620102,0.21314875781536102,0.296041339635849,0.0329090915620327,1.5709091424942017,8.433280944824219,2.241917371749878,186.9979248046875,biscuit
BFP506,Gingerman biscuit,bfp_manual,1495.832763671875,357.4268798828125,55.24462890625,6.256139755249023,12.729915618896484,21.642122268676758,1.9965643882751465,7015.97607421875,3359.64697265625,814.9501953125,70.42487335205078,41.34907150268555,177.7252960205078,20.443626403808594,918.5730590820312,119.4520263671875,1.5874958038330078,0.11304445564746857,4.966404438018799,0.00412183441221714,0.8917866945266724,0.03939223289489746,0.6865531802177429,126.89083099365234,0.8832273483276367,3.553725481033325,0.09808666259050369,3.318626880645752,1.7060073614120483,13.806435585021973,0.07526730746030807,0.05494372546672821,0.41996341943740845,0.5059904456138611,0.06622960418462753,2.533010721206665,13.806435585021973,10.261114120483398,369.7055969238281,gingerman
BFP507,Coffee drops,bfp_manual,1850.7623291015625,443.0706787109375,43.056129455566406,7.569732666015625,27.16364288330078,18.26793670654297,1.875827431678772,10039.61328125,6128.66943359375,9079.0986328125,94.23140716552734,57.088165283203125,213.01614379882812,48.5986328125,88.17182159423828,196.9131622314453,1.4792269468307495,0.3606036603450775,4.293428897857666,0.003124172566458583,0.8682445883750916,0.03494837135076523,1.0134180784225464,182.4379119873047,1.2633413076400757,10.720942497253418,0.18241991102695465,17.277204513549805,2.533672332763672,23.050304412841797,0.13156473636627197,0.07527667284011841,0.7138681411743164,0.5844215154647827,0.19440826773643494,7.214625358581543,23.050304412841797,0.2128673642873764,239.68545532226562,small
BFP508,Christmas biscuit,bfp_manual,1697.502197265625,406.070068359375,60.97199630737305,5.666867733001709,15.882678985595703,26.013277053833008,2.1726009845733643,9684.431640625,4055.263671875,753.9650268554688,64.53832244873047,29.068195343017578,158.3403778076172,16.458539962768555,127.36222839355469,98.76463317871094,1.1978274583816528,0.13337355852127075,2.56101393699646,0.002534701256081462,0.46783342957496643,0.03741701692342758,0.68630051612854,186.4574432373047,0.4488835334777832,3.4254677295684814,0.07845503836870193,1.8467109203338623,1.0896801948547363,11.687386512756348,0.0919734463095665,0.04308991879224777,0.43186482787132263,0.4273989200592041,0.049245625734329224,1.873747706413269,11.687386512756348,0,246.97645568847656,biscuit
BFP509,Christmas wreath biscuit,bfp_manual,1613.8082275390625,386.04632568359375,58.066932678222656,5.430278778076172,15.008878707885742,24.89299964904785,2.2805919647216797,9137.9833984375,3841.64599609375,713.2760620117188,60.8651123046875,29.708595275878906,153.8133087158203,16.47000503540039,120.19590759277344,109.25042724609375,1.2070574760437012,0.13033579289913177,2.501195192337036,0.004154809284955263,0.44746726751327515,0.03528742119669914,0.6591917872428894,175.84518432617188,0.44894707202911377,3.4018213748931885,0.07398974895477295,3.3079113960266113,1.027660846710205,11.504837989807129,0.08844621479511261,0.04234490543603897,0.42720547318458557,0.4190096855163574,0.05156516656279564,1.9042686223983765,11.504837989807129,10.358566284179688,258.70233154296875,biscuit
BFP510,Christmas bell biscuit,bfp_manual,1692.3953857421875,404.84844970703125,60.78856658935547,5.661853313446045,15.838507652282715,25.94163703918457,2.325812339782715,9656.3505859375,4043.81591796875,751.9073486328125,64.34416198730469,31.995187759399414,158.05654907226562,16.58953094482422,127.00914764404297,99.76414489746094,1.2192538976669312,0.1339951902627945,2.5623345375061035,0.002527075819671154,0.5189831256866455,0.03730445355176926,0.6896510124206543,185.89649963378906,0.44753310084342957,3.4151625633239746,0.07821901142597198,1.9350180625915527,1.0864019393920898,11.670276641845703,0.0917569175362587,0.04308062419295311,0.4344765245914459,0.4271961450576782,0.049578819423913956,1.8681106567382812,11.670276641845703,0.012033694423735142,246.7659454345703,biscuit
BFP511,Christmas star biscuit,bfp_manual,1652.3758544921875,392.0292053222656,74.54273223876953,3.5396366119384766,10.036406517028809,53.05175018310547,1.4749664068222046,5487.47802734375,3034.970458984375,687.1803588867188,35.982505798339844,22.75437355041504,97.87684631347656,15.777859687805176,76.08654022216797,74.72846984863281,0.9645357131958008,0.11676985025405884,1.5007402896881104,0.0015343202976509929,0.3136608302593231,0.04306863993406296,0.4930686354637146,103.9569320678711,0.7723418474197388,1.9423284530639648,0.04374158754944801,1.1991925239562988,0.607537031173706,7.252220630645752,0.05438088998198509,0.029912516474723816,0.31853970885276794,0.25326380133628845,0.02944818325340748,1.092934012413025,7.252220630645752,0.014939434826374054,138.0681610107422,biscuit
BFP512,Christmas tree biscuit,bfp_manual,1612.1007080078125,385.6335144042969,58.41240692138672,5.4297099113464355,14.99578857421875,24.770063400268555,2.6522481441497803,9135.4599609375,3825.083740234375,716.118408203125,60.8651123046875,35.040409088134766,150.01138305664062,16.375526428222656,120.45487213134766,102.24986267089844,1.175184965133667,0.13101878762245178,2.4550940990448,0.002390438225120306,0.44120660424232483,0.03528742119669914,0.6614683866500854,175.84518432617188,0.43756404519081116,3.230506658554077,0.07398974895477295,1.7416050434112549,1.027660846710205,11.762094497680664,0.09015367180109024,0.04519066587090492,0.4300512373447418,0.42122936248779297,0.05623221397399902,1.7671029567718506,11.762094497680664,7.342060089111328,239.80648803710938,biscuit
BFP513,Chocolate cream shells,bfp_manual,1786.5247802734375,427.1673278808594,59.26133728027344,5.10318660736084,19.337682723999023,34.71778106689453,0.9004893898963928,11847.80078125,5007.78466796875,845.0375366210938,80.5611801147461,28.533811569213867,147.2811279296875,20.267929077148438,126.8406753540039,97.18814849853516,1.0834367275238037,0.14490483701229095,3.7823166847229004,0.0016313213855028152,0.20991842448711395,0.014138118363916874,0.5961718559265137,226.8928680419922,0.5710277557373047,2.195758581161499,0.07856444269418716,1.9603044986724854,1.3664600849151611,10.534551620483398,0.05728113278746605,0.05458401143550873,0.29386624693870544,0.3836541771888733,0.042490486055612564,1.9387059211730957,10.534551620483398,0,233.6160888671875,shell
BFP516,Jelly biscuit,bfp_manual,1695.150146484375,404.61334228515625,55.243629455566406,4.229109764099121,19.33068084716797,29.75567054748535,2.018848180770874,11379.83203125,5122.3232421875,1318.3106689453125,44.67015838623047,36.45724105834961,181.955322265625,29.4020938873291,110.57173156738281,118.08202362060547,1.1877137422561646,0.1205165833234787,0.6945898532867432,0.0009773124475032091,0.8583595752716064,0.01815008744597435,0.7010121941566467,200.62826538085938,0.5333333611488342,0.9396160244941711,0,1.6893543004989624,0,9.461082458496094,0.24308551847934723,0.04251308739185333,0.2865619361400604,0.292286217212677,0.08552879840135574,4.240139484405518,9.461082458496094,0.14031414687633514,178.98777770996094,biscuit
BFP517,Cherry and walnut cookies,bfp_manual,1772.2091064453125,422.6035461425781,59.35258483886719,5.625301361083984,18.750593185424805,30.365100860595703,1.2963489294052124,8172.92822265625,4345.90625,4853.49658203125,60.1479377746582,46.265377044677734,157.1597900390625,30.42803192138672,114.61640930175781,125.23897552490234,1.3131531476974487,0.2335135042667389,3.917344808578491,0.0019914652220904827,0.5121099948883057,0.031294453889131546,0.7052441835403442,152.42105102539062,0.7912375330924988,6.3063063621521,0.0685064047574997,9.39023208618164,1.1915221214294434,14.140844345092773,0.08560455590486526,0.05480322241783142,0.3136178255081177,0.4118255078792572,0.11192034184932709,2.9185776710510254,14.140844345092773,0,186.5433807373047,cookies
BFP518,Cheese straws,bfp_manual,1586.2777099609375,382.0014343261719,30.60818862915039,9.832524299621582,24.284299850463867,1.786213994026184,1.2876392602920532,14097.7568359375,6666.275390625,1285.0030517578125,201.9315948486328,160.64109802246094,363.749267578125,21.189376831054688,587.4168090820312,123.91280364990234,1.2885605096817017,0.09332728385925293,7.935218811035156,0.002384037245064974,0.3052591383457184,0.04534853622317314,1.12582528591156,310.8042297363281,0.8916183114051819,2.782327175140381,0.4349896311759949,3.245659589767456,6.041671276092529,24.363889694213867,0.08507774025201797,0.10751231014728546,0.41659367084503174,0.7802202701568604,0.08526431769132614,10.10452938079834,24.363889694213867,0,288.20977783203125,straw
BFP519,Butterfly biscuit,bfp_manual,1418.181884765625,341.447021484375,25.331756591796875,9.976067543029785,22.11424446105957,2.4363038539886475,1.0226384401321411,12948.4970703125,6071.65185546875,1120.1536865234375,169.11997985839844,202.49310302734375,377.8531494140625,20.45890235900879,572.0459594726562,128.5613250732422,1.0902562141418457,0.07720724493265152,6.9143877029418945,0.0023050010204315186,0.24758078157901764,0.03601564094424248,1.1956287622451782,274.6230773925781,0.7873544096946716,2.209713935852051,0.3454671800136566,2.7423338890075684,4.798273086547852,21.61663818359375,0.07682959735393524,0.12243054062128067,0.3493795096874237,0.7163758277893066,0.07903581112623215,8.804976463317871,21.61663818359375,0.20683269202709198,259.2511901855469,biscuit
BFP521,Flan pastry,bfp_manual,1851.272705078125,445.79742431640625,47.8392333984375,6.723062038421631,25.042678833007812,6.223923683166504,1.5846890211105347,15339.072265625,6417.32421875,1133.320556640625,102.33493041992188,21.84688949584961,90.82775115966797,19.158658981323242,193.2317657470703,97.90909576416016,1.1486124992370605,0.11043062061071396,1.968995213508606,0.0028708134777843952,0.36287081241607666,0.012440191581845284,0.6020095944404602,295.6554870605469,0.6734928488731384,3.864114999771118,0.12440191209316254,2.6985645294189453,1.7278469800949097,13.61722469329834,0.0903349295258522,0.060669854283332825,0.4685167670249939,0.534162700176239,0.05703349411487579,2.886889934539795,13.61722469329834,0,338.79425048828125,pastry
BFP522,Fruit flan,bfp_manual,1087.804443359375,261.352294921875,34.71337890625,3.2990219593048096,12.483170509338379,9.517033576965332,0.711875319480896,7674.34912109375,3209.985595703125,550.5405883789062,49.51746368408203,19.2767333984375,49.52014923095703,11.255582809448242,110.03587341308594,73.83503723144531,0.6129715442657471,0.05089736729860306,0.8845137357711792,0.0012896292610093951,0.1630091369152069,0.0027941965963691473,0.31369155645370483,151.57872009277344,0.3328533172607422,1.7358410358428955,0.05588393285870552,1.2122515439987183,0.7761848568916321,7.304675102233887,0.04600752517580986,0.04294465109705925,0.25990328192710876,0.2704782485961914,0.0352928526699543,1.520386815071106,7.304675102233887,0.7092961072921753,163.09080505371094,flan
BFP523,Orange cream flan,bfp_manual,1173.34765625,280.2833557128906,36.16187286376953,4.7347025871276855,13.58536434173584,25.269577026367188,0.6344797611236572,7843.59423828125,3719.913330078125,727.8660888671875,119.54719543457031,27.90374755859375,99.4847183227539,9.77242374420166,82.40746307373047,97.94841003417969,0.9332550168037415,0.0641469731926918,10.054372787475586,0.003600148484110832,0.08016824722290039,0.003711493220180273,0.47215142846107483,179.36410522460938,0.6410986185073853,0.8355808854103088,0.207843616604805,1.7524434328079224,3.6149942874908447,18.997650146484375,0.04979586973786354,0.06829147785902023,0.18396635353565216,0.5014227628707886,0.058641593903303146,5.335395336151123,18.997650146484375,10.834590911865234,317.4007263183594,flan
BFP527,Fruit puree tart,bfp_manual,1190.1654052734375,286.5020751953125,30.41661262512207,3.3468210697174072,16.827314376831055,9.78868579864502,1.3057650327682495,10474.57421875,4419.5869140625,674.308349609375,42.86677169799805,19.643352508544922,44.940223693847656,12.891934394836426,49.64972686767578,94.05908966064453,0.6323612928390503,0.08519433438777924,0.1417209655046463,0.003660301212221384,0.22131656110286713,0.3868793547153473,0.3248213827610016,182.92526245117188,0.4945046007633209,2.188119649887085,0,2.2763333320617676,0,10.877870559692383,0.058874860405921936,0.055539876222610474,0.3171664774417877,0.28044798970222473,0.061831049621105194,0.6670545935630798,10.877870559692383,4.666142463684082,415.8827209472656,tart
BFP529,Apple banana pie,bfp_manual,1017.1748657226562,243.98855590820312,32.115875244140625,3.1279330253601074,11.39358901977539,12.964731216430664,1.888298749923706,6224.87890625,3027.558837890625,1226.7342529296875,24.657217025756836,21.229843139648438,44.41841125488281,21.515893936157227,384.4259033203125,144.28225708007812,0.7900682091712952,0.10564710199832916,0.255933940410614,0.005384405609220266,0.3027741611003876,0.2392406016588211,0.34745556116104126,110.89959716796875,0.6220523118972778,2.5818233489990234,0,3.5546820163726807,0,8.226287841796875,0.051163531839847565,0.03445013239979744,0.3613243103027344,0.2616705596446991,0.10669461637735367,0.652714192867279,8.226287841796875,2.2852931022644043,228.42713928222656,pie
BFP531,Lemon chiffon pie,bfp_manual,1079.99072265625,259.3120422363281,27.6345157623291,4.878358364105225,14.515484809875488,11.386194229125977,0.6574627161026001,8854.24609375,3813.592041015625,648.3768920898438,70.29850769042969,34.42873001098633,63.175559997558594,10.861940383911133,94.9462661743164,78.60074615478516,0.6128731369972229,0.059085819870233536,3.9067163467407227,0.0013059701304882765,0.14643655717372894,0.0024253730662167072,0.4061567187309265,190.85821533203125,0.4654850661754608,1.5869402885437012,0.07835820317268372,1.1559702157974243,1.3628730773925781,9.645895957946777,0.04804104566574097,0.08218283206224442,0.21138060092926025,0.3787313401699066,0.04169775918126106,2.508955240249634,9.645895957946777,1.3399254083633423,183.88059997558594,pie
BFP532,Orange chiffon pie,bfp_manual,864.8139038085938,207.5692138671875,23.136829376220703,3.887580633163452,11.158088684082031,10.455869674682617,0.695776641368866,6798.98974609375,2928.838134765625,504.6859130859375,53.94416809082031,30.340015411376953,52.11302947998047,11.025125503540039,73.2287368774414,100.86972045898438,0.6249105334281921,0.0498138852417469,3.009019136428833,0.0029420186765491962,0.12246241420507431,0.0032927701249718666,0.31553328037261963,146.45669555664062,0.3939155340194702,1.2187902927398682,0.060128845274448395,1.2562634944915771,1.0458124876022339,13.062884330749512,0.05454545468091965,0.06782390922307968,0.2236936241388321,0.34359341859817505,0.04183965548872948,2.504796028137207,13.062884330749512,12.1511812210083,258.91900634765625,pie
BFP534,Cream buns,bfp_manual,895.9519653320312,215.74057006835938,14.162176132202148,4.451181888580322,15.809080123901367,5.951144695281982,0.3106941878795624,9563.46875,4255.81689453125,695.39208984375,93.92870330810547,45.26604080200195,72.17538452148438,8.47212028503418,45.48908233642578,79.53958892822266,0.4980487823486328,0.03335084393620491,6.084052562713623,0.0006228893180377781,0.07407129555940628,0.0039024390280246735,0.41039401292800903,220.81800842285156,0.5714821815490723,0.7575985193252563,0.126078799366951,0.7789868712425232,2.1928703784942627,11.13853645324707,0.037148214876651764,0.11166979372501373,0.14041274785995483,0.4193621277809143,0.044427767395973206,3.8593621253967285,11.13853645324707,0.390394002199173,169.29080200195312,bun
BFP535,Savoury puffs,bfp_manual,793.4345092773438,190.7850799560547,10.800604820251465,9.510930061340332,15.242782592773438,4.508681297302246,0.3321409225463867,7148.1953125,3263.00146484375,558.5808715820312,70.72990417480469,68.8310775756836,122.7478256225586,17.425537109375,2274.241455078125,180.9539337158203,1.1928545236587524,0.09177958965301514,7.223540782928467,0.0011915086070075631,0.10125564783811569,0.007407407276332378,0.6322131752967834,148.0036163330078,0.46499547362327576,0.5976061224937439,0.3252032399177551,1.7573622465133667,6.342366695404053,10.865447044372559,0.049241192638874054,0.10037939995527267,1.5703613758087158,0.5360433459281921,0.13185185194015503,3.485076665878296,10.865447044372559,1.0786811113357544,175.38392639160156,puff
BFP536,Choux swans,bfp_manual,898.8329467773438,216.3354949951172,14.923518180847168,4.353611946105957,15.603715896606445,6.1290130615234375,0.34989628195762634,9445.2109375,4201.22998046875,684.3359985351562,92.20635223388672,44.67256546020508,70.99193572998047,8.67778205871582,145.0835723876953,81.03999328613281,0.5093389749526978,0.03407939523458481,5.924224853515625,0.0009099406888708472,0.07321882247924805,0.003797505283728242,0.40289488434791565,219.1306610107422,0.5650249719619751,0.7723979949951172,0.12268862873315811,1.079601526260376,2.1339058876037598,10.908465385437012,0.03649986907839775,0.11018607765436172,0.14101889729499817,0.41077324748039246,0.044138696044683456,3.7957234382629395,10.908465385437012,2.4917478561401367,169.64715576171875,swan
BFP539,Potato aigrettes,bfp_manual,2182.94921875,530.0274658203125,8.005807876586914,2.3512027263641357,54.2388916015625,0.7327327728271484,0.44827377796173096,9254.6279296875,11523.5224609375,30912.2109375,49.70307159423828,9.196174621582031,33.711021423339844,6.942275047302246,112.45372772216797,93.81429290771484,0.44922998547554016,0.03840966150164604,4.173255920410156,0.0006874685641378164,0.07403120398521423,0.00744841480627656,0.23209863901138306,77.78560638427734,24.056184768676758,0.5568495392799377,0.08454956859350204,3.994363307952881,1.4705586433410645,8.08640193939209,0.024670356884598732,0.029179668053984642,0.19567187130451202,0.25153496861457825,0.03449421003460884,2.0583693981170654,8.08640193939209,2.796175241470337,98.04630279541016,aigrette
BFP541,Cream horns,bfp_manual,1687.813232421875,408.22747802734375,23.117046356201172,3.4228012561798096,33.550270080566406,7.122258186340332,0.5993485450744629,20431.0859375,9293.537109375,1323.0401611328125,93.08142852783203,30.93463706970215,53.56460189819336,9.613680839538574,57.11183547973633,72.96525573730469,0.4415852427482605,0.04026058688759804,0.8781759142875671,0.0010857762536033988,0.1372421234846115,0.005646036937832832,0.30825188755989075,325.7502746582031,1.5425407886505127,1.46145498752594,0.018241042271256447,0.21715526282787323,0.3172638416290283,7.639956474304199,0.04256243258714676,0.09098805487155914,0.16959825158119202,0.2838219404220581,0.03821932524442673,1.1300759315490723,7.639956474304199,0.43431052565574646,468.2127990722656,horn
BFP542,Savoury cheese horns,bfp_manual,1224.1014404296875,295.1474609375,21.3775634765625,5.6605634689331055,20.705049514770508,2.7442615032196045,0.7295151948928833,12370.1064453125,5455.69091796875,998.1195068359375,50.629085540771484,121.82750701904297,148.1873321533203,14.275626182556152,212.28472900390625,105.27733612060547,0.6253325939178467,0.05474633723497391,1.1048139333724976,0.0026651634834706783,0.17503945529460907,0.029312288388609886,0.64676433801651,184.27960205078125,1.1214768886566162,1.6465388536453247,0,6.406990051269531,0,11.514644622802734,0.05535513162612915,0.08330327272415161,0.22120630741119385,0.3565952777862549,0.04409244656562805,1.7233483791351318,11.514644622802734,3.124239206314087,575.3900756835938,horn
BFP544,Paneer patties,bfp_manual,1403.85302734375,338.5819091796875,22.794984817504883,7.597538471221924,23.955602645874023,4.042418479919434,1.1756821870803833,13274.5048828125,6249.0908203125,2328.535888671875,45.18915557861328,129.90374755859375,116.70796966552734,18.287071228027344,158.44488525390625,93.011962890625,0.7878140211105347,0.08571889996528625,5.8089189529418945,0.029380647465586662,0.27501043677330017,0.023334326222538948,0.9553961753845215,169.36749267578125,2.0862793922424316,2.746691942214966,0,3.324300527572632,0,31.044221878051758,0.05053023621439934,0.04736967384815216,0.3167451024055481,0.35083359479904175,0.05193178355693817,5.714425563812256,31.044221878051758,3.2785816192626953,942.9636840820312,patty
BFP545,Vegetable patties ,bfp_manual,1084.75537109375,261.9207458496094,20.978593826293945,4.006119728088379,17.739768981933594,1.4930598735809326,2.6246907711029053,9655.9794921875,4517.92626953125,1975.686279296875,39.331085205078125,18.956924438476562,47.42424774169922,20.6238956451416,139.5176239013672,180.61520385742188,0.8654459714889526,0.10571903735399246,0.4218844473361969,0.0026698210276663303,0.322757750749588,0.03068014793097973,0.4737529158592224,147.41163635253906,1.8711364269256592,4.727934837341309,0,12.305680274963379,0,19.744306564331055,0.09496932476758957,0.028265491127967834,0.577732264995575,0.3757881820201874,0.08754688501358032,1.3723948001861572,19.744306564331055,12.029088973999023,1829.451904296875,patty
BFP546,Pearl millet infant food (Bajra shishu aahaar),bfp_manual,1516.5,362.4435119628906,62.09600067138672,11.982500076293945,6.624000072479248,26.064498901367188,7.838500022888184,1148.8690185546875,2155.52099609375,2419.3798828125,0,118.51599884033203,278.40899658203125,143.5500030517578,12.668000221252441,602.9500122070312,5.6670002937316895,0.5519999861717224,23.695499420166016,0.014800000004470348,1.027999997138977,0.44600000977516174,2.2844998836517334,0,0.4309999942779541,6.302999973297119,0,8.225000381469727,0,48.279502868652344,0.22850000858306885,0.11649999767541885,1.4824999570846558,0.6794999837875366,0.40149998664855957,0.8134999871253967,48.279502868652344,0,253.5399932861328,
BFP547,Sajina,bfp_manual,1444.5999755859375,345.2593994140625,66.86900329589844,10.810999870300293,3.0329999923706055,25.89099884033203,7.61899995803833,507.66900634765625,537.1710205078125,1108.72998046875,0,54.4010009765625,250.05899047851562,127.5,11.697000503540039,582.5,5.385000228881836,0.48500001430511475,25.22800064086914,0.016200000420212746,0.972000002861023,0.21199999749660492,2.013000011444092,0,0.17800000309944153,3.375999927520752,0,3.0850000381469727,0,40.797000885009766,0.2070000022649765,0.12700000405311584,0.8040000200271606,0.6549999713897705,0.38600000739097595,0.6239999532699585,40.797000885009766,0,275.8470153808594,
BFP548,Cereal mix ,bfp_manual,505.4800109863281,120.80972290039062,21.83839988708496,3.318000078201294,2.0155999660491943,10.68239974975586,2.032599925994873,384.2243957519531,798.9871826171875,658.7720336914062,0,21.39739990234375,61.52840042114258,32.77040100097656,9.286199569702148,179.17999267578125,1.1779999732971191,0.12780000269412994,3.331200122833252,0.002899999963119626,0.34940001368522644,0.08479999750852585,0.5282000303268433,0,0.21320000290870667,0.5541999936103821,0,1.808000087738037,0,19.180999755859375,0.06880000233650208,0.023400001227855682,0.8371999859809875,0.24300000071525574,0.13660000264644623,0.3336000144481659,19.180999755859375,0.4975999891757965,821.4608154296875,
BFP549,Pulse mix,bfp_manual,348.5,83.29150390625,15.99524974822998,3.1565001010894775,0.543749988079071,6.585000038146973,2.249000072479248,58.092750549316406,81.30024719238281,252.2324981689453,0,14.927499771118164,61.33974838256836,28.71725082397461,3.875499963760376,151.35000610351562,1.28725004196167,0.12675000727176666,9.04425048828125,0.002025000052526593,0.4325000047683716,0.03700000047683716,0.6115000247955322,0,0.04075000062584877,1.2064999341964722,0,0.3187499940395355,0,18.171249389648438,0.06925000250339508,0.027250001206994057,0.3647499978542328,0.23549999296665192,0.09075000137090683,0.19249999523162842,18.171249389648438,0,119.33674621582031,
BFP550,Shishu ahar,bfp_manual,391.70001220703125,93.36520385742188,17.415000915527344,2.611999988555908,1.4347500801086426,6.613500118255615,1.0204999446868896,243.97625732421875,514.5272216796875,436.5625,0,13.7839994430542,41.56475067138672,23.10900115966797,2.6777498722076416,82.42500305175781,1.0197499990463257,0.06674999743700027,0.2852500081062317,0.0037999998312443495,0.26750001311302185,0.03550000116229057,0.3332499861717224,0,0.2410000115633011,0.21274998784065247,0,0.6085000038146973,0,13.001749992370605,0.0507500022649765,0.0162500012665987,0.5672500133514404,0.14249999821186066,0.0885000005364418,0.6297500133514404,13.001749992370605,0,10.102749824523926,
BFP552,Cereal pulse mix with amylase rice flour,bfp_manual,637.0195922851562,151.57098388671875,27.804704666137695,4.26745080947876,2.7423529624938965,8.839215278625488,3.4650981426239014,331.60784912109375,516.2352905273438,1635.37255859375,0,12.613333702087402,91.45098114013672,34.431373596191406,1.0290195941925049,96.86274719238281,1.1886274814605713,0.14372548460960388,12.812548637390137,0.0014117647660896182,0.8298038840293884,0.0172549020498991,0.7960784435272217,0,1.2254902124404907,3.1599998474121094,0,1.17607843875885,0,22.012548446655273,0.13411764800548553,0.04862745478749275,0.7066666483879089,0.3019607961177826,0.0941176488995552,0.837647020816803,22.012548446655273,0,69.33333587646484,
BFP553,Banana groundnut paste/puree,bfp_manual,892,213.18800354003906,36.154998779296875,4.2729997634887695,5.451000213623047,31.674999237060547,1.7009999752044678,1680.26904296875,2208.71484375,1249.330078125,0,74.93099975585938,96.68199920654297,65.75,16.847999572753906,357.3999938964844,1.8980001211166382,0.15799999237060547,0.6259999871253967,0.010300000198185444,0.48900002241134644,0.1080000028014183,0.597000002861023,0,0.5329999923706055,0.9109999537467957,0,0.9100000262260437,0,20.895000457763672,0.08100000023841858,0.05999999865889549,1.309000015258789,0.37700000405311584,0.4009999930858612,1.3910000324249268,20.895000457763672,3.0209999084472656,151.82699584960938,
BFP554,Rice dal porridge (Chawal dal ki khichdi/khichri),bfp_manual,1603.9000244140625,383.33209228515625,65.03800201416016,10.79699993133545,8.329000473022461,26.542999267578125,4.508999824523926,1734.26904296875,3712.14990234375,2466.530029296875,0,50.457000732421875,198.15899658203125,100.08799743652344,12.333999633789062,465.79998779296875,2.758000135421753,0.4099999964237213,6.171999931335449,0.006899999920278788,0.9539999961853027,0.32499998807907104,1.4520000219345093,0,0.9269999861717224,1.7659999132156372,0,1.9300000667572021,0,35.60499954223633,0.2290000021457672,0.06300000101327896,3.4639999866485596,0.6589999794960022,0.3659999966621399,0.6850000023841858,35.60499954223633,0,102.76699829101562,
BFP555,Lentils and semolina porridge (Dal suji porridge/daliya),bfp_manual,490.75,117.28924560546875,23.19099998474121,3.261500120162964,1.061500072479248,13.838500022888184,1.440500020980835,573.0215454101562,254.57699584960938,91.76499938964844,0,44.74449920654297,63.191497802734375,30.44499969482422,9.63700008392334,188,1.218999981880188,0.11100000143051147,3.7899999618530273,0.0031500000040978193,0.3569999933242798,0.09000000357627869,0.4710000157356262,0,0.08150000125169754,0.9919999837875366,0,0.5349999666213989,0,10.739500045776367,0.05849999934434891,0.03350000083446503,0.2239999920129776,0.2615000009536743,0.13500000536441803,0.559499979019165,10.739500045776367,0.4020000100135803,101.32350158691406,
BFP556,Spinach khichri (Palak khichri/khichdi),bfp_manual,426.43927001953125,102.17948150634766,17.350250244140625,3.428618907928467,1.9086521863937378,0.2064891904592514,1.5602329969406128,257.3544006347656,361.3505859375,1153.24462890625,0,10.43111515045166,60.07421112060547,23.25590705871582,69.59234619140625,170.86355590820312,0.6452578902244568,0.13723793625831604,4.508485794067383,0.002861896762624383,0.28752079606056213,0.07487520575523376,0.41763728857040405,0,0.9389351010322571,0.18785357475280762,0,22.675540924072266,0,18.73627281188965,0.0680532455444336,0.026622295379638672,0.5926788449287415,0.2459234595298767,0.06239600479602814,0.3811980187892914,18.73627281188965,2.015307903289795,695.108154296875,
BFP557,Vegetable mix,bfp_manual,729.4000244140625,174.20919799804688,36.018001556396484,4.699999809265137,0.940000057220459,27.36199951171875,1.934999942779541,463.25201416015625,177.23399353027344,165.22999572753906,2.200000047683716,90.05500030517578,114.20800018310547,68.98400115966797,34.9379997253418,527.2000122070312,2.2710001468658447,0.16099999845027924,5.795000076293945,0.0071000000461936,0.47699999809265137,0.17399999499320984,0.6510000228881836,5.599999904632568,0.2069999873638153,0.5460000038146973,0,35.5890007019043,0,36.83700180053711,0.09099999815225601,0.08399999886751175,0.49300000071525574,0.4650000035762787,0.2980000078678131,1.5929999351501465,36.83700180053711,8.480000495910645,2006.2469482421875,
BFP558,Lentils and wheat porridge (Dal wheat porridge/daliya ),bfp_manual,219.8179168701172,52.5369758605957,8.364757537841797,2.7113068103790283,0.9421439170837402,0.9174743294715881,1.2845815420150757,491.5124816894531,216.0264434814453,55.68281936645508,0,26.277828216552734,41.45109939575195,10.67488956451416,62.79119110107422,94.87371826171875,0.5220264196395874,0.06237885728478432,3.1124815940856934,0.0008223201730288565,0.05932452157139778,0.04757709428668022,0.20455212891101837,0,0.052276063710451126,0.12041115760803223,0,0.4875183403491974,0,6.649045944213867,0.02584434673190117,0.026431718841195107,0.12217327207326889,0.15859030187129974,0.018208516761660576,0.38707780838012695,6.649045944213867,0.35418501496315,71.6005859375,
BFP559,Maize porridge,bfp_manual,373.808837890625,89.57054138183594,15.641617774963379,2.139853000640869,1.886617660522461,7.686617374420166,1.6801470518112183,233.8005828857422,373.1373596191406,1107.685302734375,0,17.023235321044922,46.787353515625,31.352205276489258,5.58720588684082,140.1764678955078,1.1147059202194214,0.09838235378265381,3.0735294818878174,0.0037647057324647903,0.2432352900505066,0.03588235378265381,0.4263235330581665,0,0.8420588374137878,3.0792646408081055,0,19.596323013305664,0,14.1063232421875,0.057058822363615036,0.021764706820249557,0.3383823335170746,0.12147058546543121,0.10941176116466522,0.3930882215499878,14.1063232421875,1.7811765670776367,678.1903076171875,
BFP560,Spinach peanut burfi (Palak aur mungfali ki burfi),bfp_manual,444.1666564941406,105.37250518798828,13.590624809265137,3.355208396911621,4.394791603088379,11.497916221618652,2.0729167461395264,924.5833129882812,1927.949951171875,1329.5833740234375,0,40.954166412353516,54.412498474121094,56.96666717529297,19.521875381469727,331.6666564941406,1.6083333492279053,0.17916667461395264,1.2260416746139526,0.012395833618938923,0.6354166865348816,0.04833333194255829,0.5333333611488342,0,0.9833333492279053,0.8479166626930237,0,135.6770782470703,0,68.63229370117188,0.12604166567325592,0.05416666716337204,1.3197916746139526,0.19687500596046448,0.08645833283662796,1.8927083015441895,68.63229370117188,12.616666793823242,3989.041748046875,
BFP561,Split bengal gram burfi/fudge (Channa dal burfi),bfp_manual,1215.6326904296875,287.3585205078125,54.632041931152344,4.6471428871154785,7.092857360839844,43.37938690185547,2.0612244606018066,3705.346923828125,1780.5592041015625,857.8163452148438,15.061224937438965,16.44244956970215,45.507347106933594,13.651020050048828,2.534898042678833,64.95918273925781,0.6208163499832153,0.10469388216733932,0.8163265585899353,4.0816325054038316e-05,0.33510205149650574,0.003673469414934516,0.34857141971588135,56.44898223876953,0.8722448945045471,0.007959184236824512,0,1.8571429252624512,0,39.64142990112305,0.0926530584692955,0.03489796072244644,0.3897958993911743,0.25551021099090576,0.09244897961616516,1.7534693479537964,39.64142990112305,0.9828571677207947,122.34674072265625,piece
BFP563,Chickpea flour cookies (Sweet besan rounds/cookies),bfp_manual,867.7249755859375,207.0072479248047,39.64200210571289,4.292500019073486,3.4235000610351562,30.664499282836914,2.559999942779541,1598.157958984375,806.8369750976562,612.0850219726562,6.150000095367432,54.94750213623047,69.85050201416016,53.73249816894531,22.29050064086914,283.6000061035156,2.1649999618530273,0.08500000089406967,0.6550000309944153,0.0048500001430511475,0.5555000305175781,0.0010000000474974513,0.4449999928474426,23.049999237060547,0.5914999842643738,0.5045000314712524,0,5.92549991607666,0,40,0.09149999916553497,0.0364999994635582,0.34700000286102295,0.34150001406669617,0.343500018119812,1.837999939918518,40,1.5549999475479126,2402.096435546875,piece
BFP564,Pearl millet mathri (Bajra mathri),bfp_manual,3231.65380859375,785.0778198242188,7.42214822769165,1.8224812746047974,83.12189483642578,0.15936718881130219,1.3603663444519043,11245.8115234375,17198.650390625,50996.4375,6.554537773132324,4.630308151245117,32.85678482055664,12.865944862365723,33.17152404785156,42.33555221557617,0.7198501229286194,0.06381349265575409,2.6910908222198486,0.0020815986208617687,0.15880100429058075,0.01665278896689415,0.28984180092811584,24.56619644165039,39.61818313598633,0.4704413115978241,0,5.629608631134033,0,10.720232963562012,0.03880099952220917,0.023447128012776375,0.14754371345043182,0.09119067341089249,0.04046627879142761,0.38900917768478394,10.720232963562012,0,75.31390380859375,piece
BFP565,Sesame biscuit (Til ke biscuit),bfp_manual,1767.1776123046875,424.03369140625,53.64928436279297,8.268195152282715,19.33925437927246,29.726646423339844,6.826934337615967,7901.51171875,5889.7431640625,4005.822509765625,28.194843292236328,298.0596008300781,390.1822204589844,151.07449340820312,182.25845336914062,373.5386657714844,5.728366851806641,0.45925500988960266,22.86189079284668,0.008424068801105022,1.6458452939987183,0.16962750256061554,2.553008794784546,105.67334747314453,0.9799426794052124,15.5656156539917,0,18.739253997802734,0,37.519771575927734,0.22475644946098328,0.0710601732134819,1.617192029953003,0.4607449769973755,0.4366762340068817,1.0555874109268188,37.519771575927734,0,328.2704772949219,biscuit
BFP566,Fermented bengal gram vada (Khameerikrit/Ufna hua channa dal ka vada),bfp_manual,2707.7392578125,657.5725708007812,8.681553840637207,4.050763130187988,67.18557739257812,0.3520110845565796,2.651595115661621,8077.9697265625,13743.12109375,42453.1484375,0,20.4979190826416,63.67101287841797,36.88238525390625,63.866294860839844,267.4743347167969,1.3826630115509033,0.15489597618579865,6.537586688995361,0.005547850392758846,0.42330098152160645,0.030235784128308296,0.627045750617981,0,32.978084564208984,0.9026352167129517,0,50.210819244384766,0,43.027183532714844,0.06990291178226471,0.03411927819252014,0.35728156566619873,0.41747573018074036,0.05769764259457588,0.7814146876335144,43.027183532714844,4.385298252105713,1435.370361328125,vada
BFP568,Poshtik namak paras,bfp_manual,2534.41455078125,613.3907470703125,19.52298355102539,6.490126132965088,56.576839447021484,0.8714147210121155,4.554360389709473,9755.6787109375,12694.7900390625,31364.77734375,14.302326202392578,60.74031066894531,130.17442321777344,61.00096893310547,44.01017379760742,203.83914184570312,2.034970998764038,0.23748061060905457,11.860271453857422,0.00471899239346385,0.9897286891937256,0.05116279050707817,1.1531007289886475,53.604652404785156,23.93488311767578,4.864534854888916,0,38.804264068603516,0,47.215309143066406,0.18410852551460266,0.06424418836832047,1.4498062133789062,0.3827519416809082,0.137984499335289,1.556589126586914,47.215309143066406,2.9341084957122803,1098.6044921875,piece
BFP569,Soya chikki,bfp_manual,1764.4517822265625,423.6982116699219,62.88771057128906,7.184717655181885,15.513954162597656,45.468441009521484,3.549501657485962,8052.5263671875,3834.544921875,1719.0299072265625,32.71096420288086,81.25049591064453,149.08572387695312,102.9687728881836,17.241195678710938,534.7507934570312,4.474086284637451,0.27000001072883606,7.2385382652282715,0.010631228797137737,0.909966766834259,0.05382059887051582,1.2016611099243164,122.52490997314453,1.1049833297729492,0.48239201307296753,0,2.013288974761963,0,48.11960220336914,0.10900332033634186,0.049003321677446365,0.6681063175201416,0.5043189525604248,0.43853822350502014,1.513621211051941,48.11960220336914,0,399.66046142578125,piece
BFP570,Besan bathua chilla/cheela,bfp_manual,1560.6639404296875,373.8164367675781,40.647300720214844,11.475519180297852,18.572614669799805,1.4473029375076294,7.789211750030518,9987.0537109375,4651.7197265625,1968.962646484375,40.82987594604492,64.75186920166016,183.8298797607422,70.42489624023438,166.36183166503906,274.8921203613281,2.6767635345458984,0.2658921182155609,19.193361282348633,0.0019917013123631477,1.7958506345748901,0.04149377718567848,1.6070539951324463,153.02903747558594,1.9269709587097168,4.625726222991943,0,40.63734436035156,0,80.82821655273438,0.2987551987171173,0.19087137281894684,1.5070539712905884,0.7684647440910339,0.2605809271335602,3.2481327056884766,80.82821655273438,6.8099589347839355,989.87548828125,cheela
BFP571,Wheat flour and nuts ladoos (Atta nuts ladoos),bfp_manual,1633.27587890625,391.90167236328125,44.31482696533203,9.461724281311035,19.192413330078125,15.938620567321777,7.304137706756592,7707.38427734375,6365.25341796875,3664.810302734375,25.44827651977539,127.2855224609375,249.1258544921875,124.37931060791016,8.071723937988281,338.2069091796875,4.006551742553711,0.4410344660282135,24.2951717376709,0.006379310041666031,1.700689673423767,0.1765517294406891,2.231379270553589,95.37931060791016,1.387586236000061,10.944482803344727,0,8.275862693786621,0,36.142066955566406,0.28413793444633484,0.08517241477966309,2.8213794231414795,0.572068989276886,0.3003448247909546,0.8751723766326904,36.142066955566406,0,328.7851867675781,ladoo
BFP573,Gram flour and semolina dhokla (Besan suji dhokla),bfp_manual,834.6424560546875,198.91017150878906,25.917722702026367,8.516304016113281,7.095455646514893,2.5806691646575928,4.586390972137451,1055.75244140625,1443.3348388671875,4048.58935546875,1.3918412923812866,66.66382598876953,156.5892791748047,38.17252731323242,196.59033203125,262.3963928222656,1.6015968322753906,0.16976414620876312,3.0520169734954834,0.005134122911840677,0.8595753908157349,0.03542868793010712,0.8801072835922241,3.5428686141967773,3.34614634513855,1.290129542350769,0,47.660919189453125,0,77.0236587524414,0.18691010773181915,0.1001305803656578,0.7757551074028015,0.5495753884315491,0.18168538808822632,3.4191231727600098,77.0236587524414,6.632721424102783,1451.5399169921875,piece
BFP574,Atta dal burfi ,bfp_manual,1250.225830078125,298.79730224609375,40.642581939697266,6.662580490112305,12.472258567810059,21.078710556030273,4.077419281005859,6250.70947265625,3703.593505859375,1401.1612548828125,23.80645179748535,17.069677352905273,140.06451416015625,57.290321350097656,3.555483818054199,268.5806579589844,1.5612903833389282,0.3006451725959778,16.97096824645996,0.0018709676805883646,0.8077419400215149,0.18838709592819214,1.0974193811416626,89.2258071899414,0.9135484099388123,3.3219354152679443,0,1.522580623626709,0,23.403226852416992,0.16322581470012665,0.05225806683301926,1.42838716506958,0.45032259821891785,0.08774193376302719,0.33483871817588806,23.403226852416992,0,320.4709777832031,piece
BFP575,Soya roti,bfp_manual,1183.77490234375,283.9637145996094,40.02847671508789,9.183112144470215,9.228145599365234,1.5841059684753418,8.708609580993652,1155.5628662109375,1720.716552734375,5491.29150390625,0.0198675487190485,53.41854476928711,241.61656188964844,114.51191711425781,155.93112182617188,481.3211975097656,3.847682237625122,0.4221192002296448,32.67814636230469,0.010993377305567265,2.2394039630889893,0.01986755058169365,2.1066224575042725,0,4.043046474456787,8.07351016998291,0,89.42947387695312,0,71.34967041015625,0.318708598613739,0.136225163936615,1.6642383337020874,0.6983112692832947,0.222185418009758,2.476821184158325,71.34967041015625,8.024503707885742,2758.77490234375,roti
BFP576,Poshtik khichdi/khichri,bfp_manual,390.1748352050781,93.3676528930664,15.637770652770996,3.0432839393615723,1.8830758333206177,0.26003238558769226,1.9951341152191162,306.8418273925781,559.6723022460938,872.56982421875,0,30.406845092773438,52.51063919067383,27.726272583007812,41.67132568359375,139.5254364013672,1.002562403678894,0.11750230938196182,4.625453472137451,0.003738667815923691,0.37993061542510986,0.052173912525177,0.5100462436676025,0,0.5115725994110107,1.6428630352020264,0,26.87386703491211,0,18.15829849243164,0.05659111961722374,0.0400601290166378,0.7869981527328491,0.21917669475078583,0.06864476948976517,0.3432747423648834,18.15829849243164,7.1530985832214355,1932.2474365234375,plate
BFP577,Namkeen daliya,bfp_manual,1230.095947265625,295.1106262207031,49.31864929199219,8.28543472290039,7.992717266082764,0.8184724450111389,8.565542221069336,871.4216918945312,1471.4820556640625,4544.529296875,0,35.984371185302734,6.127175807952881,4.33854341506958,149.63267517089844,51.52397918701172,2.993783473968506,0.01911189965903759,0.02486678585410118,0.0008525754674337804,0.039253998547792435,0.005683836527168751,0.05630550533533096,0,3.547424554824829,2.573357105255127,0,6.096092224121094,0,5.38614559173584,0.011811723001301289,0.006642984226346016,0.15346358716487885,0.06126110255718231,0.027886323630809784,0.41776198148727417,5.38614559173584,5.863232612609863,1279.7052001953125,plate
BFP578,Sprouts upma ,bfp_manual,1318.49658203125,316.2456970214844,44.955387115478516,9.50190544128418,10.43805980682373,1.671101450920105,7.164230823516846,1497.309814453125,2822.239501953125,5520.685546875,0,36.78461456298828,112.94286346435547,44.09685516357422,147.82037353515625,248.97552490234375,2.760751724243164,0.3663111925125122,7.483688831329346,0.005152097903192043,1.407989501953125,0.11678321659564972,1.6572902202606201,0,3.8951222896575928,7.342989444732666,0,5.415909290313721,0,27.934404373168945,0.2436363697052002,0.04809440299868584,1.6066433191299438,0.6025349497795105,0.11206293851137161,0.41680070757865906,27.934404373168945,0.5058042407035828,527.1905517578125,plate
BFP579,Semolina idli (Suji/Rava idli),bfp_manual,864.3934936523438,206.3904266357422,33.67109680175781,9.344619750976562,3.473734140396118,3.4164557456970215,5.845991611480713,1054.8662109375,1133.823974609375,911.023193359375,3.4810125827789307,100.85316467285156,193.19239807128906,53.71476745605469,185.0151824951172,413.8533630371094,2.3382911682128906,0.3126160502433777,9.58143424987793,0.007974683307111263,1.1528481245040894,0.07637130469083786,1.569725751876831,8.860759735107422,0.50611811876297,3.6012656688690186,0,55.651580810546875,0,58.6367073059082,0.20996835827827454,0.13622362911701202,1.1970463991165161,0.658744752407074,0.12668776512145996,1.8248945474624634,58.6367073059082,5.428059101104736,1831.9429931640625,idli
BFP580,Poshtik chilla/cheela,bfp_manual,665.913818359375,159.5341339111328,27.46605110168457,4.847729682922363,3.0402166843414307,1.221203088760376,4.908596515655518,383.5865478515625,553.6954345703125,1811.4427490234375,0,18.181148529052734,138.2266845703125,55.63590621948242,97.17723083496094,150.74441528320312,2.0966813564300537,0.20935700833797455,22.05669403076172,0.0029315510764718056,1.2719290256500244,0.016593685373663902,1.2513713836669922,0,1.2487670183181763,5.637704372406006,0,3.6226089000701904,0,16.306154251098633,0.18964046239852905,0.0711454302072525,1.0604286193847656,0.4147614538669586,0.12217100709676743,0.47402629256248474,16.306154251098633,0.8061304688453674,276.07513427734375,cheela
BFP604,Stuffed bittergourd (dry) (Bharwa karela),bfp_manual,896.164794921875,217.6478729248047,2.489490032196045,1.2869261503219604,22.384201049804688,0.0661231055855751,3.0001885890960693,2772.900390625,4548.06689453125,14075.4072265625,0,16.721651077270508,35.977378845214844,28.10387420654297,519.2879028320312,284.18096923828125,1.285154104232788,0.08452446013689041,3.9664907455444336,0.010514657013118267,0.4293053150177002,0.09143180400133133,0.34691300988197327,0,10.939107894897461,1.467951774597168,0,5,0,45.33254623413086,0.04635215550661087,0.03098784200847149,0.2394193559885025,0.21175417304039001,0.0383165217936039,5.169007301330566,45.33254623413086,41.00292205810547,365.5245361328125,bowl
BFP605,Cauliflower potato canjee,bfp_manual,70.24774169921875,16.789209365844727,2.633897066116333,0.570074737071991,0.3924891948699951,0.1300039291381836,0.6853322982788086,33.63114547729492,170.79983520507812,110.50334167480469,0,6.7754621505737305,16.294139862060547,7.811639785766602,35.575069427490234,117.26622009277344,0.27829334139823914,0.023971688002347946,0.7170271277427673,0.0010774675756692886,0.07404640316963196,0.0025167125277221203,0.1018875315785408,0,0.022414470091462135,0.3837200105190277,0,1.5665355920791626,0,6.810696125030518,0.01700747199356556,0.010043255984783173,0.22241446375846863,0.11265827715396881,0.02866692841053009,0.41801023483276367,6.810696125030518,7.349193572998047,48.99174118041992,glass
BFP606,Creamed spinach,bfp_manual,403.4272155761719,96.91499328613281,4.442425727844238,5.184081554412842,6.390686988830566,1.590238332748413,1.3275500535964966,3508.15380859375,1762.6446533203125,478.5886535644531,59.596981048583984,122.30257415771484,124.22298431396484,51.52789306640625,156.02120971679688,385.36273193359375,1.8900374174118042,0.10935761034488678,6.9219441413879395,0.015526855364441872,0.6099094748497009,0.01115174125880003,0.6951528787612915,71.52674865722656,1.0034427642822266,0.32604578137397766,0.10892398655414581,169.02603149414062,1.8944993019104004,83.10997009277344,0.10559143126010895,0.12220882624387741,0.23032885789871216,0.4421146810054779,0.11454524844884872,5.381551742553711,83.10997009277344,16.122825622558594,5045.60498046875,small bowl
BFP607,Mango milkshake with ice cream (Aam milkshake ice cream ke saath),bfp_manual,287.54412841796875,68.35029602050781,9.180588722229004,1.9305882453918457,2.7982354164123535,9.10588264465332,0.22999998927116394,1682.0882568359375,752.441162109375,102.70587921142578,1.2970588207244873,69.35529327392578,56.216468811035156,6.615882396697998,16.636470794677734,85.23529052734375,0.15088234841823578,0.03382353112101555,0.7717646956443787,0.00447058817371726,0.03117647022008896,0,0.2064705789089203,4.014705657958984,0.17102941870689392,0.43647056818008423,0,0.5611764788627625,0,13.639411926269531,0.023823529481887817,0.0752941146492958,0.08176470547914505,0.24044117331504822,0.03705882281064987,1.3335293531417847,13.639411926269531,4.987058639526367,275.3970642089844,tall glass
BFP608,Pineapple milkshake with ice cream (Ananas milkshake ice cream ke saath),bfp_manual,288.1323547363281,68.49088287353516,9.326470375061035,1.9282352924346924,2.7523529529571533,9.198823928833008,0.4158823490142822,1668.098876953125,740.3411865234375,92.79529571533203,1.2970588207244873,68.77999877929688,56.5094108581543,6.5370588302612305,16.647058486938477,85.11764526367188,0.12382353097200394,0.03029411844909191,0.5564705729484558,0.003058823524042964,0.1558823585510254,0,0.20411764085292816,4.014705657958984,0.1910294145345688,0.024705881252884865,0,0.28235292434692383,0,6.128823757171631,0.026176471263170242,0.07411764562129974,0.06529411673545837,0.24161764979362488,0.038235291838645935,1.268823504447937,6.128823757171631,5.387058734893799,118.02176666259766,tall glass
BFP609,Orange milkshake with ice cream (Narangi milkshake ice cream ke saath),bfp_manual,285.308837890625,67.81605529785156,9.149999618530273,1.9494117498397827,2.748823642730713,8.998823165893555,0.16058821976184845,1666.4541015625,738.9423217773438,92.77999877929688,1.2970588207244873,69.79647064208984,56.4317626953125,6.34529447555542,16.651763916015625,87.5882339477539,0.18617647886276245,0.02558823488652706,0.5694117546081543,0.0035294117406010628,0.007647058926522732,0.00014705881767440587,0.1970588117837906,4.014705657958984,0.14279411733150482,0.04000000283122063,0,0.29411765933036804,0,6.275882244110107,0.028529413044452667,0.07294117659330368,0.08411764353513718,0.24985294044017792,0.02764705754816532,1.4841176271438599,6.275882244110107,6.134117603302002,187.2794189453125,tall glass
OSR001,Woodapple juice (Bel ka sharbat),open_source_recipes,144.50189208984375,34.176883697509766,6.509658336639404,0.62922203540802,0.6988614797592163,5.7526092529296875,1.0298007726669312,170.9127197265625,113.36719512939453,278.00665283203125,0,11.849297523498535,16.688587188720703,5.230189800262451,127.44789123535156,71.85768127441406,0.12415559589862823,0.0448576845228672,0.478927880525589,0.0009051233646459877,0.06452561914920807,0.0010436432203277946,0.06971537321805954,0,0.015844402834773064,5.478178024291992,0,1.6156072616577148,0,1.6069639921188354,0.008728652261197567,0.0026280833408236504,0.11070208996534348,0.04707779735326767,0.035170778632164,0.32229602336883545,1.6069639921188354,5.226916313171387,34.65654373168945,glass
OSR002,Sattu drink,open_source_recipes,98.9915771484375,23.377426147460938,5.155844211578369,0.5648049712181091,0.13917005062103271,3.958352565765381,0.3970670700073242,12.292043685913086,22.95912742614746,64.89360809326172,0,1.5884180068969727,8.555381774902344,3.167550802230835,12.646402359008789,25.26926612854004,0.16683931648731232,0.025984399020671844,1.335875153541565,0.00020967239106539637,0.04403120279312134,0.0029329173266887665,0.09940717369318008,0,0.004979719407856464,0.04586583375930786,0,0.03931357339024544,0,4.770047187805176,0.009173166938126087,0.003931357525289059,0.04901091754436493,0.04193447530269623,0.004979719407856464,0.021229330450296402,4.770047187805176,0,26.680810928344727,glass
OSR004,Apple and honey sorbet (Seb aur shehad ka sharbat),open_source_recipes,515.0230712890625,121.29707336425781,30.74224090576172,0.15337182581424713,0.288591206073761,29.179607391357422,1.1305080652236938,71.83833312988281,22.31771469116211,127.70899963378906,0,9.112054824829102,5.406836032867432,4.2887067794799805,1.972909927368164,56.41570281982422,0.177228644490242,0.045635104179382324,0.26057738065719604,0.003055427223443985,0.024595841765403748,0.06458814442157745,0.07531177997589111,0,0.06547343730926514,0.6372748613357544,0,1.5931869745254517,0,1.6502540111541748,0.014480370096862316,0.005288683343678713,0.11558891832828522,0.04482678696513176,0.019769052043557167,0.1484064757823944,1.6502540111541748,3.128706693649292,100.14088439941406,cup
OSR005,Thandai,open_source_recipes,424.552001953125,101.1769027709961,9.132845878601074,3.5914835929870605,5.887108325958252,8.207235336303711,0.7960942387580872,2265.0146484375,1979.5631103515625,732.1626586914062,0,112.31414031982422,98.37887573242188,25.581510543823242,22.690563201904297,140.99485778808594,0.6031992435455322,0.11796640604734421,1.0608038902282715,0.004158795345574617,0.37486693263053894,0.01433432474732399,0.4794410765171051,0,0.7561290860176086,0.5414935946464539,0,1.374550700187683,0,7.175179481506348,0.04626041650772095,0.08715269714593887,0.22650666534900665,0.27523744106292725,0.041154637932777405,1.5845426321029663,7.175179481506348,1.4447605609893799,152.88465881347656,glass
OSR006,Cucumber sharbat (Kheere ka sharbat),open_source_recipes,115.76641845703125,27.2839412689209,6.635036468505859,0.25912410020828247,0.058394160121679306,5.463503360748291,0.7810218930244446,23.419708251953125,3.857664108276367,24.791969299316406,0,6.492700576782227,10.394160270690918,7.5401458740234375,2.5656933784484863,67.04379272460938,0.17810219526290894,0.020729927346110344,0.06204379349946976,0.002189780818298459,0.029197080060839653,0.00024330899759661406,0.06715328246355057,0,0.007299270015209913,0.45985400676727295,0,2.9927008152008057,0,6.1459856033325195,0.007299270015209913,0.0036496350076049566,0.12773722410202026,0.16423358023166656,0.0218978114426136,1.029197096824646,6.1459856033325195,2.2299270629882812,62.40876007080078,glass
OSR007,Apple oats chia seed smoothie,open_source_recipes,361.60986328125,85.6448974609375,13.070342063903809,3.491137742996216,2.4763245582580566,5.7610182762146,1.4442323446273804,924.6475830078125,688.1693115234375,691.8933715820312,4.315910816192627,88.88846588134766,111.1960220336914,23.546857833862305,32.02052688598633,169.2537841796875,0.49557676911354065,0.05461416020989418,1.42545747756958,0.0008910103351809084,0.3805568814277649,0.13349243998527527,0.5667939782142639,10.914875984191895,0.09695306420326233,0.18583929538726807,0,0.5621320605278015,0,11.360699653625488,0.14328241348266602,0.11398886144161224,0.22443914413452148,0.2767462134361267,0.0812426432967186,2.825298309326172,11.360699653625488,0.8572792410850525,44.86714172363281,glass
OSR008,Nannari sharbat,open_source_recipes,378.5650329589844,88.78984069824219,23.623947143554688,0.010403587482869625,0.009417040273547173,23.58466339111328,0,3.1569507122039795,0.4251120984554291,4.511210918426514,0,2.674260139465332,0.44717487692832947,0.6089686155319214,1.1588340997695923,3.3452916145324707,0.049955155700445175,0.02717488817870617,0.013452915474772453,1.7937220036401413e-05,0.00017937220400199294,0.0008071748889051378,0.02448430471122265,0,0.0005381166120059788,0.003497757948935032,0,0.016143498942255974,0,0.2056502252817154,0.0007623318233527243,0.00022421525500249118,0.0022421523462980986,0.002690583001822233,0.0009417040273547173,0.017219731584191322,0.2056502252817154,0.889327347278595,0.8250223994255066,cup
OSR009,Semolina milk drink (Thari kanji),open_source_recipes,185.0907440185547,44.1622200012207,6.925323486328125,0.9835715889930725,1.363272786140442,3.882113456726074,0.7230014801025391,406.44805908203125,655.7120971679688,194.40415954589844,0.9336926341056824,8.26167106628418,23.982824325561523,11.574424743652344,11.947845458984375,84.56636047363281,0.3629407584667206,0.08532033860683441,0.736758828163147,0.0011868143919855356,0.16465480625629425,0.0055983602069318295,0.25048789381980896,3.4994497299194336,0.0978413075208664,0.4050869047641754,0,0.33119556307792664,0,4.502472877502441,0.030925530940294266,0.015548638999462128,0.16061733663082123,0.09363684803247452,0.03576858714222908,0.30166658759117126,4.502472877502441,2.4955782890319824,184.47802734375,cup
OSR010,Saffron milk (Kesariya doodh),open_source_recipes,429.93084716796875,102.18103790283203,12.643503189086914,3.1688296794891357,4.56899356842041,12.503067016601562,0.14416153728961945,2511.50048828125,1393.4893798828125,240.751220703125,0,110.87604522705078,92.72205352783203,10.54345703125,23.691360473632812,114.63819122314453,0.20558369159698486,0.04698462411761284,0.9381691813468933,0.004017949104309082,0.08479119837284088,0.0051762196235358715,0.3426211476325989,0,0.45629793405532837,0.08145368099212646,0,0.11570069193840027,0,6.83519983291626,0.031397655606269836,0.10224328935146332,0.09930569678544998,0.3170325756072998,0.040163278579711914,1.8655588626861572,6.83519983291626,1.8404124975204468,184.8628692626953,glass
OSR011,Black rice kheer (Chak-hao kheer),open_source_recipes,621.5015258789062,147.936767578125,22.93030548095703,4.366131782531738,4.905136585235596,12.568803787231445,0.7645264863967896,2229.4091796875,936.0602416992188,106.7921371459961,0,94.89005279541016,74.58234405517578,6.804815292358398,25.768146514892578,104.34349822998047,0.46029695868492126,0.03348314389586449,0.7413402795791626,0.0032504014670848846,0.038186196237802505,0.0010433386778458953,0.2652568221092224,0,0.17012038826942444,0.03508828207850456,0,0.005465489346534014,0,5.418659687042236,0.023210272192955017,0.0848073810338974,0.06254414469003677,0.26217496395111084,0.030939005315303802,1.5294862985610962,5.418659687042236,1.5486356019973755,154.3868408203125,bowl
OSR012,Coconut kheer (Nariyal ki kheer),open_source_recipes,683.0059814453125,162.61248779296875,14.42290210723877,3.397630214691162,10.546659469604492,13.729865074157715,1.5344955921173096,5162.73876953125,2272.0068359375,551.8502807617188,3.221987247467041,89.51873779296875,83.39212036132812,23.255889892578125,45.9728889465332,188.1647186279297,0.5275667905807495,0.09706322848796844,0.7032616138458252,0.002817220753058791,0.18372862040996552,0.005381510592997074,0.3847280442714691,12.10609245300293,1.1482030153274536,0.07786084711551666,0,2.386554002761841,0,7.585696697235107,0.03129156306385994,0.09733230620622635,0.20047087967395782,0.25495100021362305,0.041197385638952255,1.3135364055633545,7.585696697235107,1.8771132230758667,151.0673370361328,bowl
OSR013,Apple sago payasam (Seb aur sabudana ki kheer),open_source_recipes,571.9788818359375,136.503173828125,14.403240203857422,3.130678176879883,7.660542011260986,10.63227367401123,0.381131649017334,4006.92333984375,2525.71875,506.1046447753906,10.852180480957031,102.10543060302734,93.9010238647461,16.80838966369629,39.44808578491211,129.646240234375,0.31415125727653503,0.06683896481990814,1.1411956548690796,0.003005474805831909,0.11830394715070724,0.06871814280748367,0.4222039580345154,40.8238639831543,0.612134575843811,0.2286873310804367,0,0.38429391384124756,0,6.480011463165283,0.03937504440546036,0.11638617515563965,0.14764462411403656,0.3167978823184967,0.03575246408581734,1.6152675151824951,6.480011463165283,1.7750853300094604,188.5094451904297,bowl
OSR014,Kesari bath,open_source_recipes,1022.14501953125,244.56851196289062,31.382802963256836,2.3950934410095215,12.585087776184082,20.16176414489746,1.6523536443710327,6871.23876953125,3797.926025390625,802.8760986328125,27.838420867919922,7.697634696960449,34.679439544677734,16.01409912109375,1.704179048538208,65.67830657958984,0.6944946050643921,0.16531763970851898,2.1333189010620117,0.0010079167550429702,0.368023544549942,0.004055054392665625,0.5225041508674622,104.33749389648438,0.7337197065353394,1.4110835790634155,0,0.2466246336698532,0,4.838000774383545,0.06488464027643204,0.00724440161138773,0.21040262281894684,0.162211611866951,0.022363154217600822,0.15055757761001587,4.838000774383545,0,254.82510375976562,bowl
OSR015,Putharekulu,open_source_recipes,1334.1868896484375,318.3032531738281,59.607479095458984,3.6570093631744385,7.554205894470215,23.864486694335938,1.7476634979248047,4437.94384765625,1961.9906005859375,441.869140625,18.39252281188965,6.107476711273193,65.64485931396484,12.934578895568848,2.6728973388671875,67.47663879394531,0.3813084363937378,0.15308411419391632,0.5560747981071472,0.002336448524147272,0.36915889382362366,0.02570093423128128,0.5271028280258179,68.93457794189453,0.4727102816104889,0,0,0.7009345889091492,0,4.556074619293213,0.07943925261497498,0.028037382289767265,1.172897219657898,0.257009357213974,0.10280373692512512,0.14485982060432434,4.556074619293213,0,161.20559692382812,roll
OSR016,Mango malpua,open_source_recipes,1381.7977294921875,334.6436462402344,12.841540336608887,1.6494756937026978,30.671104431152344,4.958759784698486,2.0830981731414795,18192.94921875,7988.42578125,1563.9232177734375,75.20935821533203,10.642388343811035,46.06306076049805,20.33721160888672,1.8879823684692383,89.27536010742188,0.6953063011169434,0.09610507637262344,7.223674774169922,0.006634153891354799,0.45241275429725647,0.003563519800081849,0.4327841103076935,281.7980651855469,1.9948339462280273,2.7576005458831787,0,1.842423677444458,0,28.16923713684082,0.06434087455272675,0.03439381718635559,0.3826983571052551,0.14978770911693573,0.07041183859109879,0.6185083985328674,28.16923713684082,9.683992385864258,1024.54443359375,piece
OSR017,Mango vanilla custard,open_source_recipes,620.7343139648438,147.63104248046875,18.407085418701172,3.4303321838378906,7.043948173522949,14.620885848999023,0.993726909160614,2845.302490234375,2757.99267578125,828.29150390625,0.35424354672431946,84.85738372802734,93.59944915771484,25.107194900512695,30.119224548339844,160.4944610595703,0.578154981136322,0.1397416889667511,1.5481181144714355,0.006653136573731899,0.17583025991916656,0.013530135154724121,0.47321033477783203,0.8856088519096375,1.8158671855926514,0.8410332202911377,0,1.80258309841156,0,24.203210830688477,0.056088559329509735,0.08435424417257309,0.24166052043437958,0.2766420543193817,0.07686346769332886,2.0378966331481934,24.203210830688477,7.897158622741699,421.6685485839844,glass
OSR018,Kiwi granola pudding,open_source_recipes,1182.4871826171875,280.9878234863281,32.33153533935547,5.600944519042969,15.359513282775879,15.075992584228516,3.709637403488159,5668.31103515625,3679.375,1527.593505859375,20.267175674438477,62.20228958129883,128.82156372070312,36.132633209228516,59.21407699584961,274.5295715332031,1.454236626625061,0.16695037484169006,3.7493796348571777,0.0002337786281714216,0.7904293537139893,0.010305343195796013,0.8106107115745544,40.19084167480469,1.0190649032592773,0.23711830377578735,0.3778626024723053,0.6674618124961853,0,39.53287124633789,0.368580162525177,0.4267652630805969,1.811164140701294,0.36425572633743286,0.09524045884609222,3.0345897674560547,39.53287124633789,12.469466209411621,22.34541893005371,bowl
OSR019,Oats burfi,open_source_recipes,1793.804931640625,425.18707275390625,62.46829605102539,8.886306762695312,17.26929473876953,32.92688751220703,4.9580912590026855,5110.55615234375,7837.7216796875,3258.64306640625,10.331950187683105,128.58091735839844,276.1908874511719,96.12406921386719,8.147344589233398,314.78009033203125,2.4631950855255127,0.33535268902778625,7.340705394744873,0.01643153466284275,2.002406597137451,0.03817427530884743,1.7257676124572754,38.257259368896484,3.709833860397339,0.39676350355148315,0,1.0739004611968994,0,29.560787200927734,0.4685477018356323,0.06709543615579605,0.8519917130470276,0.44427385926246643,0.16037344932556152,10.739999771118164,29.560787200927734,0.09211618453264236,103.88091278076172,piece
OSR020,Lotus seed halwa (Kamal gattay ka halwa),open_source_recipes,1542.1954345703125,370.5499572753906,39.562068939208984,7.790459632873535,20.688159942626953,9.7972412109375,0.4225287437438965,11042.287109375,6003.609375,1817.6551513671875,45.24137878417969,82.83908081054688,304.3333435058594,105.75862121582031,3.056666612625122,658.5172119140625,1.7986207008361816,0.20701149106025696,0.20321838557720184,0.00017241379828192294,1.1350574493408203,0.0025287356693297625,0.6002298593521118,169.56321716308594,2.0436782836914062,0.057701148092746735,0,0.407471239566803,0,49.400230407714844,0.3089655339717865,0.07540229707956314,0.8308045864105225,0.41471266746520996,0.3022988438606262,0.1908046007156372,49.400230407714844,0.017011495307087898,348.8462219238281,piece
OSR021,Amaranth ladoo (Rajgira ladoo),open_source_recipes,1891.6368408203125,454.1483154296875,51.327117919921875,10.11602783203125,22.7022647857666,19.920785903930664,5.109809398651123,9148.396484375,8187.2548828125,3255.18408203125,33.63795852661133,144.5769500732422,262.3536071777344,231.94790649414062,7.507246971130371,414.933349609375,6.473324775695801,0.5596325993537903,9.076077461242676,0.6507813334465027,3.229395866394043,0.01116707269102335,1.88295316696167,126.073974609375,3.667598009109497,31.247177124023438,0,1.8534514904022217,0,21.68611717224121,0.04636044800281525,0.05135349556803703,0.6410695314407349,0.25760090351104736,0.4353952705860138,1.4026210308074951,21.68611717224121,0.07958385348320007,324.0418395996094,ladoo
OSR022,Chhena poda,open_source_recipes,1447.911865234375,344.5653076171875,33.63724899291992,13.684338569641113,17.940107345581055,30.654029846191406,1.3966330289840698,6796.84716796875,8023.85595703125,1949.4000244140625,3.313131332397461,295.2940673828125,264.2085266113281,65.70808410644531,13.002883911132812,150.2749786376953,1.4143882989883423,0.34580808877944946,14.338961601257324,0.06296969950199127,0.4992143511772156,0.01593714952468872,2.2708866596221924,12.417508125305176,2.296128034591675,0.5962738394737244,0,0.830050528049469,0,57.468788146972656,0.07222221791744232,0.08354096859693527,0.4715825021266937,0.45323795080184937,0.045224469155073166,12.274853706359863,57.468788146972656,0.12705948948860168,143.72283935546875,slice
OSR023,Sweet couscous dessert,open_source_recipes,827.1248779296875,196.199951171875,29.692623138427734,3.8134419918060303,7.691786289215088,15.891463279724121,2.17587947845459,2653.54296875,3090.03125,1186.5872802734375,9.366449356079102,30.93572235107422,83.86878204345703,31.242496490478516,4.219362258911133,183.4109649658203,0.8430808782577515,0.15903636813163757,1.4327389001846313,0.0012776872608810663,0.47422096133232117,0.00597176980227232,0.573127031326294,42.12703323364258,2.243072748184204,10.4190092086792,0,3.258835554122925,0,12.663191795349121,0.11906351894140244,0.03660152107477188,0.7574131488800049,0.2208659052848816,0.11627306789159775,1.577858328819275,12.663191795349121,14.808344841003418,50.31481170654297,bowl
OSR024,Sweetened yogurt (Shrikhand),open_source_recipes,453.478271484375,107.1770248413086,16.016088485717773,5.2735915184021,2.893601417541504,15.814554214477539,0.07932624965906143,1759.847412109375,789.0994873046875,133.57675170898438,9.952402114868164,183.0187530517578,156.60301208496094,18.364368438720703,73.60711669921875,261.063232421875,0.16505476832389832,0.009163349866867065,1.8730494976043701,0.00042271550046280026,0.07551926374435425,0.0028722661081701517,0.658927857875824,25.333389282226562,0.16492675244808197,0.08693118393421173,0,0.07685568928718567,0,16.557971954345703,0.05806983634829521,0.24523039162158966,0.1864958256483078,0.45697221159935,0.09430839866399765,2.4144344329833984,16.557971954345703,0.9171350598335266,22.695661544799805,bowl
OSR025,Thickened sweetened milk (Rabri),open_source_recipes,431.745361328125,102.7945556640625,10.545642852783203,3.5154900550842285,5.349130153656006,10.092884063720703,0.19454897940158844,2657.925048828125,1843.5498046875,374.328857421875,0,111.86722564697266,101.91808319091797,14.99513053894043,23.91716194152832,125.85282897949219,0.291313111782074,0.07858637720346451,1.1548116207122803,0.0038592235650867224,0.07230101525783539,0.014617253094911575,0.42325976490974426,0,0.5460207462310791,0.09638320654630661,0,0.17599952220916748,0,7.4041595458984375,0.04307130351662636,0.10341556370258331,0.11371058970689774,0.3416031002998352,0.045058175921440125,1.9428201913833618,7.4041595458984375,1.8560830354690552,187.6180419921875,bowl
OSR026,Gram flour halwa (Besan halwa),open_source_recipes,1156.7247314453125,276.78826904296875,25.77559471130371,5.87522554397583,17.297237396240234,15.834343910217285,1.8171298503875732,9598.2177734375,4781.17724609375,1277.188232421875,33.1213493347168,77.42198181152344,98.94994354248047,20.441871643066406,15.396739959716797,128.25477600097656,0.6713399291038513,0.11798270791769028,1.5557819604873657,0.002473145956173539,0.3435124456882477,0.013912760652601719,0.5532398223876953,124.13773345947266,1.4033024311065674,0.2181539237499237,0,1.4776065349578857,0,34.74638366699219,0.1028638556599617,0.08868828415870667,0.37578195333480835,0.41622668504714966,0.09848225116729736,2.478593587875366,34.74638366699219,1.1164469718933105,372.8919372558594,piece
OSR027,Prawn sandwich,open_source_recipes,708.5986938476562,169.64527893066406,11.891688346862793,10.360613822937012,9.27368450164795,1.2107017040252686,1.5500438213348389,1229.4495849609375,5979.26513671875,1397.0460205078125,40.69736862182617,75.53267669677734,146.92462158203125,38.95451736450195,213.38223266601562,152.54824829101562,1.1096491813659668,0.2278377264738083,26.81041717529297,0.011603070423007011,0.33250001072883606,0.005043859593570232,0.9680043458938599,3.2456140518188477,2.713092088699341,0.08015350997447968,0.6469298601150513,7.729166507720947,162.82894897460938,22.365066528320312,0.06831140071153641,0.04081140458583832,1.3254605531692505,1.0695021152496338,0.11005263030529022,1.0028289556503296,22.365066528320312,5.515109539031982,219.47959899902344,sandwich
OSR028,Watercress sandwich,open_source_recipes,962.3949584960938,229.41746520996094,28.032331466674805,5.168360233306885,11.471363067626953,1.8124710321426392,2.2593533992767334,6517.52978515625,2611.82080078125,376.4701843261719,26.563508987426758,98.16351318359375,66.33209991455078,19.070669174194336,407.4378662109375,140.5450439453125,0.9885450005531311,0.09226328134536743,3.9662816524505615,0.0016628175508230925,0.3071131706237793,0.0009237875347025692,0.46766743063926697,119.47344207763672,0.33792147040367126,0.34919166564941406,0,15.562586784362793,0,22.42909812927246,0.13376443088054657,0.052655886858701706,0.9956119656562805,0.13487298786640167,0.06445727497339249,0.8221709132194519,22.42909812927246,4.1274824142456055,185.6004638671875,triangle
OSR029,Fish sandwich ,open_source_recipes,627.6375732421875,150.197021484375,10.088993072509766,4.7249064445495605,10.368215560913086,1.0428632497787476,1.228398084640503,1840.6865234375,5610.900390625,2397.345703125,8.40905475616455,47.282535552978516,68.68305206298828,16.125045776367188,161.8834991455078,103.86859130859375,0.6877026557922363,0.05240767449140549,5.125750541687012,0.001700719352811575,0.29662829637527466,0.002589927986264229,0.4043644964694977,7.698983192443848,1.337486743927002,0.050944842398166656,0.08718465268611908,2.531160593032837,0.14149640500545502,15.07483959197998,0.061227817088365555,0.02736211009323597,0.870963990688324,0.2809640169143677,0.07188969105482101,0.737539529800415,15.07483959197998,1.49126136302948,35.65580749511719,sandwich
OSR030,Kidney bean sandwich with cottage cheese,open_source_recipes,739.5565795898438,176.6407928466797,18.859739303588867,9.845356941223145,6.842348098754883,3.6881213188171387,3.65869140625,3175.760498046875,2410.175537109375,449.02264404296875,2.6657767295837402,166.62893676757812,177.14743041992188,43.63636016845703,97.97235870361328,296.7632141113281,1.6350972652435303,0.19659894704818726,11.12485122680664,0.03394756093621254,0.34086647629737854,0.00730064045637846,1.3192532062530518,11.989737510681152,0.15939007699489594,5.22790002822876,0,2.7038731575012207,0,89.19129943847656,0.09313406050205231,0.07506643235683441,0.714518666267395,0.4909997582435608,0.06923051178455353,5.584396839141846,89.19129943847656,2.2232978343963623,124.88621520996094,triangle
OSR031,Finger millet biscuit (Ragi biscuit),open_source_recipes,1907.8460693359375,458.5638427734375,52.69028854370117,4.028277397155762,25.79488754272461,16.903390884399414,5.967607021331787,15867.0478515625,6613.29052734375,1082.4998779296875,64.1898422241211,207.0447998046875,174.74046325683594,78.65648651123047,98.23632049560547,247.16661071777344,2.5441818237304688,0.36801859736442566,8.140338897705078,0.017271822318434715,1.744414210319519,0.001593096530996263,1.4131231307983398,288.70361328125,0.643504798412323,22.074636459350586,0,3.832207202911377,0,18.409358978271484,0.1966412216424942,0.11146365851163864,0.7130833268165588,0.1694258153438568,0.026750747114419937,0.5341387391090393,18.409358978271484,0,265.4922180175781,biscuit
OSR032,Buttermilk biscuit,open_source_recipes,1339.64404296875,322.54400634765625,34.92733383178711,5.761795520782471,17.50107765197754,3.4445247650146484,1.1813459396362305,10855.828125,4385.48193359375,697.4065551757812,45.411659240722656,67.1620101928711,184.45767211914062,17.224945068359375,323.74462890625,117.49479675292969,0.7698830962181091,0.0845804437994957,1.3226678371429443,0.0021401194389909506,0.2710849642753601,0.0025292320642620325,0.5667837858200073,202.82891845703125,0.40635383129119873,2.880600690841675,0.46472111344337463,1.9749839305877686,0,8.742776870727539,0.0810050442814827,0.10078655183315277,0.36175140738487244,0.4537465572357178,0.047111112624406815,0.2871651351451874,8.742776870727539,0,236.35903930664062,biscuit
OSR033,Lemon cookies,open_source_recipes,1643.42333984375,394.4773254394531,42.18605041503906,5.62749719619751,23.01546287536621,23.471981048583984,0.7844515442848206,14318.716796875,5857.1572265625,945.6453857421875,82.1629409790039,72.03833770751953,104.30511474609375,12.502236366271973,84.71309661865234,79.05431365966797,0.687742292881012,0.07603620737791061,2.1585729122161865,0.001277955248951912,0.16257721185684204,0.0013844515196979046,0.6362300515174866,283.5101013183594,0.5489882826805115,1.720127820968628,0.04472843185067177,2.044515371322632,0.7779552340507507,6.876464366912842,0.04647710546851158,0.08566559851169586,0.22891373932361603,0.2768402695655823,0.03701384365558624,1.1678380966186523,6.876464366912842,0.9616613388061523,244.65708923339844,cookie
OSR034,Sweet potato biscuit (Shakarkand ke biscuit),open_source_recipes,1232.2540283203125,296.397705078125,38.13307571411133,5.135400295257568,13.30837631225586,2.529298782348633,2.2693982124328613,8225.4951171875,3308.39697265625,600.1777954101562,33.83213806152344,56.340694427490234,234.2676544189453,19.302396774291992,339.5809020996094,183.69464111328125,0.8112369179725647,0.12260353565216064,0.5005521774291992,0.002575372578576207,0.3332633674144745,0.0017669795779511333,0.5177912712097168,151.6951904296875,0.3132081925868988,3.0457868576049805,0.17586968839168549,2.4431252479553223,0,11.72547721862793,0.08655714988708496,0.06950303912162781,0.5151242613792419,0.6066979765892029,0.07192711532115936,1.7855770587921143,11.72547721862793,5.270061016082764,2742.524169921875,biscuit
OSR035,Raspberry shortbread cookies,open_source_recipes,1842.711181640625,441.1209716796875,61.24797058105469,2.9960989952087402,21.251039505004883,40.861839294433594,0.7464867830276489,13357.9755859375,5370.6787109375,817.644775390625,54.357505798339844,13.811129570007324,37.23664855957031,9.208656311035156,6.063912391662598,51.52613830566406,0.6004216074943542,0.0759134292602539,0.013350196182727814,0.0014052839251235127,0.17012366652488708,0.00146149517968297,0.30064642429351807,244.4811553955078,0.4887015223503113,1.8158516883850098,0,2.1582913398742676,0,4.483277320861816,0.040893763303756714,0.03559865057468414,0.20888139307498932,0.21180438995361328,0.022147273644804955,0.23535694181919098,4.483277320861816,0.028246205300092697,230.82180786132812,cookie
OSR036,Pumpkin cookies ,open_source_recipes,920.7857055664062,218.39529418945312,44.69233703613281,2.5142292976379395,3.930473566055298,31.624347686767578,1.059875726699829,2299.420654296875,1009.540771484375,234.02487182617188,22.225452423095703,19.361125946044922,62.4442138671875,8.861656188964844,51.49332809448242,82.11830139160156,0.5216712355613708,0.08033022284507751,1.5592721700668335,0.001279941527172923,0.19650393724441528,0.002047906396910548,0.26736149191856384,47.00420379638672,0.25149935483932495,1.4873688220977783,0.030718594789505005,15.972799301147461,0.5342841148376465,9.130151748657227,0.0344574898481369,0.026247942820191383,0.2177034169435501,0.2160925269126892,0.034852441400289536,1.0775314569473267,9.130151748657227,1.4759553670883179,343.06414794921875,cookie
OSR037,Greenpea cookies,open_source_recipes,666.8995971679688,159.4171600341797,23.073965072631836,6.528696537017822,4.243386268615723,14.447065353393555,5.316641330718994,388.1629943847656,2295.019287109375,1200.3314208984375,0,48.44975280761719,218.07540893554688,45.08121109008789,229.8954315185547,241.33518981933594,1.4720286130905151,0.2859492599964142,1.08855140209198,0.0049189189448952675,0.5488826632499695,0.018457481637597084,1.0063282251358032,0,1.7240408658981323,6.459332466125488,0,22.78877830505371,0,37.23356628417969,0.1618407964706421,0.037603821605443954,0.959645688533783,0.5013991594314575,0.12481378018856049,2.667578935623169,37.23356628417969,22.149986267089844,1412.1697998046875,cookie
OSR038,Sunflower cookies,open_source_recipes,2178.56201171875,520.6232299804688,40.06427764892578,9.48983097076416,36.2818489074707,24.27962875366211,3.950791120529175,11029.3330078125,10688.6630859375,12653.904296875,26.378068923950195,70.45171356201172,300.41790771484375,135.07386779785156,181.68052673339844,210.5422821044922,2.206197500228882,0.910331666469574,14.96999454498291,0.0037315874360501766,0.8421822190284729,0.00654664495959878,2.382564067840576,118.6393814086914,7.494790077209473,1.7922531366348267,0,3.923513412475586,0,28.17915916442871,0.20973485708236694,0.06037643179297447,0.6409710645675659,0.44402074813842773,0.3029481768608093,0.8841243386268616,28.17915916442871,0,204.39498901367188,cookie
OSR039,Cardamom cookies (Elaichi cookies),open_source_recipes,1675.99365234375,400.4893493652344,53.99033737182617,5.09862756729126,19.119487762451172,38.99480438232422,2.786825180053711,11410.8740234375,5018.36572265625,977.1838989257812,111.20860290527344,25.206220626831055,114.41079711914062,34.42634963989258,98.4523696899414,111.45013427734375,1.4125525951385498,0.17649587988853455,20.078718185424805,0.0021957913413643837,0.8515279293060303,0.00160109787248075,0.9741445183753967,235.1930389404297,0.7251875400543213,3.3546934127807617,0.1537053883075714,1.918609380722046,2.6733760833740234,15.985910415649414,0.11132662743330002,0.08524245023727417,0.5880329608917236,0.48731017112731934,0.08929551392793655,3.57800555229187,15.985910415649414,0,219.87191772460938,cookie
OSR040,Hazelnut cookies,open_source_recipes,2049.1962890625,493.3157653808594,39.43731689453125,6.248396396636963,34.97259521484375,22.007579803466797,2.4542274475097656,12708.0478515625,17542.103515625,2441.331298828125,46.988338470458984,47.42662811279297,109.64334106445312,50.11817169189453,81.05500793457031,233.1652069091797,1.2919340133666992,0.3880757987499237,0.524781346321106,0.0011661808239296079,1.4326530694961548,0.0025267249438911676,0.7979592084884644,211.33721923828125,6.974295139312744,1.5696793794631958,0,1.8656948804855347,0,22.682214736938477,0.14781340956687927,0.07141885161399841,0.4682215750217438,0.57517009973526,0.1734693944454193,20.1210880279541,22.682214736938477,0,197.10009765625,cookie
OSR041,Milk cookies,open_source_recipes,1911.4295654296875,459.4341735839844,48.428184509277344,10.493767738342285,24.96055030822754,22.060625076293945,0.9948435425758362,15668.931640625,6339.11669921875,968.683349609375,67.9316635131836,251.5919952392578,270.3421630859375,32.60966110229492,156.52606201171875,385.416015625,0.7450913786888123,0.0726783499121666,4.556695938110352,0.0018022527219727635,0.22708384692668915,0.001301627024076879,1.1293866634368896,289.81475830078125,0.572533130645752,2.4258322715759277,0,2.5326356887817383,0,15.649561882019043,0.13009262084960938,0.3443129062652588,0.4660325348377228,0.9392615556716919,0.0937071293592453,0.8594242930412292,15.649561882019043,1.630037546157837,280.861083984375,cookie
OSR042,Cranberry cookies,open_source_recipes,1138.1776123046875,272.482421875,36.39063262939453,3.9216148853302,12.661157608032227,19.963930130004883,1.126891016960144,7645.9970703125,3271.85205078125,611.4454956054688,58.223419189453125,36.16096878051758,80.10492706298828,11.528775215148926,58.25324249267578,93.03984069824219,0.7105194926261902,0.07959084957838058,3.472947597503662,0.002724091522395611,0.17622610926628113,0.045868102461099625,0.4079946279525757,144.9259796142578,0.4356931447982788,1.6850606203079224,0.06783311069011688,1.83440101146698,1.1798115968704224,9.264710426330566,0.04976581409573555,0.05619380623102188,0.24242261052131653,0.3656635284423828,0.05043337866663933,1.935504674911499,9.264710426330566,2.972489833831787,216.26055908203125,cookie
OSR043,Olive biscuit,open_source_recipes,1829.898193359375,438.2898864746094,55.007240295410156,3.2033824920654297,23.7471981048584,32.26765441894531,0.816913366317749,12806.2197265625,6872.87451171875,981.7335815429688,48.634246826171875,10.756871223449707,38.114166259765625,9.540380477905273,120.10063171386719,53.319236755371094,1.3725157976150513,0.06810782104730606,0,0.0014799154596403241,0.18646934628486633,0.005496828816831112,0.313742071390152,218.73995971679688,0.5827695727348328,1.9919661283493042,0,3.626744270324707,0,4.809725284576416,0.04439746215939522,0.03374207019805908,0.2279069721698761,0.22452431917190552,0.023678647354245186,0.21733614802360535,4.809725284576416,0,218.73995971679688,biscuit
OSR045,Tutti fruitti biscuit,open_source_recipes,1749.344970703125,420.78216552734375,53.122352600097656,5.2059245109558105,17.898103713989258,15.752897262573242,5.434406280517578,10976.623046875,4437.9853515625,945.9668579101562,44.48114013671875,23.807544708251953,194.29254150390625,60.37074661254883,93.11205291748047,155.26678466796875,1.9620790481567383,0.23204968869686127,25.411590576171875,0.0028702851850539446,1.4264214038848877,0.004047838039696217,1.3976448774337769,200.0607147216797,0.5107175707817078,6.424654960632324,0,2.262925624847412,0,13.978288650512695,0.2009604424238205,0.08672492951154709,1.135326623916626,0.4267617464065552,0.11969088762998581,0.40533578395843506,13.978288650512695,0,262.8298034667969,biscuit
OSR046,Peach blueberry preserves,open_source_recipes,754.7050170898438,177.3811492919922,45.763973236083984,0.5251616835594177,0.20122897624969482,45.330078125,1.14139723777771,17.333763122558594,92.39456939697266,53.019535064697266,0,9.034929275512695,11.29456615447998,5.138551235198975,2.8080854415893555,129.46054077148438,0.3256145119667053,0.09072445333003998,0.26869338750839233,0.0024450193159282207,0.15254850685596466,0.04670116305351257,0.09961190074682236,0,0.1891591101884842,0.9740621447563171,0,1.7994825839996338,0,4.315459251403809,0.01645536907017231,0.015873221680521965,0.17567917704582214,0.10077619552612305,0.04260025918483734,0.8979301452636719,4.315459251403809,4.284993648529053,24.400840759277344,half-pints
OSR047,Pear preserves (Naashpati ka murabba),open_source_recipes,429.6300048828125,101.2390365600586,25.66578483581543,0.2510855495929718,0.1864270269870758,25.188047409057617,3.0575222969055176,52.90609359741211,16.55702781677246,70.00910949707031,0,6.570668697357178,4.899477481842041,5.641811847686768,2.099381685256958,74.27222442626953,0.23267194628715515,0.07760363817214966,0.010783609002828598,0.006142343860119581,0.0545986071228981,0,0.06802300363779068,0,0.20474478602409363,1.010074257850647,0,8.57880687713623,0,3.6789937019348145,0.013973160646855831,0.013757488690316677,0.08980110287666321,0.03541816398501396,0.061962615698575974,0.9623004794120789,3.6789937019348145,2.6256601810455322,63.03628158569336,half-pints
OSR048,Starfruit preserves ,open_source_recipes,549.1384887695312,128.9264678955078,33.62123107910156,0.24184615910053253,0.11723077297210693,33.46615219116211,0.7781538367271423,10.367076873779297,9.31015396118164,57.5076904296875,0,5.237846374511719,4.000923156738281,4.085230827331543,2.0627691745758057,49.723079681396484,0.20000000298023224,0.05630769208073616,0.20123077929019928,0.006369230803102255,0.016615385189652443,0.0015384615398943424,0.10184615850448608,0,0.11076923459768295,0.2658461630344391,0,0.5538461208343506,0,2.657538414001465,0.023538460955023766,0.005999999586492777,0.09876923263072968,0.07753846049308777,0.0189230777323246,0.035999998450279236,2.657538414001465,10.859999656677246,42.27692413330078,jar
OSR049,Gooseberry pickle (Amla ka achaar),open_source_recipes,1165.948486328125,278.5849609375,7.612276554107666,1.5463242530822754,27.60933494567871,0.35784897208213806,3.698528528213501,3118.620849609375,16017.1298828125,6009.61328125,0,31.173240661621094,47.48374938964844,22.995332717895508,86.38018798828125,199.18014526367188,1.0359247922897339,0.08542221784591675,2.820526599884033,0.0030435528606176376,0.6758207678794861,0.02598574012517929,0.2682175040245056,0,0.30620822310447693,1.776587963104248,0,4.250096797943115,0,8.959668159484863,0.05170861631631851,0.03807748481631279,0.3919113576412201,0.2089828997850418,0.08901555091142654,0.20726999640464783,8.959668159484863,20.836965560913086,136.86341857910156,jar
OSR050,Lotus stem pickle (Kamal kakdi ka achar),open_source_recipes,429.0166320800781,102.69074249267578,20.070594787597656,1.442939281463623,1.5996668338775635,2.5317747592926025,8.581247329711914,166.49427795410156,835.7973022460938,103.12532806396484,0,137.73069763183594,44.538143157958984,57.67972183227539,181.83148193359375,1026.9910888671875,20.57253074645996,0.41748523712158203,0,0.00011286796507192776,0.006320605985820293,0.0001694714155746624,0.00651854882016778,0,0.06443540751934052,0.07020387053489685,0,1.0907224416732788,0,0.4853322505950928,0.27996474504470825,0.4126039445400238,0.664081871509552,0.004966190550476313,0.006320605985820293,0.014221363700926304,0.4853322505950928,3.1403262615203857,30.40662956237793,jar
OSR051,Date pickle (Khajoor ka achaar),open_source_recipes,760.3075561523438,182.2870635986328,34.66094970703125,1.6772139072418213,4.205400466918945,30.473812103271484,5.2036542892456055,552.489013671875,848.14794921875,2605.001220703125,0,41.494598388671875,44.686641693115234,39.25402069091797,138.8616180419922,434.8882751464844,1.9598281383514404,0.19466756284236908,0.3621528744697571,0.010355494916439056,0.519547700881958,0.0006331976619549096,0.45599275827407837,0,1.8263680934906006,1.329425573348999,0,5.146766185760498,0,11.414671897888184,0.025979194790124893,0.04421528801321983,0.9784169793128967,0.29753053188323975,0.14107643067836761,0.4623066484928131,11.414671897888184,2.5056536197662354,2034.99365234375,small bowl
OSR052,Garlic pickle (Lahasun ka achar),open_source_recipes,1705.3182373046875,413.6179504394531,9.753618240356445,3.722050189971924,39.88408279418945,2.323113203048706,5.1255292892456055,5803.94677734375,14997.322265625,17239.783203125,0,54.661224365234375,69.93492889404297,33.55436325073242,269.1232604980469,311.082763671875,1.8194102048873901,0.1406768411397934,0.5917615294456482,0.005539906211197376,0.3505966365337372,0.08802817016839981,0.619270384311676,0,0.094464011490345,1.10233473777771,0,6.619161128997803,0,31.26097297668457,0.10211268067359924,0.13223199546337128,0.4867996871471405,0.5571244359016418,0.3233489692211151,1.3032903671264648,31.26097297668457,14.336103439331055,392.45361328125,jar
OSR053,Fermented bamboo shoot pickle (Mesu pickle),open_source_recipes,250.40367126464844,59.83161544799805,1.7324771881103516,1.5793578624725342,5.591376304626465,0.2855045795440674,2.2384402751922607,666.8406372070312,3010.482177734375,1274.42041015625,0,16.620458602905273,44.02935791015625,11.25302791595459,161.30789184570312,434.4110107421875,0.6922935843467712,0.15161468088626862,2.3703668117523193,0.0036972477100789547,0.4256880581378937,0,0.4417431056499481,0,0.0005504587315954268,0.39422017335891724,0,3.3933944702148438,0,16.981834411621094,0.06238532438874245,0.07785321027040482,0.4880733788013458,0.23528440296649933,0.17256879806518555,5.463669776916504,16.981834411621094,14.58687973022461,402.6282653808594,jar
OSR054,Sweet peach pickle (Aadoo ka achaar),open_source_recipes,614.939453125,144.63511657714844,37.009674072265625,0.4617391526699066,0.20428571105003357,36.46366500854492,1.315481424331665,19.076631546020508,103.24479675292969,39.708229064941406,0,11.988199234008789,10.552484512329102,5.642702102661133,33.03649139404297,150.2422332763672,0.33153727650642395,0.08187888562679291,0.3606366515159607,0.0031630434095859528,0.19213509559631348,0.038612835109233856,0.09034162014722824,0,0.011444099247455597,1.2467701435089111,0,2.515760660171509,0,3.5199689865112305,0.011537267826497555,0.010512422770261765,0.15093167126178741,0.0767235979437828,0.0503571443259716,0.7126708030700684,3.5199689865112305,3.0480589866638184,27.582996368408203,jar
OSR055,Pickled mustard greens ,open_source_recipes,54.90068054199219,13.12126350402832,1.0509024858474731,1.5091004371643066,0.22253121435642242,0.02102724276483059,1.695076584815979,61.41401672363281,12.34222412109375,140.2636260986328,0,81.4442367553711,30.729570388793945,22.625993728637695,242.35765075683594,173.9795684814453,1.2159448862075806,0.10337400436401367,3.43402099609375,0.01669750176370144,0.17575198411941528,0.000624290551058948,0.29145288467407227,0,0.24345630407333374,2.3192622661590576,0,81.95857238769531,0,46.86563491821289,0.03444381430745125,0.07732406258583069,0.2527866065502167,0.1111549437046051,0.06846197694540024,0.7243927121162415,46.86563491821289,25.675369262695312,2809.5732421875,jar
OSR056,Small onion pickle ,open_source_recipes,72.36255645751953,16.864784240722656,2.763744354248047,1.6471024751663208,0.6393759250640869,2.988409996032715,1.0858840942382812,99.04903411865234,100.16344451904297,346.5230407714844,0,31.946508407592773,48.73997116088867,9.184249877929688,249.4799346923828,214.90045166015625,1.2019315958023071,0.06858840584754944,0.9658246636390686,0,0.12734027206897736,0,0.4539375901222229,0,0.2303120344877243,0,0,3.2982170581817627,0,15.06389331817627,0.04420505091547966,0.07613670080900192,0.8300148844718933,0.13624072074890137,0.22526003420352936,0.668647825717926,15.06389331817627,17.267459869384766,556.0029296875,bowl
OSR057,Green tomato pickle (Haray tamatar ka achaar),open_source_recipes,796.26416015625,193.2611083984375,2.866100549697876,1.2349056005477905,19.672609329223633,0.7654402852058411,1.737044095993042,2348.2060546875,4183.0927734375,12197.6416015625,0,14.221697807312012,29.44025230407715,16.007862091064453,159.17544555664062,205.62579345703125,0.7733961939811707,0.06566037982702255,7.40500020980835,0.022827044129371643,0.1836792528629303,0.025157231837511063,0.212138369679451,0,9.620817184448242,1.3233647346496582,0,14.654088020324707,0,11.248050689697266,0.07157232612371445,0.04940251633524895,0.48726412653923035,0.2478930801153183,0.0716666653752327,3.747044086456299,11.248050689697266,12.907233238220215,550.9653930664062,jar
OSR058,Pickled cabbage ,open_source_recipes,57.580196380615234,13.693668365478516,2.5610013008117676,0.3908402919769287,0.1364942342042923,2.0804150104522705,0.6094923615455627,18.28833770751953,63.73981475830078,43.50961685180664,0,15.956707954406738,9.563539505004883,6.134599685668945,121.38723754882812,58.165645599365234,0.18612784147262573,0.014858506619930267,0.37037554383277893,0.0008677626610733569,0.11692619323730469,0.004097768105566502,0.06488212943077087,0,0.01230053510516882,0.10823892056941986,0,22.019813537597656,0,9.085429191589355,0.008341609500348568,0.012370920740067959,0.09786433726549149,0.04789326339960098,0.027377909049391747,0.2752229571342468,9.085429191589355,6.412765979766846,72.51241302490234,jar
OSR059,Coconut pickle (Nariyal ka aachar),open_source_recipes,2138.838134765625,517.2561645507812,11.533623695373535,3.022852897644043,51.71007537841797,8.979310989379883,6.3491902351379395,41538.17578125,3469.479736328125,1322.3397216796875,0,44.78340530395508,64.59794616699219,32.21092224121094,176.54254150390625,342.2707214355469,2.615386724472046,0.2390894740819931,1.7535663843154907,0.006065914407372475,0.5088781118392944,0.2542312443256378,0.5481532216072083,0,1.1111934185028076,2.700824737548828,0,17.17333984375,0,19.85409164428711,0.057369135320186615,0.08800043165683746,0.7754809260368347,0.19669999182224274,0.19452759623527527,0.4488009810447693,19.85409164428711,6.103242874145508,1245.3026123046875,jar
OSR060,Potato pickle (Aloo ka achaar),open_source_recipes,1522.11328125,369.1396789550781,7.865382671356201,2.073549270629883,36.45631790161133,0.8196935653686523,2.2119264602661133,5378.26806640625,7666.103515625,21623.947265625,0,48.46245574951172,59.241363525390625,34.803443908691406,213.73326110839844,311.2278137207031,1.1245137453079224,0.143258735537529,0.5311084389686584,0.003090860787779093,0.22340527176856995,0.0341060496866703,0.4379323124885559,0,16.216230392456055,1.7620782852172852,0,9.548158645629883,0,17.391313552856445,0.08056754618883133,0.03458033502101898,0.7153663635253906,0.31692245602607727,0.1302664577960968,1.2644524574279785,17.391313552856445,21.61501693725586,454.0948486328125,bowl
OSR061,Mango murabba candy,open_source_recipes,1249.5316162109375,293.3459777832031,77.317138671875,0.2681578993797302,0.05298245698213577,74.73062896728516,0.9523683786392212,10.086316108703613,5.803947448730469,10.7674560546875,0,16.549121856689453,6.362807273864746,7.638772010803223,13.706613540649414,56.543861389160156,0.32519298791885376,0.11184210330247879,0.04108772054314613,0.003631578991189599,0.2994912266731262,0.0011403508251532912,0.10942105203866959,0,0.26612281799316406,2.376561403274536,0,4.198105335235596,0,7.495789051055908,0.006210526451468468,0.006035087630152702,0.07922806590795517,0.03857894614338875,0.03815789520740509,0.42549121379852295,7.495789051055908,26.12210464477539,150.94210815429688,candy
OSR062,Afghani chicken,open_source_recipes,633.3399047851562,151.51295471191406,1.9462581872940063,15.663017272949219,9.069842338562012,0.8278524279594421,0.3076152801513672,1241.5748291015625,1919.9954833984375,1188.4488525390625,42.14097595214844,35.13599395751953,151.77354431152344,28.355836868286133,87.01526641845703,259.0368957519531,1.039249062538147,0.266903817653656,12.86548137664795,0.0008405796834267676,0.1390513777732849,0.009881422854959965,0.7850856781005859,10.632411003112793,0.7829512357711792,0.24924901127815247,0.9090909361839294,6.327601909637451,18.313570022583008,10.814373970031738,0.09584980458021164,0.07109354436397552,5.400935173034668,0.8613965511322021,0.3715810477733612,3.1550724506378174,10.814373970031738,1.8641633987426758,213.36273193359375,plate
OSR063,Fish orly,open_source_recipes,2321.86279296875,563.699951171875,4.266434192657471,5.872488498687744,58.18387222290039,0.23744331300258636,0.32677438855171204,7575.9755859375,11930.0712890625,36197.390625,11.780045509338379,9.552499771118164,90.11827850341797,11.850680351257324,136.36878967285156,94.42857360839844,0.31338435411453247,0.03222222253680229,8.363105773925781,0.0034376417752355337,0.05681972950696945,0.005328798200935125,0.22399093210697174,8.591270446777344,28.26458740234375,0.2660544216632843,0.17290249466896057,3.8958332538604736,0.2806122303009033,4.362987518310547,0.02240929752588272,0.016626983880996704,0.465221107006073,0.36000001430511475,0.053639452904462814,0.08702947944402695,4.362987518310547,0.4585714340209961,130.4314422607422,fillet
OSR064,Hariyali Fish Tikka,open_source_recipes,625.1104125976562,150.23699951171875,2.205204486846924,14.00955867767334,9.405717849731445,0.8348767757415771,0.9890422821044922,5255.1435546875,2264.0244140625,986.0234985351562,43.27639389038086,34.8580207824707,162.55604553222656,33.88432693481445,100.44985961914062,257.7369079589844,0.8327639102935791,0.07719826698303223,20.916311264038086,0.011472976766526699,0.1650742143392563,0.02268272265791893,0.49777233600616455,74.09129333496094,1.2642803192138672,0.8131923675537109,0.42705124616622925,15.008864402770996,0.6930831670761108,15.001148223876953,0.05127135291695595,0.039263512939214706,1.0850714445114136,0.858406662940979,0.12847381830215454,0.5732231736183167,15.001148223876953,6.224921703338623,934.2225952148438,kebab
OSR065,Chicken manchurian,open_source_recipes,592.2630615234375,142.33798217773438,6.062744617462158,9.533809661865234,11.958362579345703,0.8952563405036926,0.4115220010280609,1218.859375,1867.14599609375,4472.8046875,37.87580490112305,26.5181827545166,96.12959289550781,16.570350646972656,2414.770751953125,179.8415985107422,1.2809741497039795,0.10924029350280762,7.510675430297852,0.00037816778058186173,0.10710080713033676,0.004834611434489489,0.5310943126678467,13.087180137634277,3.5412580966949463,0.262501060962677,0.4351150095462799,1.0054761171340942,8.63540267944336,10.341300964355469,0.04296654090285301,0.038934025913476944,2.4216132164001465,0.45754244923591614,0.18098604679107666,2.3299195766448975,10.341300964355469,2.3326289653778076,67.0052490234375,plate
OSR066,Handi chicken,open_source_recipes,694.8668212890625,166.0196533203125,1.494889497756958,12.322555541992188,12.46326732635498,0.7543935179710388,0.6710296273231506,1400.0849609375,4941.91748046875,1790.944091796875,33.71428680419922,26.847999572753906,110.99687194824219,18.146888732910156,75.64471435546875,214.6663055419922,0.9295741319656372,0.170404314994812,10.234103202819824,0.0017822101945057511,0.2340269535779953,0.012183288112282753,0.5398706197738647,5.1105122566223145,0.1840539127588272,0.2947385609149933,0.7439353466033936,1.7406576871871948,14.986522674560547,8.82337474822998,0.06243665888905525,0.05119137465953827,4.424560546875,0.671191394329071,0.30479785799980164,2.5293798446655273,8.82337474822998,0.6356441974639893,124.11747741699219,plate
OSR067,Lemon chicken,open_source_recipes,709.573486328125,169.78912353515625,0.5507365465164185,20.198272705078125,9.655328750610352,0.16213208436965942,0.15967752039432526,1589.375244140625,1248.1212158203125,404.4769287109375,60.15345001220703,17.40350914001465,165.74423217773438,19.908985137939453,79.93492126464844,282.82989501953125,0.9527081251144409,0.25470906496047974,17.162490844726562,0.0001733984681777656,0.038578614592552185,0.0018029020866379142,0.738136351108551,21.467050552368164,0.30215883255004883,0.04926604405045509,1.2736979722976685,0.4003373086452484,25.658554077148438,10.889552116394043,0.0956980437040329,0.058355577290058136,7.453714847564697,1.071356177330017,0.49417227506637573,3.8908889293670654,10.889552116394043,3.1197385787963867,20.44287872314453,plate
OSR068,Lemon butter fish,open_source_recipes,666.7168579101562,160.2456817626953,0.753724992275238,16.383150100708008,10.258563041687012,0.22830000519752502,0.3618749976158142,5160.7783203125,3187.702392578125,1093.0863037109375,46.10912322998047,18.659000396728516,183.74453735351562,29.566699981689453,187.72430419921875,240.3368682861328,0.4013875126838684,0.051385000348091125,25.09676170349121,0.009437499567866325,0.03837500140070915,0.004749999847263098,0.49746251106262207,74.26225280761719,1.2576311826705933,0.04597499966621399,0.5184999704360962,2.3739373683929443,0.8414999842643738,9.548362731933594,0.04756750166416168,0.03488124907016754,1.214764952659607,0.9665937423706055,0.12644250690937042,0.04816250130534172,9.548362731933594,4.35099983215332,126.14875030517578,piece
OSR069,Baked eggs in tomato sauce,open_source_recipes,335.8999938964844,80.04957580566406,3.7764370441436768,4.919628143310547,5.224381923675537,2.0262110233306885,0.008331658318638802,1440.993408203125,2049.81494140625,1073.63720703125,77.26130676269531,71.93643188476562,77.3758773803711,20.546733856201172,188.20706176757812,321.52386474609375,1.3108818531036377,0.03836432099342346,9.345258712768555,1.7085427316487767e-05,0.3805276155471802,0.001105527626350522,0.5272462368011475,49.40201187133789,1.5989623069763184,0.006452261004596949,0.16884422302246094,263.4079284667969,2.936683416366577,63.896453857421875,0.08647236227989197,0.08359044790267944,0.887650728225708,0.4147990047931671,0.19368593394756317,4.321479797363281,63.896453857421875,49.38693618774414,1750.431884765625,plate
OSR070,Egg in a pepper,open_source_recipes,538.8316040039062,128.78076171875,0.17254295945167542,12.642990112304688,8.67584228515625,0.04848797619342804,0.1698625385761261,2800.937744140625,3292.8564453125,1101.6942138671875,345.87628173828125,48.2470817565918,176.66546630859375,12.825773239135742,183.8918914794922,144.6666717529297,1.760498285293579,0.07292096316814423,38.25486373901367,0.0005292096175253391,0.044158075004816055,0.0037800688296556473,1.182199239730835,187.1134033203125,1.4389519691467285,0.07092783600091934,0.7938144207000732,1.7587629556655884,13.80670166015625,49.869571685791016,0.061958763748407364,0.1812542825937271,0.13943299651145935,1.40257728099823,0.1640377938747406,17.525068283081055,49.869571685791016,5.773195743560791,288.4518737792969,egg
OSR071,Spinach mushroom scrambled egg (Palak mushroom bhurji),open_source_recipes,663.8750610351562,158.8451690673828,0.5877930521965027,13.27927017211914,11.5103178024292,0.1048518642783165,0.39452123641967773,5247.6640625,3825.724609375,1016.1880493164062,276.55645751953125,140.31375122070312,205.7475128173828,19.407686233520508,227.9697723388672,180.7565460205078,1.602097511291504,0.07288965582847595,31.186357498168945,0.0025375697296112776,0.10581794381141663,0.01373980287462473,1.3473292589187622,188.9051055908203,1.2357299327850342,1.4024730920791626,0.6703305840492249,22.352296829223633,10.538771629333496,46.58112716674805,0.05675826594233513,0.18812580406665802,0.1665714830160141,1.1654658317565918,0.1427028775215149,14.041367530822754,46.58112716674805,1.950193166732788,734.2282104492188,plate
OSR072,Corn omelette/omlet,open_source_recipes,695.2380981445312,166.92759704589844,1.5704118013381958,11.371248245239258,12.89288330078125,0.4089575409889221,0.021338481456041336,6129.15966796875,4076.527099609375,1093.549560546875,253.35520935058594,96.22457885742188,180.05470275878906,17.36164665222168,166.41575622558594,145.924072265625,1.335141658782959,0.05669240653514862,26.540624618530273,4.375804201117717e-05,0.05756756663322449,0.0028314029332250357,1.2197812795639038,201.48519897460938,1.161589503288269,0.01652509719133377,0.5405405163764954,0.8425997495651245,9.401544570922852,42.03596496582031,0.0710553452372551,0.1679343581199646,0.4343951344490051,1.127091407775879,0.11960746347904205,12.122451782226562,42.03596496582031,1.4929215908050537,131.95687866210938,omelette
OSR073,Cajun chicken,open_source_recipes,768.1067504882812,184.9423065185547,1.9431791305541992,12.691536903381348,13.98684310913086,1.0968283414840698,0.887738823890686,5143.7158203125,5138.322265625,728.5022583007812,39.32089614868164,156.98387145996094,168.96693420410156,18.925439834594727,1740.131103515625,181.54776000976562,0.5257910490036011,0.12858955562114716,7.4045820236206055,0.0033291045110672712,0.0972985103726387,0.003432835917919874,1.1726044416427612,73.99880981445312,0.4414626955986023,0.2829402983188629,0.45313432812690735,10.072178840637207,9.128357887268066,26.598127365112305,0.06148507446050644,0.10483582317829132,2.85394024848938,0.5724925398826599,0.2622761130332947,3.7297909259796143,26.598127365112305,27.129104614257812,662.4059448242188,chicken breast
OSR074,Paaner do pyaza,open_source_recipes,529.4881591796875,127.70478057861328,3.4062819480895996,4.215830326080322,10.870146751403809,2.1970484256744385,0.8370941281318665,3612.60107421875,2916.576171875,3483.960693359375,15.067852973937988,57.22175979614258,82.35702514648438,17.053680419921875,160.66384887695312,135.2407989501953,0.4503200054168701,0.07422889024019241,1.810123324394226,0.0016446479130536318,0.16757065057754517,0.01351312454789877,0.42963340878486633,49.841148376464844,2.6843976974487305,1.1397792100906372,0,4.138416290283203,0,15.368463516235352,0.04378051310777664,0.09929588437080383,0.2689361870288849,0.19897371530532837,0.0639435350894928,2.4271042346954346,15.368463516235352,7.249532222747803,623.0477294921875,bowl
OSR075,Cabbage manchurian (Pattagobhi manchurian),open_source_recipes,924.15869140625,224.2626190185547,4.848986625671387,0.6360360383987427,22.484838485717773,0.3337308466434479,0.37194082140922546,2726.4970703125,4623.9931640625,14190.72265625,0.18008607625961304,3.18257737159729,8.860742568969727,3.4972450733184814,75.01637268066406,34.44219207763672,0.1986907720565796,0.015218758955597878,0.048381250351667404,0.0008240424212999642,0.06738191097974777,0.0018909038044512272,0.0732026919722557,0.46822378039360046,11.02568531036377,0.3764978349208832,0,2.616645336151123,0,4.084677219390869,0.011890813708305359,0.007882772944867611,0.1015380248427391,0.06875276565551758,0.016833320260047913,0.23562967777252197,4.084677219390869,3.8340580463409424,70.43030548095703,bowl
OSR076,Gobi 65,open_source_recipes,1145.979248046875,278.29315185546875,3.5923678874969482,0.5613018274307251,29.109731674194336,0.28911104798316956,0.570992648601532,3545.370849609375,5967.11962890625,18366.84375,0.28861626982688904,12.373939514160156,13.111870765686035,5.753717422485352,69.21685791015625,56.39155197143555,0.3034687042236328,0.020633848384022713,0.20648081600666046,0.0015552977565675974,0.10738711804151535,0.008804254233837128,0.07703699171543121,0.7346595525741577,14.254143714904785,0.5513303279876709,0,7.4988298416137695,0,4.391320705413818,0.010509480722248554,0.018467068672180176,0.1234997808933258,0.06362694501876831,0.024522703140974045,0.2767699360847473,4.391320705413818,3.209543466567993,614.007568359375,plate
OSR077,Paneer lababdar,open_source_recipes,437.86993408203125,105.47611999511719,3.3675763607025146,3.983811855316162,8.464692115783691,1.9636380672454834,1.1574817895889282,1898.12744140625,2330.03955078125,3654.593017578125,7.193209648132324,55.55999755859375,77.52347564697266,19.625171661376953,142.450927734375,145.4969482421875,0.5608844757080078,0.08455134183168411,1.6851552724838257,0.0021601731423288584,0.1894560605287552,0.01817920245230198,0.42000812292099,20.925701141357422,2.757303476333618,2.641984224319458,0,11.571260452270508,0,14.805890083312988,0.04605249688029289,0.09008017182350159,0.2690149247646332,0.21218843758106232,0.05739462003111839,2.255514621734619,14.805890083312988,7.187591552734375,1467.8778076171875,bowl
OSR078,Roasted cauliflower steak,open_source_recipes,325.0861511230469,78.6754150390625,2.0246100425720215,2.0476601123809814,6.697648525238037,0.44335272908210754,3.532386541366577,1009.6716918945312,4613.259765625,719.6181640625,0,24.473806381225586,44.67287826538086,22.199068069458008,120.18994140625,311.6554260253906,0.9521769285202026,0.05165308713912964,0.4717811346054077,0.006677532102912664,0.23282887041568756,0.005587893072515726,0.2948544919490814,0,0.34222349524497986,1.289126992225647,0,17.358556747436523,0,42.844913482666016,0.03739231452345848,0.0655413269996643,0.2915017604827881,0.5781140923500061,0.1228521466255188,2.3084750175476074,42.844913482666016,43.9022102355957,52.17927932739258,cauliflower steak
OSR079,Sauteed radishes with green beans,open_source_recipes,392.9405822753906,94.32460021972656,6.036933898925781,2.4131810665130615,6.608610153198242,1.777389645576477,3.5188987255096436,2151.314208984375,2106.93359375,1969.882080078125,7.442732810974121,40.19813919067383,82.0455551147461,45.131099700927734,65.09905242919922,323.3262634277344,1.0129804611206055,0.13688234984874725,0.804907500743866,0.0033873431384563446,0.7691264748573303,0.015271127223968506,0.5933557748794556,33.474830627441406,0.4145424962043762,1.1419529914855957,0,13.134547233581543,0,47.50996017456055,0.061669472604990005,0.04356930032372475,0.7987886667251587,0.24141322076320648,0.2864721119403839,5.5749993324279785,47.50996017456055,6.78514289855957,893.8308715820312,plate
OSR080,Garlic chutney/Poondu chutney (Lahasun ki chutney),open_source_recipes,1059.365966796875,255.508056640625,20.43686294555664,3.336231231689453,17.551773071289062,13.359962463378906,5.146976470947266,2120.543701171875,3622.9951171875,10862.431640625,0,63.50837707519531,90.71646118164062,50.96840286254883,177.62100219726562,541.628173828125,3.2643375396728516,0.24344110488891602,3.8501553535461426,0.027519840747117996,0.3873189091682434,0.08020155131816864,0.5792420506477356,0,8.359319686889648,9.49007511138916,0,34.41856002807617,0,21.19032096862793,0.1572706252336502,0.14828678965568542,1.4257442951202393,0.239703968167305,0.19567708671092987,0.7925593256950378,21.19032096862793,7.183465957641602,11518.0205078125,small bowl
OSR081,Schezwan chutney,open_source_recipes,849.30517578125,205.1857452392578,10.791571617126465,3.3259973526000977,17.722034454345703,5.656063556671143,5.7224040031433105,2304.13427734375,3690.84326171875,10902.802734375,0.7926023602485657,35.46422576904297,66.207763671875,35.172733306884766,486.26708984375,412.3051452636719,1.9589035511016846,0.16216644644737244,1.423976182937622,0.008982826955616474,0.5305415987968445,0.004755614325404167,0.597780704498291,2.0607662200927734,8.016366958618164,2.256169080734253,0,28.498811721801758,0,21.01422691345215,0.09495376795530319,0.16453103721141815,1.466010570526123,0.40076619386672974,0.3289167582988739,0.6846631765365601,21.01422691345215,3.482377767562866,8013.81298828125,box
OSR083,Onion chutney (Pyaaz ki chutney/Vengaya chutney),open_source_recipes,597.2565307617188,143.93809509277344,13.519841194152832,2.9694440364837646,8.380476951599121,6.804988384246826,4.601819038391113,1053.947509765625,1665.2652587890625,5194.26025390625,0,28.504121780395508,60.17207336425781,37.83118438720703,256.89276123046875,342.6870422363281,1.186147689819336,0.1811993569135666,3.100738763809204,0.011263701133430004,0.40654486417770386,0.11755361407995224,0.5334312915802002,0,3.8673393726348877,2.744900703430176,0,21.855281829833984,0,32.46260452270508,0.0800953134894371,0.06980936974287033,0.8047974705696106,0.36979350447654724,0.1325734704732895,2.141207218170166,32.46260452270508,5.38938045501709,6574.51416015625,cup
OSR085,Dates chutney (Khajoor ki chutney),open_source_recipes,432.8609313964844,103.57244110107422,21.691532135009766,1.068406581878662,1.1223781108856201,18.67667007446289,3.411778450012207,147.90484619140625,243.2647705078125,628.9496459960938,0,28.71625328063965,29.427547454833984,29.1562557220459,76.76814270019531,288.0599365234375,1.186487078666687,0.12838608026504517,0.6637944579124451,0.009603229351341724,0.29239851236343384,0.0060645113699138165,0.2644043564796448,0,0.4144274592399597,1.354352355003357,0,8.139749526977539,0,6.544365882873535,0.022464465349912643,0.02768411487340927,0.5846385955810547,0.156343474984169,0.05123981460928917,0.25786909461021423,6.544365882873535,1.2920061349868774,3224.312744140625,small bowl
OSR086,Chicken salad,open_source_recipes,1404.729736328125,338.1940612792969,1.3028947114944458,15.32790470123291,30.256547927856445,0.9619534611701965,1.9957489967346191,2360.32568359375,16255.1572265625,6574.88330078125,47.62348175048828,43.194149017333984,168.54490661621094,58.53348159790039,50.617408752441406,284.4595031738281,1.232914924621582,0.31617408990859985,11.178157806396484,0.0015485830372199416,0.39542511105537415,0.012955465354025364,0.9808299541473389,21.3133602142334,8.832459449768066,0.3186943233013153,0.7821862697601318,2.3337855339050293,15.757083892822266,14.371750831604004,0.08069837838411331,0.09567813575267792,5.125809669494629,0.8092814087867737,0.33672064542770386,2.9651012420654297,14.371750831604004,1.9927327632904053,90.42715454101562,bowl
OSR087,Macaroni salad,open_source_recipes,1095.9395751953125,262.1925964355469,21.628450393676758,5.015699863433838,17.782337188720703,3.726341485977173,0.555027186870575,3228.33984375,9044.052734375,3857.98193359375,58.63699722290039,35.699344635009766,84.28890991210938,18.715330123901367,163.98910522460938,147.09056091308594,0.7737671136856079,0.10689521580934525,10.208654403686523,0.001514618401415646,0.24003364145755768,0.0035187581088393927,0.5730608105659485,56.35187530517578,4.096802234649658,0.14134539663791656,0.08693402260541916,4.611425399780273,1.5120309591293335,21.540952682495117,0.06418111175298691,0.0819922387599945,0.9164708852767944,0.41623803973197937,0.10586028546094894,3.0211358070373535,21.540952682495117,13.754121780395508,470.63861083984375,cup
OSR088,Cabbage raita (Pattagobhi raita),open_source_recipes,355.75555419921875,84.83695983886719,5.247120380401611,3.2444281578063965,5.759586334228516,4.214109420776367,0.9255675077438354,3166.760009765625,1411.48779296875,254.90609741210938,16.261037826538086,118.48995208740234,93.87271881103516,15.547453880310059,125.31304931640625,210.1320343017578,0.1890157163143158,0.018684040755033493,1.914710283279419,0.001844712533056736,0.06789576262235641,0.0008615119731985033,0.3936915695667267,35.10661315917969,0.14449924230575562,0.08994831144809723,0,36.96595764160156,0,23.146133422851562,0.03790006414055824,0.15456171333789825,0.1788434237241745,0.2845703363418579,0.09029506891965866,1.5558453798294067,23.146133422851562,12.187230110168457,136.86215209960938,bowl
OSR089,Pomegranate raita (Anaar ka raita),open_source_recipes,304.9947814941406,72.6445083618164,7.151958465576172,4.047695159912109,3.238284111022949,7.012253284454346,0.5999307036399841,1952.974853515625,871.8533325195312,141.28099060058594,4.670710563659668,138.3094482421875,118.15390014648438,14.726672172546387,195.18321228027344,208.12132263183594,0.24826689064502716,0.037798959761857986,1.3342461585998535,0.003389948047697544,0.03694973886013031,0.005199306644499302,0.484315425157547,11.889081001281738,0.11984401941299438,16.45598030090332,0,3.4088387489318848,0,16.538421630859375,0.048769496381282806,0.16538994014263153,0.19353552162647247,0.4205199182033539,0.11077989637851715,2.020103931427002,16.538421630859375,3.1913864612579346,161.85678100585938,bowl
OSR090,Onion raita (Pyaaz ka raita),open_source_recipes,301.32586669921875,71.55741119384766,7.862971305847168,4.8553996086120605,2.4252395629882812,7.069936275482178,0.6479872465133667,1513.982421875,625.8895263671875,115.7188491821289,8.610223770141602,163.7955322265625,141.30967712402344,20.552268981933594,189.96485900878906,269.8753967285156,0.3047923445701599,0.027987219393253326,1.6314697265625,0.001376996748149395,0.06875399500131607,0.005111820995807648,0.6279872059822083,21.916933059692383,0.0660383403301239,0.29536741971969604,0,7.45942497253418,0,20.530574798583984,0.058242812752723694,0.21757188439369202,0.2556230127811432,0.4604153335094452,0.10744409263134003,2.5654633045196533,20.530574798583984,5.390702724456787,382.51116943359375,bowl
OSR091,Green chilli raita (Hari mirch ka raita),open_source_recipes,325.06475830078125,77.12936401367188,7.6609368324279785,5.578923225402832,2.9244089126586914,7.493175983428955,0.2587241530418396,1836.5458984375,762.5453491210938,127.08895874023438,10.515021324157715,193.58226013183594,165.24554443359375,20.124046325683594,161.3138885498047,286.9364013671875,0.21014435589313507,0.008837300352752209,1.91533362865448,0.000419430376496166,0.019875146448612213,0.0031213422771543264,0.691771388053894,26.7655086517334,0.06012875586748123,0.12841592729091644,0,2.965446710586548,0,18.35532569885254,0.06145922839641571,0.2638821601867676,0.24833008646965027,0.4917323589324951,0.11023800075054169,2.5383105278015137,18.35532569885254,4.190484046936035,206.14942932128906,bowl
OSR092,Kale salad,open_source_recipes,737.5276489257812,177.7139434814453,5.0063252449035645,4.855113506317139,15.32857894897461,3.3063366413116455,1.3593477010726929,2990.1474609375,8729.318359375,2235.258056640625,6.115317344665527,109.10552978515625,97.055908203125,32.19906997680664,292.03558349609375,336.765869140625,1.2951310873031616,0.10234712064266205,2.2983458042144775,0.0018281886586919427,0.47747817635536194,0.20780430734157562,0.4781246483325958,19.219568252563477,3.9129064083099365,0.49442049860954285,0,307.0127258300781,0,65.96043395996094,0.12404192984104156,0.06731508672237396,0.6175538897514343,0.1440768837928772,0.21319743990898132,1.5433546304702759,65.96043395996094,56.82096862792969,1605.041259765625,bowl
OSR093,Spinach and paneer souffle ,open_source_recipes,779.4281616210938,186.19473266601562,9.640643119812012,7.561341285705566,13.49350357055664,2.805609703063965,1.068436861038208,7830.509765625,3744.271728515625,624.8079223632812,76.02106475830078,114.31575775146484,118.65365600585938,21.00239372253418,434.6849670410156,197.9002227783203,1.4049888849258423,0.06831485778093338,7.315421104431152,0.0027749445289373398,0.22330376505851746,0.00953436829149723,0.6518070697784424,145.35032653808594,0.5915632247924805,0.2210753858089447,0.09312638640403748,23.103103637695312,1.6197339296340942,29.69999885559082,0.07064301520586014,0.17004434764385223,0.6532372236251831,0.32323724031448364,0.08568736165761948,3.7959423065185547,29.69999885559082,2.4002106189727783,825.9305419921875,souffle dish
OSR094,Masala souffle ,open_source_recipes,514.2320556640625,123.5146484375,8.020496368408203,6.383276462554932,7.365000247955322,1.836639165878296,1.2420134544372559,3947.26025390625,2134.54296875,484.167724609375,86.45413970947266,103.67826843261719,119.81129455566406,18.300167083740234,131.14108276367188,274.7549133300781,0.7415933609008789,0.06884795427322388,9.245153427124023,0.0016721539432182908,0.13251923024654388,0.003569840919226408,0.8157001733779907,89.79429626464844,0.9897223711013794,0.225189208984375,0.1697358340024948,5.153990268707275,2.952191114425659,24.504810333251953,0.049995556473731995,0.10920776426792145,0.6127849221229553,0.5844593048095703,0.15675440430641174,4.942906856536865,24.504810333251953,25.773061752319336,442.74591064453125,souffle dish
OSR095,Chicken and cheese souffle,open_source_recipes,758.1141967773438,182.354248046875,3.4660613536834717,9.068145751953125,14.738247871398926,2.4645779132843018,0.2564961612224579,7728.66015625,3679.39794921875,638.333740234375,89.24488830566406,61.70907974243164,115.1052474975586,12.246969223022461,120.93128204345703,160.39129638671875,0.6346547603607178,0.09810741990804672,10.225102424621582,0.0015895140822976828,0.04444373399019241,0.004475703462958336,0.5551151037216187,145.9097137451172,0.5781458020210266,0.14909206330776215,0.4427109956741333,1.1406649351119995,8.622761726379395,14.718337059020996,0.049718670547008514,0.1086764708161354,2.114245653152466,0.629002571105957,0.17594628036022186,4.381777286529541,14.718337059020996,1.2273657321929932,154.22633361816406,souffle dish
OSR096,Tamarind chutney (Chintapandu pachadi/Puli chutney),open_source_recipes,456.5388488769531,109.14761352539062,25.06587791442871,0.8776803612709045,0.4835139811038971,22.84941291809082,1.6482878923416138,198.94761657714844,142.17742919921875,81.25578308105469,0.6793234348297119,40.29506301879883,30.360708236694336,32.90985870361328,75.60948944091797,235.5964813232422,1.9465101957321167,0.098536416888237,0.27228859066963196,0.009495684877038002,0.29304108023643494,0.015878494828939438,0.22499136626720428,2.5460822582244873,0.03717293590307236,2.4774768352508545,0,1.206737995147705,0,4.901125431060791,0.03979979082942009,0.015522954985499382,0.3570900857448578,0.10396962612867355,0.1295892298221588,0.223441481590271,4.901125431060791,0.8071383833885193,453.73211669921875,ml
OSR097,Pav bhaji masala,open_source_recipes,964.6375122070312,230.46640014648438,29.148942947387695,9.129295349121094,10.964405059814453,1.4812334775924683,24.304845809936523,1026.1717529296875,4773.466796875,2027.017578125,0,588.9103393554688,237.5691680908203,269.4361267089844,1814.6640625,1258.1541748046875,12.843436241149902,0.9282379150390625,4.601365566253662,0.05448898673057556,9.001982688903809,0.1242290735244751,2.599163055419922,0,0.8943612575531006,14.084978103637695,0,76.2871322631836,0,18.836299896240234,0.2514978051185608,0.16400881111621857,2.75022029876709,0.2173127681016922,0.18114537000656128,1.2453744411468506,18.836299896240234,5.488986492156982,4355.876953125,gm
OSR098,Green chutney,open_source_recipes,332.2904968261719,79.41742706298828,10.008160591125488,5.423238754272461,1.6046245098114014,0.918391227722168,5.836636066436768,230.48977661132812,302.703369140625,691.2659301757812,0,112.7441635131836,91.29117584228516,73.92560577392578,262.80963134765625,508.9608459472656,4.577754020690918,0.29499948024749756,8.40152645111084,0.02630341239273548,1.0097315311431885,0.11169177293777466,0.9650046229362488,0,0.3361491858959198,2.8018126487731934,0,123.50748443603516,0,63.645530700683594,0.10878778249025345,0.08711343258619308,0.7896157503128052,0.5442699193954468,0.17603954672813416,2.3739492893218994,63.645530700683594,30.125158309936523,7902.3486328125,glass jar
OSR099,Sago khitchdi/khichri (Sabudana khitchdi/khichri),open_source_recipes,785.649658203125,187.1644744873047,22.413801193237305,2.721275806427002,10.101280212402344,1.0335208177566528,1.8236956596374512,4729.75048828125,3056.3935546875,1330.995849609375,12.238354682922363,15.12940788269043,55.276939392089844,27.713619232177734,100.26112365722656,189.27658081054688,0.8592718243598938,0.1344241350889206,1.1131277084350586,0.0022352226078510284,0.2453412413597107,0.023339228704571724,0.3932034969329834,45.86895751953125,0.8457818627357483,1.0568664073944092,0,5.377382278442383,0,12.59746265411377,0.06567499786615372,0.015340998768806458,1.2377575635910034,0.1730390042066574,0.04809097200632095,0.47648006677627563,12.59746265411377,4.94352912902832,380.0804138183594,bowl
OSR100,Gram flour chilla/cheela (Besan chilla/cheela),open_source_recipes,575.2408447265625,135.9300994873047,21.02887725830078,7.802441120147705,2.852105140686035,1.8686106204986572,4.2509002685546875,367.7755432128906,552.7313842773438,1552.4058837890625,0,28.380847930908203,80.19609069824219,27.7130069732666,135.57205200195312,168.7023468017578,2.186903238296509,0.11663839966058731,1.345258355140686,0.0015732621541246772,1.1708401441574097,0.022724363952875137,0.645193338394165,0,1.3265368938446045,1.148364782333374,0,9.076939582824707,0,66.61104583740234,0.1542084813117981,0.06341313570737839,0.8223111629486084,0.47664129734039307,0.18784599006175995,3.08510684967041,66.61104583740234,3.3208014965057373,701.3790283203125,cheela
OSR101,Vegetable namkeen jave,open_source_recipes,468.28582763671875,112.23060607910156,18.97719955444336,2.930877923965454,2.5060160160064697,1.0416624546051025,2.8592631816864014,956.9761352539062,581.7453002929688,718.7987060546875,3.4092774391174316,10.32086181640625,32.77201843261719,14.388675689697266,32.12855911254883,91.36121368408203,1.0653679370880127,0.07437720894813538,3.5685670375823975,0.002265323419123888,0.46557873487472534,0.0071860714815557,0.3171825706958771,12.777861595153809,0.5623596906661987,1.8948591947555542,0,4.493145942687988,0,7.187558174133301,0.04280879721045494,0.00795114878565073,0.32120439410209656,0.18037600815296173,0.03395528346300125,0.6335753798484802,7.187558174133301,3.4076623916625977,510.7288818359375,plate
OSR102,Khakhra,open_source_recipes,743.9240112304688,178.4959716796875,27.66258430480957,4.775326251983643,5.3191657066345215,0.8809743523597717,5.433740615844727,661.2163696289062,1021.50146484375,3255.784423828125,0,21.273988723754883,140.3400115966797,57.11234664916992,184.15753173828125,166.3203887939453,2.1411311626434326,0.2229892760515213,22.836143493652344,0.0033088356722146273,1.3258298635482788,0.028406275436282158,1.29197359085083,0,2.3157060146331787,5.826870441436768,0,7.644095420837402,0,13.872023582458496,0.18511147797107697,0.07957059890031815,1.1821634769439697,0.3916185200214386,0.14001651108264923,0.3872997462749481,13.872023582458496,0.7347233891487122,515.6886596679688,khakhra
OSR103,Moong bean dosa (Pesarattu),open_source_recipes,1190.040771484375,285.9556884765625,31.906055450439453,12.318492889404297,11.665361404418945,2.9005160331726074,6.040430545806885,4867.10791015625,2724.418212890625,2968.4873046875,17.86492347717285,36.43529510498047,218.15658569335938,86.94672393798828,61.35676193237305,704.2119140625,3.38397479057312,0.5246604084968567,23.774229049682617,0.003077543806284666,1.3111035823822021,0.06751123070716858,1.4736324548721313,66.9571533203125,2.352165937423706,1.393494725227356,0,7.300253391265869,0,53.91083908081055,0.19045187532901764,0.07105597108602524,1.22756826877594,0.9447841644287109,0.1662624031305313,1.1877920627593994,53.91083908081055,5.588353157043457,514.37890625,pesarattu
OSR104,Methi thepla,open_source_recipes,1442.6611328125,346.1560974121094,41.339027404785156,8.980030059814453,15.945419311523438,2.9823226928710938,7.560302734375,2236.1220703125,3263.197998046875,9358.9052734375,1.852036714553833,73.51025390625,210.8922576904297,83.17149353027344,543.2669677734375,298.3670959472656,4.521346569061279,0.3038138151168823,22.385074615478516,0.007656331639736891,2.2467637062072754,0.05138310417532921,1.8015564680099487,4.714274883270264,7.028110980987549,5.164513111114502,0,24.745630264282227,0,41.88154220581055,0.24942755699157715,0.1597001850605011,1.4632236957550049,0.6094090938568115,0.2461814433336258,1.8402758836746216,41.88154220581055,2.9198696613311768,712.4522094726562,thepla
OSR105,Rice puttu (Ari puttu),open_source_recipes,342.9659729003906,81.98186492919922,11.821471214294434,1.260176181793213,3.125922441482544,0.3299214541912079,0.7560105323791504,2053.701416015625,176.62461853027344,44.22756576538086,0,4.963103771209717,28.232563018798828,8.003332138061523,48.28279113769531,69.56558227539062,0.42073315382003784,0.07150678336620331,1.2020947933197021,0.0006189002888277173,0.07664841413497925,0.002975482027977705,0.06724589318037033,0,0.2885027527809143,0,0,0.13711020350456238,0,1.1554392576217651,0.01618662290275097,0.009045464918017387,0.3337300717830658,0.009997619315981865,0.03570578247308731,0.04808378964662552,1.1554392576217651,0,8.378957748413086,puttu
OSR106,Buckwheat pancake (Khura),open_source_recipes,1090.9249267578125,263.2983093261719,27.277254104614258,2.9074223041534424,16.432849884033203,0.6405746340751648,0.5591700077056885,10115.73046875,4059.742919921875,592.4325561523438,41.30806350708008,11.324437141418457,54.83055114746094,16.712560653686523,69.9717788696289,100.05027770996094,0.6892258524894714,0.20832403004169464,2.4646129608154297,0.0006480446900241077,0.48782122135162354,0.0023942538537085056,0.7927374243736267,185.789306640625,0.3826256990432739,0.4611971378326416,0,3.357542037963867,0,3.2339346408843994,0.0872466117143631,0.03850758075714111,0.8191221356391907,0.40043893456459045,0.1236073449254036,0.21979250013828278,3.2339346408843994,0.635403037071228,1088.7469482421875,pancake
OSR107,Quinoa khichdi/khichri,open_source_recipes,267.1944274902344,64.01083374023438,8.831241607666016,3.178802013397217,1.591099739074707,0.6878358125686646,2.576716423034668,692.1867065429688,392.43951416015625,287.2815246582031,2.608798027038574,24.59075927734375,52.57670211791992,25.295957565307617,69.64347839355469,174.7627716064453,1.117717981338501,0.12656323611736298,4.1028242111206055,0.0013829537201672792,0.3043048083782196,0.02285938709974289,0.5162765383720398,9.777690887451172,0.2701531946659088,1.0900667905807495,0,5.68765115737915,0,25.946277618408203,0.10200314223766327,0.029842890799045563,0.3917085528373718,0.2372584491968155,0.06890023499727249,0.7369285225868225,25.946277618408203,2.8674941062927246,714.8853149414062,bowl
OSR108,Khakhra chaat,open_source_recipes,1484.3170166015625,358.6632995605469,16.642343521118164,4.5239996910095215,30.647899627685547,3.2619199752807617,3.041581869125366,3698.12255859375,6261.69189453125,19256.306640625,0.058890242129564285,24.49034309387207,64.39262390136719,27.230451583862305,102.78368377685547,173.4354248046875,1.261051058769226,0.11522465199232101,4.175372123718262,0.003512108698487282,0.5315101742744446,0.02639288268983364,0.5124764442443848,0.22071871161460876,14.974141120910645,5.9779276847839355,0,12.814547538757324,0,37.46139144897461,0.10940508544445038,0.04471355304121971,0.6285788416862488,0.32791608572006226,0.1306295096874237,1.6792699098587036,37.46139144897461,5.5856099128723145,744.3478393554688,plate
OSR110,Banana appam,open_source_recipes,1938.602783203125,469.8054504394531,20.057649612426758,1.1678863763809204,42.527591705322266,9.94823932647705,0.6738700270652771,5727.34130859375,8540.7958984375,26201.353515625,0,13.738269805908203,27.047351837158203,19.471546173095703,20.135265350341797,142.9931182861328,0.7663193941116333,0.06780886650085449,0.444864422082901,0.004278949927538633,0.18439948558807373,0.003271631430834532,0.09208782017230988,0,20.46454620361328,0.11254412680864334,0,3.03780460357666,0,4.747524738311768,0.016289280727505684,0.013663366436958313,0.31453293561935425,0.08391734957695007,0.17232027649879456,0.3367542028427124,4.747524738311768,1.387860655784607,49.707275390625,appam
OSR111,Veg manchurian,open_source_recipes,2411.09423828125,585.6408081054688,6.818906784057617,0.889366090297699,61.65210723876953,0.7571099996566772,1.1610925197601318,7412.22216796875,12631.263671875,39028.9609375,0,16.792238235473633,16.34253692626953,7.533999443054199,65.31265258789062,83.29528045654297,0.30863553285598755,0.03316521272063255,0.3314305245876312,0.0016482898499816656,0.1042870506644249,0.007566139567643404,0.1224144995212555,0,30.33205795288086,0.45024392008781433,0,22.80380630493164,0,13.60853385925293,0.020464355126023293,0.01543377060443163,0.15084701776504517,0.1028251200914383,0.05256325379014015,0.704029381275177,13.60853385925293,7.745536804199219,912.7807006835938,plate
OSR112,Pav bhaji,open_source_recipes,401.6280822753906,96.52545928955078,11.993011474609375,2.660388708114624,4.317642688751221,2.0570600032806396,1.9795962572097778,2223.010009765625,943.097412109375,629.0014038085938,8.905969619750977,24.860143661499023,19.188095092773438,12.692317962646484,163.89378356933594,139.30117797851562,0.9686000943183899,0.04957324266433716,0.2724350392818451,0.002806642558425665,0.19800682365894318,0.009394808672368526,0.18228593468666077,40.05595397949219,0.15193518996238708,2.5128262042999268,0,11.626734733581543,0,29.335094451904297,0.21213193237781525,0.07403257489204407,1.1439226865768433,0.15844300389289856,0.057048652321100235,0.9520062804222107,29.335094451904297,13.159476280212402,1629.76416015625,
OSR113,Rice murukku,open_source_recipes,2454.307861328125,593.989990234375,33.2929573059082,5.414796352386475,48.2248420715332,0.1703379601240158,2.182837963104248,6839.5380859375,10044.7080078125,28886.181640625,5.324999809265137,24.628704071044922,98.69171142578125,29.190000534057617,63.313446044921875,224.2574005126953,1.695722222328186,0.20531481504440308,7.085379600524902,0.0011347222607582808,0.2557222247123718,0.005648148246109486,0.5827221870422363,23.950000762939453,21.981346130371094,0.24888426065444946,0,3.3127591609954834,0,26.573278427124023,0.09461110830307007,0.04232870414853096,1.035476803779602,0.252101868391037,0.104731485247612,0.2611435055732727,26.573278427124023,0.0009259259095415473,173.21665954589844,piece
OSR114,Bhel puri ,open_source_recipes,2104.68603515625,509.886962890625,16.467708587646484,3.5175111293792725,47.91156768798828,3.4082601070404053,2.2402548789978027,5770.9267578125,9933.392578125,30080.4375,0,24.220979690551758,47.03168487548828,22.416229248046875,93.97743225097656,150.56365966796875,1.289592981338501,0.0971398875117302,0.7171468138694763,0.003801679704338312,0.36197981238365173,0.023922648280858994,0.3813413381576538,0,23.325916290283203,1.1979669332504272,0,7.785633087158203,0,22.40488052368164,0.07472626864910126,0.033794187009334564,0.5649073123931885,0.23084010183811188,0.09452000260353088,1.040720820426941,22.40488052368164,4.5096540451049805,359.3363952636719,plate
OSR115,Semolina dhokla (Suji/Rava dhokla),open_source_recipes,814.0942993164062,194.91468811035156,30.864978790283203,5.435585975646973,5.2013959884643555,1.847110629081726,5.1176629066467285,1593.48974609375,876.9913330078125,2054.156494140625,0,31.174400329589844,67.36600494384766,28.694902420043945,443.3886413574219,194.27883911132812,2.5237834453582764,0.24918435513973236,5.528996467590332,0.005048888735473156,1.3941593170166016,0.04614502191543579,1.08601713180542,0,1.6162208318710327,4.309549331665039,0,12.37637996673584,0,15.22776985168457,0.136928990483284,0.02644982561469078,0.6551138758659363,0.38203513622283936,0.08423511683940887,0.5137010812759399,15.22776985168457,3.647085666656494,732.85888671875,plate
OSR116,Spicy corn chaat ,open_source_recipes,1982.0062255859375,479.799072265625,11.446920394897461,4.6070170402526855,46.551841735839844,0.9480851292610168,2.1678731441497803,6351.30029296875,9680.5126953125,28344.5234375,3.891244411468506,17.276395797729492,58.68144989013672,21.17667007446289,86.49972534179688,124.80026245117188,0.8397167325019836,0.07364562898874283,0.7245379090309143,0.0004942938103340566,0.34948262572288513,0.010013983584940434,0.37877485156059265,17.50146484375,22.02483367919922,0.20011277496814728,0,5.471848011016846,0,41.02570343017578,0.11000225692987442,0.04468176141381264,0.7507826685905457,0.3624119162559509,0.08922369033098221,1.4746313095092773,41.02570343017578,2.5441291332244873,168.4130096435547,plate
OSR118,Jackfruit fritters (Ponsa mulik/Kathal ka pakora),open_source_recipes,2467.54736328125,597.7876586914062,24.002283096313477,2.3409385681152344,54.40557861328125,11.48095989227295,1.5007253885269165,7863.8837890625,11106.462890625,32627.244140625,0,24.61859130859375,47.74325180053711,30.819658279418945,46.39432907104492,176.5066680908203,1.1476960182189941,0.1515626609325409,1.3621387481689453,0.002801066730171442,0.2911786735057831,0.011306666769087315,0.2699039876461029,0,25.47118377685547,1.63264000415802,0,9.899888038635254,0,9.234597206115723,0.044970665127038956,0.012421333231031895,0.4225653409957886,0.10272533446550369,0.15202666819095612,0.8769813179969788,9.234597206115723,1.1844799518585205,25.489931106567383,mulik/fritter
OSR119,Banana chips (Kele ke chips),open_source_recipes,2739.07568359375,665.6660766601562,7.322083950042725,0.36683785915374756,70.45634460449219,4.372707366943359,0.6485693454742432,8484.2255859375,14442.9580078125,44622.7421875,0,2.0088040828704834,6.12105655670166,9.03594970703125,86.86720275878906,106.43213653564453,0.18848128616809845,0.04243580251932144,0,0.004988994915038347,0.10564930737018585,0,0.044240646064281464,0,34.6934700012207,0.058694057166576385,0,5.082905292510986,0,5.261922359466553,0.002934702904894948,0.011738811619579792,0.1408657282590866,0.10271459817886353,0.1496698409318924,0.4519442319869995,5.261922359466553,2.365370512008667,76.30227661132812,bowl
OSR120,Wheat cake,open_source_recipes,1314.8970947265625,314.6291809082031,41.13339614868164,4.789560317993164,14.950458526611328,25.787090301513672,2.762955904006958,9265.6318359375,3820,672.3068237304688,40.127220153808594,98.91337585449219,187.84844970703125,39.21515655517578,82.96202087402344,183.2899932861328,1.0810102224349976,0.12928718328475952,13.772871971130371,0.001459307735785842,0.7256501317024231,0.004115996416658163,1.0150046348571777,174.6679229736328,0.39416277408599854,3.2664170265197754,0,1.5747802257537842,0,11.37249755859375,0.12778672575950623,0.17812909185886383,0.6633302569389343,0.46093547344207764,0.08080822974443436,1.3238540887832642,11.37249755859375,1.1375117301940918,179.98129272460938,piece
OSR121,Mango cheesecake,open_source_recipes,518.5800170898438,152.45855712890625,20.06123161315918,2.3884427547454834,7.303961277008057,15.359848976135254,1.1448510885238647,3705.421630859375,2165.220703125,449.4513854980469,16.902332305908203,55.09508514404297,51.83135986328125,13.96627140045166,107.12342834472656,139.6411895751953,0.5264621376991272,0.07726874947547913,2.452457904815674,0.008611409924924374,0.20727844536304474,0,0.35783639550209045,41.191246032714844,0.6218119859695435,1.597416639328003,0.203623965382576,2.434704065322876,0.8234661221504211,39.43056869506836,0.03237675130367279,0.07683710008859634,0.30926623940467834,0.28381234407424927,0.07076749205589294,0.9802655577659607,39.43056869506836,14.312164306640625,620.1837158203125,slice
OSR122,Carrot cake (Gajar ka cake),open_source_recipes,1070.73583984375,255.58706665039062,35.9842414855957,5.599839687347412,10.270025253295898,23.95684814453125,2.9345622062683105,3186.8603515625,2368.667724609375,4102.8447265625,11.605802536010742,156.10079956054688,239.43853759765625,39.06594467163086,158.739990234375,273.1175537109375,1.0329915285110474,0.1087883934378624,10.961045265197754,0.00247223605401814,0.6307253241539001,0.003101550741121173,1.0409255027770996,44.022010803222656,3.152571201324463,2.7072885036468506,0,4.434127330780029,0,17.06788444519043,0.12413406372070312,0.2341320663690567,0.6094697117805481,0.6089494824409485,0.10185292363166809,2.292201042175293,17.06788444519043,3.1239819526672363,1939.4422607421875,slice
OSR123,Semolina cake (Suji/Rava cake),open_source_recipes,1564.4161376953125,374.14044189453125,31.32412338256836,6.58126163482666,25.17984962463379,18.8614501953125,5.371186256408691,16261.6884765625,3745.0439453125,716.8700561523438,27.064029693603516,128.2760772705078,197.6256103515625,39.58352279663086,91.36019134521484,349.46234130859375,1.3559134006500244,0.2941996455192566,8.75717544555664,0.0053107342682778835,0.7918643951416016,0.010546139441430569,1.0807156562805176,101.8097915649414,1.9501506090164185,1.5475894212722778,0,0.9814124703407288,0,15.966949462890625,0.0936911478638649,0.17286251485347748,0.4687005579471588,0.502297580242157,0.08293785154819489,1.8801130056381226,15.966949462890625,1.599246621131897,297.1704406738281,square
OSR124,Finger millet cake (Ragi cake),open_source_recipes,1169.7703857421875,279.4615173339844,38.93222427368164,3.9558770656585693,12.266904830932617,24.75986099243164,2.353050708770752,7521.13232421875,3192.03515625,514.9459228515625,25.197818756103516,118.38326263427734,173.83767700195312,49.56793975830078,98.26153564453125,191.3268585205078,1.3457748889923096,0.28085261583328247,6.780209541320801,0.005970086436718702,0.6551926732063293,0.002788575366139412,0.9775266051292419,111.99729919433594,0.3564940094947815,6.361690998077393,0,1.4011577367782593,0,11.569672584533691,0.10082727670669556,0.10032026469707489,0.4608754515647888,0.26618218421936035,0.049669597297906876,1.0613824129104614,11.569672584533691,0.775477409362793,186.3977508544922,slice
OSR125,Honey cake,open_source_recipes,1395.87646484375,333.59320068359375,49.04077911376953,3.0776593685150146,14.702841758728027,33.4337158203125,0.5058419108390808,2183.638427734375,3049.267822265625,8790.5791015625,1.5435280799865723,50.85757827758789,95.6347427368164,9.730201721191406,72.55387878417969,88.75811767578125,0.4557579457759857,0.06284765154123306,0.5063000917434692,0.0012829324696213007,0.1583123356103897,0.0009927452774718404,0.4451279044151306,3.928980588912964,6.801976203918457,1.2334479093551636,0,1.0492554903030396,0,6.148224353790283,0.03867659717798233,0.06603856384754181,0.20488736033439636,0.23332951962947845,0.032399389892816544,0.6525773406028748,6.148224353790283,0.32451316714286804,70.75888061523438,slice
OSR126,Almond cardamom cake (Badam elaichi cake),open_source_recipes,1488.4466552734375,356.34796142578125,34.53158187866211,7.177490234375,21.355758666992188,18.057777404785156,2.348621129989624,8781.4775390625,8635.2392578125,2373.445068359375,74.32038879394531,81.29135131835938,207.4231719970703,52.895870208740234,155.37313842773438,173.38336181640625,1.289388656616211,0.21528461575508118,5.642167568206787,0.003024762962013483,0.5234546065330505,0.011250382289290428,0.9356221556663513,157.1788330078125,3.8934028148651123,1.7460012435913086,0.10272087901830673,2.3572118282318115,1.7866095304489136,15.940794944763184,0.06680464744567871,0.10478752851486206,0.6895475387573242,0.5161815881729126,0.05803057178854942,3.1412625312805176,15.940794944763184,0.5394864082336426,206.28187561035156,slice
OSR127,Tutti frutti cake,open_source_recipes,1454.10107421875,347.7215881347656,52.93681335449219,4.490680694580078,12.682251930236816,28.084644317626953,0.8459770083427429,1872.729736328125,2609.23828125,7589.96533203125,2.4638962745666504,61.407012939453125,134.1226043701172,14.158148765563965,106.35826873779297,109.79339599609375,0.6170822381973267,0.0775054544210434,0.4479811191558838,0.0015325670829042792,0.19364574551582336,0.0015325670829042792,0.46745654940605164,6.271736145019531,5.829060077667236,2.062835216522217,0,1.049219012260437,0,9.012673377990723,0.05944237858057022,0.07909224927425385,0.2818154990673065,0.33276745676994324,0.04698143154382706,0.7601532936096191,9.012673377990723,0.2239905595779419,87.4624252319336,cake
OSR128,Ham and Bean soup,open_source_recipes,401.910888671875,96.0418930053711,4.176568984985352,10.607390403747559,4.150700569152832,1.4349042177200317,0.5431236028671265,865.2965087890625,2297.712158203125,634.527099609375,25.91560935974121,20.516571044921875,207.4818115234375,22.969501495361328,378.1440124511719,309.30364990234375,0.8764652609825134,0.1130075454711914,5.2242560386657715,0.0010366409551352262,0.13348254561424255,0.001409268006682396,1.198520302772522,0,0.3222871422767639,0.23523998260498047,0,7.517147541046143,0,68.7751693725586,0.38041365146636963,0.09665174782276154,4.152731418609619,2.356092929840088,0.3119414746761322,2.8123559951782227,68.7751693725586,14.793728828430176,720.4258422851562,bowl
OSR129,Whey soup,open_source_recipes,287.3964538574219,68.91048431396484,6.2591962814331055,3.4547104835510254,3.3377671241760254,5.867488861083984,0.8394663333892822,1390.652587890625,993.059814453125,683.1388549804688,0.8258081674575806,164.91664123535156,116.08599090576172,19.08432960510254,87.07501983642578,158.88600158691406,0.5455526113510132,0.06653518974781036,4.784103870391846,0.01624240353703499,0.07978739589452744,0.0031331474892795086,0.8099979758262634,1.6516163349151611,0.46620216965675354,0.10224546492099762,0,1.2489292621612549,0,15.093810081481934,0.042830463498830795,0.134237140417099,0.11820727586746216,0.38884085416793823,0.04421497881412506,2.927436351776123,15.093810081481934,1.1405181884765625,54.214073181152344,bowl
OSR130,Bottle gourd soup (Ghiya/Lauki soup),open_source_recipes,95.36328887939453,23.048173904418945,1.1608973741531372,0.45370611548423767,1.7946178913116455,0.38852378726005554,0.9585292339324951,358.3962707519531,1170.078369140625,162.30274963378906,0.7201436758041382,15.144289016723633,14.677849769592285,5.920925617218018,53.80567932128906,61.67692565917969,0.25636935234069824,0.02657177671790123,0.7646132111549377,0.0017433916218578815,0.08326555788516998,0.002711129141971469,0.10357371717691422,2.287515163421631,0.09317789226770401,0.3424079120159149,0,2.0183115005493164,0,17.871265411376953,0.01418191660195589,0.007570376619696617,0.07733383029699326,0.23998238146305084,0.013741809874773026,1.1498041152954102,17.871265411376953,2.0346460342407227,56.98050308227539,bowl
OSR131,Baked potato soup,open_source_recipes,611.180908203125,147.0542449951172,5.851165294647217,5.732051372528076,11.208162307739258,3.4383676052093506,0.29876479506492615,6188.45263671875,3297.931884765625,657.6136474609375,26.307016372680664,106.5628433227539,128.16815185546875,12.651674270629883,268.6924743652344,184.87437438964844,0.2682541608810425,0.04236661270260811,2.3638291358947754,0.0025327899493277073,0.04262065514922142,0.001177893835119903,0.5752515196800232,64.96549224853516,0.2674964964389801,0.13830383121967316,0,1.0007258653640747,0,8.150572776794434,0.12562714517116547,0.10666114836931229,1.0259263515472412,0.4221093952655792,0.11231694370508194,1.8963135480880737,8.150572776794434,3.6156883239746094,167.06182861328125,bowl
OSR132,Pumpkin soup,open_source_recipes,165.55299377441406,40.04545211791992,2.0762312412261963,0.4700942039489746,3.201167106628418,1.469531536102295,1.1907851696014404,616.2796020507812,2153.906005859375,272.4996337890625,0.8636482357978821,12.17161750793457,11.847370147705078,5.375582218170166,45.497283935546875,115.18685913085938,0.18948966264724731,0.030931692570447922,0.17910756170749664,0.0010068045230582356,0.04511908069252968,0.002303062006831169,0.06422664225101471,4.569484710693359,0.40575242042541504,0.6386207938194275,0,36.998165130615234,0,11.219905853271484,0.014613974839448929,0.016254907473921776,0.1852918118238449,0.09179534763097763,0.03840094059705734,0.8154566884040833,11.219905853271484,3.610219717025757,614.5669555664062,bowl
OSR133,Sweet corn soup,open_source_recipes,135.26539611816406,32.245758056640625,3.5647780895233154,0.9903046488761902,1.632310152053833,0.8957120776176453,0.3113521337509155,198.9200439453125,364.5396728515625,915.4396362304688,0,3.7212159633636475,26.135894775390625,11.222893714904785,22.35059928894043,86.92091369628906,0.4076743721961975,0.017615558579564095,0.014680411666631699,0.0002565800095908344,0.1712544709444046,0.00365438056178391,0.1422935128211975,0,0.655640184879303,0.10623004287481308,0,1.0716543197631836,0,12.781784057617188,0.04330619424581528,0.016317998990416527,0.5166599750518799,0.20582304894924164,0.02564372308552265,0.18268205225467682,12.781784057617188,2.6325223445892334,320.7069396972656,bowl
OSR134,Paneer soup,open_source_recipes,200.03028869628906,47.85079574584961,2.424072742462158,3.2219648361206055,2.8007285594940186,1.977347493171692,0.28027835488319397,1497.1251220703125,792.6626586914062,294.5419006347656,0,82.76101684570312,56.74437713623047,6.551056385040283,68.0322036743164,27.661481857299805,0.30323782563209534,0.02562832646071911,3.9552106857299805,0.018504297360777855,0.10497748851776123,0.005321326199918985,0.47293493151664734,0,0.17469914257526398,0.3338477313518524,0,5.159476280212402,0,17.436840057373047,0.005538272671401501,0.019660254940390587,0.04625460505485535,0.09573475271463394,0.0162136722356081,3.515984535217285,17.436840057373047,1.2434262037277222,85.73430633544922,bowl
OSR135,Curried Cauliflower soup,open_source_recipes,155.49725341796875,37.3232421875,3.1168854236602783,6.715078353881836,9.773260116577148,1.7909719944000244,2.3384039402008057,1281.9403076171875,538.985107421875,179.0530242919922,4.773094654083252,37.25120544433594,74.47920227050781,33.70684814453125,7311.4384765625,333.5057373046875,2.11867618560791,0.05914483964443207,0.23407064378261566,0.002912507625296712,0.4279407858848572,0.067478708922863,0.35409292578697205,17.889404296875,0.1410355269908905,0.5157349705696106,0,5.007020950317383,0,15.258543968200684,0.021519169211387634,0.032290611416101456,0.18674355745315552,0.2185606062412262,0.05851460620760918,0.881047785282135,15.258543968200684,14.907934188842773,92.27465057373047,cup
OSR136,Millet soup,open_source_recipes,234.39434814453125,55.993324279785156,8.220386505126953,11.262971878051758,12.56999397277832,1.453009843826294,2.8229727745056152,394.3436279296875,289.2867736816406,480.6527099609375,1.4549636840820312,65.20613098144531,138.84532165527344,48.46653366088867,10918.8310546875,382.1819152832031,2.735832691192627,0.11477676033973694,3.965886354446411,0.002640265040099621,0.41813915967941284,0.01684410497546196,0.7017040252685547,3.7035436630249023,0.264091432094574,1.0471866130828857,0,3.8241915702819824,0,11.395862579345703,0.046348392963409424,0.059034865349531174,0.22310875356197357,0.18933309614658356,0.06268658488988876,0.7216404676437378,11.395862579345703,1.8274486064910889,532.9749145507812,bowl
OSR137,Lemon coriander soup,open_source_recipes,450.3244934082031,108.06228637695312,10.31631851196289,2.2682912349700928,6.258704662322998,2.195164680480957,6.769292831420898,682.1748657226562,1988.9566650390625,2993.291015625,0,102.57109069824219,62.71539306640625,54.515220642089844,219.17454528808594,368.8135070800781,3.4687352180480957,0.23347391188144684,1.00316321849823,0.007627044804394245,0.7713331580162048,0.05709289014339447,0.7938015460968018,0,2.2201080322265625,0.9709453582763672,0,28.26972770690918,0,25.656747817993164,0.054869867861270905,0.06033947318792343,0.44985753297805786,0.22812673449516296,0.10526231676340103,1.2347216606140137,25.656747817993164,17.68536949157715,2068.802001953125,bowl
OSR138,Garlic soup,open_source_recipes,805.1944580078125,194.85838317871094,6.985138893127441,2.3835415840148926,17.61923599243164,2.3867361545562744,1.6631944179534912,6456.9443359375,9024.4296875,1166.083740234375,22.91666603088379,60.549827575683594,56.66250228881836,18.08125114440918,179.2552032470703,247.4652862548828,0.7290971875190735,0.06319444626569748,0.3102777600288391,0.0016006944933906198,0.1506597250699997,0.0059027778916060925,0.34388887882232666,121.25000762939453,0.7051736116409302,0.2744791507720947,0,8.139930725097656,0,15.174964904785156,0.04368055611848831,0.09833333641290665,0.49399304389953613,0.31940972805023193,0.09416666626930237,2.086805582046509,15.174964904785156,7.721354007720947,272.615966796875,bowl
OSR139,Dal makhani,open_source_recipes,291.36614990234375,74.04019927978516,7.9594902992248535,3.3151679039001465,3.063302993774414,0.7979497909545898,2.271136522293091,1771.746826171875,729.787109375,225.14932250976562,7.2494120597839355,20.62122917175293,58.3088493347168,27.392086029052734,41.8450927734375,199.3994140625,1.2257272005081177,0.10580717027187347,3.1495978832244873,0.002963768783956766,0.6025688052177429,0.014150025323033333,0.4794541597366333,30.84634780883789,0.10915004462003708,2.6502065658569336,0.006367511581629515,6.327136993408203,0.11461520940065384,21.271167755126953,0.03769414871931076,0.026110617443919182,0.3670699894428253,0.4113526940345764,0.05368738994002342,0.3538225293159485,21.271167755126953,2.6000680923461914,621.9115600585938,bowl
OSR141,Dalma,open_source_recipes,500.9732360839844,118.9263687133789,15.042756080627441,4.908376216888428,4.58409309387207,3.0963120460510254,2.159248113632202,531.7787475585938,2174.061279296875,1304.524658203125,0,54.280460357666016,85.4589614868164,43.24801254272461,49.353092193603516,390.3841247558594,2.095937490463257,0.24446311593055725,1.300500512123108,0.00386073999106884,0.8491963744163513,0.018196983262896538,0.7714482545852661,0,0.6227625012397766,4.361849308013916,0,6.833945274353027,0,52.093345642089844,0.10169801115989685,0.07166063040494919,0.7083600759506226,0.4928770065307617,0.15292714536190033,0.8990935683250427,52.093345642089844,13.888351440429688,1068.3212890625,bowl
OSR142,Split bengal gram dal (Channa dal),open_source_recipes,415.0822448730469,99.6711654663086,9.994173049926758,4.151535987854004,4.622377872467041,0.9755985736846924,3.7171425819396973,2146.916748046875,1190.068115234375,646.8712158203125,8.525148391723633,21.98927879333496,66.00711822509766,29.501964569091797,46.398902893066406,232.71661376953125,1.9192348718643188,0.17700357735157013,8.825505256652832,0.0027959372382611036,0.6686931848526001,0.01873941160738468,0.7695711255073547,31.95197868347168,0.28492459654808044,2.2193024158477783,0,5.1277618408203125,0,35.40693283081055,0.07295791804790497,0.03599455952644348,0.501986026763916,0.3380052447319031,0.06610698997974396,0.4487575590610504,35.40693283081055,4.579668045043945,1176.5740966796875,bowl
OSR143,Horsegram dal (Kulthi dal) ,open_source_recipes,232.2489776611328,55.64741134643555,8.206653594970703,2.9093685150146484,1.134617567062378,0.7221468091011047,1.5217235088348389,148.039306640625,239.39637756347656,668.4349975585938,0,38.218868255615234,42.1782112121582,23.014326095581055,63.62846755981445,173.06024169921875,1.302616834640503,0.17556241154670715,3.6232669353485107,0.004220898728817701,0.4655154347419739,0.015311813913285732,0.3933120369911194,0,0.5303874611854553,1.787215232849121,0,5.087817192077637,0,23.862258911132812,0.04849182069301605,0.03461529687047005,0.33988672494888306,0.23913630843162537,0.04801563173532486,0.3947558104991913,23.862258911132812,3.873579263687134,795.6804809570312,bowl
OSR144,Panchmel dal,open_source_recipes,462.3517150878906,111.22245025634766,10.708924293518066,4.625019073486328,5.355630397796631,0.746546745300293,3.1967275142669678,2900.87744140625,1361.42724609375,489.1629638671875,11.85680103302002,23.054397583007812,72.53144836425781,32.4904670715332,79.46160125732422,269.921875,1.4192712306976318,0.1949588656425476,7.558627605438232,0.0038348790258169174,0.4602338373661041,0.07437508553266525,0.6579602956771851,44.43890380859375,0.35913756489753723,2.543569803237915,0,10.698946952819824,0,26.45223045349121,0.07981659471988678,0.037380170077085495,0.5299269556999207,0.3882223069667816,0.07209163904190063,0.4509350657463074,26.45223045349121,2.8214375972747803,1481.132568359375,bowl
OSR145,Dal dhokli,open_source_recipes,287.334228515625,68.73714447021484,8.545230865478516,2.957137107849121,2.4705216884613037,1.1223342418670654,1.8612905740737915,410.2814636230469,823.5315551757812,1066.80859375,0,14.539630889892578,53.60103225708008,23.631423950195312,37.53384017944336,152.23455810546875,0.792149543762207,0.13946734368801117,3.7758517265319824,0.002070479094982147,0.313004732131958,0.031485773622989655,0.4521583914756775,0,0.6288809180259705,1.346465826034546,0,7.386896133422852,0,13.459275245666504,0.07450952380895615,0.02395228110253811,0.6720049381256104,0.17525708675384521,0.04546567425131798,0.2263074815273285,13.459275245666504,0.8225361108779907,505.5409240722656,bowl
OSR146,Gujarati handvo ,open_source_recipes,865.1173095703125,207.08944702148438,31.855331420898438,8.239668846130371,4.8008952140808105,2.510761260986328,4.954425811767578,871.463623046875,1014.1796875,2444.65087890625,1.9344512224197388,68.209716796875,151.07655334472656,47.324058532714844,308.5463562011719,411.1979675292969,2.0290863513946533,0.29863691329956055,9.937135696411133,0.005638117901980877,0.7503264546394348,0.061155933886766434,1.2489830255508423,4.924057483673096,1.5370116233825684,1.3188095092773438,0,21.46004295349121,0,53.70614242553711,0.15005053579807281,0.10305176675319672,1.1826225519180298,0.7406831979751587,0.14947658777236938,1.436511754989624,53.70614242553711,4.505653381347656,1162.5533447265625,cake
OSR147,Sev (Omapodi/Karapusa),open_source_recipes,2514.8349609375,609.1427612304688,12.869951248168945,5.116390705108643,60.076416015625,0.5254898071289062,2.3469502925872803,7209.6796875,12305.85546875,37924.3984375,0,13.948156356811523,49.978755950927734,14.54886245727539,53.18865203857422,71.95581817626953,0.7211318016052246,0.06940489262342453,0.9174078106880188,0.0001909456041175872,0.38249239325523376,0.010101010091602802,0.3446732461452484,0,29.56399917602539,0.040045030415058136,0,5.9994401931762695,0,43.29389190673828,0.10165753960609436,0.039290495216846466,0.4415906071662903,0.2791505455970764,0.10362663120031357,1.8854631185531616,43.29389190673828,0.0012169891269877553,30.850187301635742,plate
OSR148,Papdi,open_source_recipes,2919.197021484375,708.9610595703125,12.893328666687012,1.8294638395309448,72.11148071289062,0.3131486177444458,0.5640878081321716,8659.322265625,14793.7529296875,45650.39453125,0,6.058294296264648,20.10003662109375,6.627995491027832,28.909391403198242,31.056495666503906,0.43718603253364563,0.03990284353494644,0.011543720960617065,0.0012263404205441475,0.1209355890750885,0.004030226729810238,0.16441886126995087,0,35.45344924926758,1.1972652673721313,0,5.12929105758667,0,2.8867650032043457,0.027405543252825737,0.010737675242125988,0.14125944674015045,0.12499460577964783,0.014940625987946987,0.10363439470529556,2.8867650032043457,0.023029865697026253,48.227420806884766,plate
OSR151,Jowar dosa,open_source_recipes,1225.4005126953125,294.3470153808594,40.53221130371094,8.503503799438477,10.27633285522461,0.5922584533691406,5.561932563781738,1254.5634765625,2060.990234375,6285.9638671875,0,19.458498001098633,166.77764892578125,71.55902099609375,97.24539947509766,339.7718200683594,2.0251686573028564,0.2879278361797333,11.241711616516113,0.0055180443450808525,0.7235157489776611,0.05797439068555832,1.2733410596847534,0,4.7066240310668945,2.639673948287964,0,12.768684387207031,0,29.134294509887695,0.1562630981206894,0.06227008253335953,1.316402792930603,0.7666123509407043,0.15188591182231903,0.3875320255756378,29.134294509887695,0,116.34342193603516,dosa
OSR152,Bread roll,open_source_recipes,1800.115966796875,435.45611572265625,16.117511749267578,2.8546462059020996,40.24937438964844,0.9438027143478394,1.446118712425232,4777.0703125,8139.65869140625,25156.748046875,0,44.82937240600586,36.838287353515625,12.997833251953125,139.3428192138672,153.41683959960938,0.7074344158172607,0.07021445035934448,1.9265397787094116,0.0009773975471034646,0.19201934337615967,0.008098838850855827,0.2873769700527191,0,19.572956085205078,0.577712893486023,0,7.965600967407227,0,12.9662446975708,0.07742614299058914,0.023261435329914093,0.6525102257728577,0.11077558994293213,0.048538077622652054,0.4500657021999359,12.9662446975708,5.61358642578125,503.4725036621094,bread roll
OSR153,Soya seekh kebab,open_source_recipes,478.89276123046875,115.0494155883789,10.00042724609375,5.395382404327393,5.878253936767578,0.5147953629493713,2.2374064922332764,707.0641479492188,1190.37255859375,3393.712890625,0,15.670710563659668,69.88738250732422,28.774677276611328,92.24635314941406,306.02215576171875,1.2606687545776367,0.1648148149251938,0.6937980055809021,0.0013959365896880627,0.40981820225715637,0.010693107731640339,0.6119471192359924,0,2.4166228771209717,1.9561485052108765,0,8.313492774963379,0,25.164527893066406,0.09945562481880188,0.02500826306641102,0.7423544526100159,0.3122737407684326,0.1146203950047493,1.3666763305664062,25.164527893066406,14.98409652709961,318.6361083984375,kabab
OSR154,Classic seasoned black beans,open_source_recipes,120.36504364013672,28.77848243713379,7.656426429748535,8.007211685180664,8.283315658569336,0.4413317143917084,3.5063984394073486,9.49913501739502,35.777523040771484,26.617034912109375,0,40.113624572753906,58.855953216552734,23.45276641845703,7989.0732421875,201.48538208007812,1.8999526500701904,0.03525678440928459,0.044552162289619446,0.0006596992607228458,0.15707652270793915,0.0014187080087140203,0.22709259390830994,0,0.0798354297876358,0.095587819814682,0,1.188782811164856,0,2.6157665252685547,0.005890475586056709,0.0037463349290192127,0.05862101539969444,0.03054005652666092,0.018749644979834557,0.1634635329246521,2.6157665252685547,4.844949245452881,41.74516296386719,bowl
OSR155,Maa chaane ki dal,open_source_recipes,1438.245849609375,344.66571044921875,43.10886001586914,19.800254821777344,9.504158020019531,1.0539500713348389,13.450533866882324,3985.904541015625,2188.780029296875,1784.6259765625,15.360776901245117,68.64928436279297,298.9305725097656,123.31688690185547,43.305477142333984,923.916748046875,5.96530818939209,0.7074683904647827,37.737552642822266,0.01046006754040718,1.623012661933899,0.14801110327243805,3.0777103900909424,57.571693420410156,0.5540595054626465,5.7930097579956055,0,6.7209296226501465,0,126.31639862060547,0.2900215685367584,0.13786616921424866,1.837693452835083,1.7944157123565674,0.24358771741390228,0.8814323544502258,126.31639862060547,1.7644402980804443,938.7654418945312,bowl
OSR156,Garlic chickpea soup (Lahasun aur chane ka shoraba),open_source_recipes,373.80816650390625,89.53046417236328,13.917947769165039,4.4476823806762695,2.014414072036743,2.6529541015625,2.8396425247192383,236.12161254882812,811.0592651367188,650.298583984375,0,13.928139686584473,55.935359954833984,18.7890682220459,79.73258972167969,177.33114624023438,0.9554418921470642,0.14645934104919434,0.013060101307928562,0.00047309152432717383,0.8891855478286743,0.0025140761863440275,0.6052703857421875,0,0.23586879670619965,1.4235655069351196,0,5.500950813293457,0,119.60360717773438,0.10638077557086945,0.047715071588754654,0.39772945642471313,0.36653661727905273,0.1264514923095703,0.22042818367481232,119.60360717773438,4.161911487579346,711.0138549804688,soup bowl
ASC071,White sauce (thin),asc_manual,479.08062744140625,115.16873931884766,6.578080654144287,3.312936544418335,8.407753944396973,4.584376335144043,0.07416506856679916,5196.10302734375,2203.452880859375,283.01727294921875,11.038387298583984,110.19501495361328,93.10902404785156,8.556736946105957,23.912399291992188,111.3262939453125,0.18575815856456757,0.03272552788257599,0.875239908695221,0.0038195778615772724,0.02614203467965126,0.004990403074771166,0.3328598737716675,49.64683532714844,0.2999040186405182,0.1808445304632187,0,0.41036468744277954,0,6.913435459136963,0.03166986256837845,0.10658349096775055,0.09439539164304733,0.3351823389530182,0.03900191932916641,1.850134253501892,6.913435459136963,1.851823329925537,223.0249481201172,
ASC072,White sauce (medium),asc_manual,627.7615356445312,151.2744140625,7.977153301239014,3.358149528503418,11.762419700622559,4.323345184326172,0.13750889897346497,7322.02734375,3048.537353515625,406.87542724609375,20.4661922454834,103.5288314819336,90.16156768798828,8.793095588684082,22.590604782104492,108.18861389160156,0.2162989377975464,0.03505337983369827,0.8113878965377808,0.0036654805298894644,0.039928827434778214,0.004626334644854069,0.3353025019168854,92.04981994628906,0.36814945936203003,0.3353025019168854,0,0.7608541250228882,0,6.813879013061523,0.033096082508563995,0.10366547852754593,0.10669039189815521,0.33106762170791626,0.03814946487545967,1.7392170429229736,6.813879013061523,1.7167259454727173,242.69039916992188,
ASC073,White sauce (thick),asc_manual,868.3291625976562,209.69386291503906,10.240869522094727,3.4313042163848877,17.190311431884766,3.900993824005127,0.24000000953674316,10761.798828125,4415.89453125,607.2794799804688,35.720497131347656,92.74285888671875,85.39254760742188,9.175527572631836,20.45192527770996,103.11180114746094,0.26571428775787354,0.038819875568151474,0.7080745100975037,0.003416149178519845,0.06223602592945099,0.004037267062813044,0.3392546474933624,160.65838623046875,0.47857144474983215,0.5852174162864685,0,1.327950358390808,0,6.65279483795166,0.03540372475981712,0.09894409775733948,0.12658384442329407,0.32440993189811707,0.03677018731832504,1.5597515106201172,6.65279483795166,1.4981366395950317,274.5093078613281,
ASC074,Cheese sauce,asc_manual,808.6754150390625,194.7616424560547,7.081819534301758,7.683526515960693,15.124773025512695,4.527501583099365,0.11798131465911865,9411.849609375,4033.00048828125,538.154541015625,39.75326919555664,255.137939453125,293.0103454589844,14.325508117675781,317.3780822753906,130.21432495117188,0.3117881715297699,0.025171339511871338,2.063551425933838,0.002566978335380554,0.04098442569375038,0.003239875426515937,1.0150654315948486,145.21121215820312,0.42230531573295593,0.23481619358062744,0,1.0771962404251099,0,9.275264739990234,0.04127725586295128,0.1479501575231552,0.11185047030448914,0.41184425354003906,0.04895950108766556,2.8927600383758545,9.275264739990234,1.2028659582138062,209.45420837402344,
ASC075,Egg sauce,asc_manual,610.6255493164062,146.85301208496094,5.879554271697998,5.967252254486084,11.078859329223633,3.191239356994629,0.12417049705982208,6174.17626953125,3162.075927734375,607.3035888671875,111.08458709716797,89.49010467529297,115.17481994628906,9.728813171386719,51.5356330871582,117.21573638916016,0.6481443047523499,0.04485245794057846,11.205245971679688,0.0027016394305974245,0.03579016402363777,0.0034098359756171703,0.5725770592689514,119.77967071533203,0.6674098372459412,0.24713443219661713,0.22032786905765533,0.6300983428955078,3.8321311473846436,17.976917266845703,0.0402950793504715,0.12685900926589966,0.11509507894515991,0.6301705241203308,0.07146229594945908,6.066150665283203,17.976917266845703,1.2659671306610107,225.95016479492188,
ASC076,Mushroom sauce,asc_manual,570.9683227539062,137.56356811523438,7.312911510467529,3.3937973976135254,10.506138801574707,3.85556960105896,0.46674051880836487,6518.0087890625,2711.63818359375,390.93988037109375,18.199365615844727,94.09778594970703,89.82357788085938,9.846076011657715,20.943544387817383,131.42721557617188,0.22446203231811523,0.04113924130797386,0.7215189933776855,0.00436708889901638,0.05212025344371796,0.004746835213154554,0.31699368357658386,81.85443115234375,0.3284810185432434,2.573164701461792,0,2.0610759258270264,0,6.976265907287598,0.03053797408938408,0.09550632536411285,0.17018987238407135,0.3420253098011017,0.047215189784765244,2.568892240524292,6.976265907287598,1.5265822410583496,215.8101348876953,
ASC077,Mustard sauce,asc_manual,658.295166015625,158.58372497558594,8.286389350891113,3.9789583683013916,12.174097061157227,4.218264102935791,0.1341666728258133,7180.51953125,3455.69091796875,528.236083984375,19.96875,109.03334045410156,92.34513854980469,14.898819923400879,22.163055419921875,128.40625,0.4419444501399994,0.0390625,0.7916666269302368,0.0035763890482485294,0.08027777820825577,0.004513889085501432,0.4851388931274414,89.8125,0.3592014014720917,0.3271527886390686,0,0.7423611283302307,0,6.648263931274414,0.03229166567325592,0.10114583373069763,0.10409722477197647,0.3230208158493042,0.03722222149372101,1.6969443559646606,6.648263931274414,1.6749999523162842,236.7916717529297,
ASC078,Brown sauce,asc_manual,450.70343017578125,109.17575073242188,5.378172397613525,11.92262077331543,23.673311233520508,0.12962068617343903,1.6895172595977783,1124.3778076171875,1912.2877197265625,5918.2861328125,0,40.4427604675293,107.28276062011719,39.160308837890625,14174.5947265625,334.08966064453125,2.4567930698394775,0.05517241358757019,0,0.00036206893855705857,0.26079311966896057,0.0044827586971223354,0.3954482674598694,0,4.586172580718994,0.4873448312282562,0,0.658965528011322,0,1.1767240762710571,0.010862069204449654,0.0043448274955153465,0.05575861781835556,0.05213792994618416,0.005793103016912937,0.041999999433755875,1.1767240762710571,0,19.55172348022461,
ASC130,Classic italian pasta,asc_manual,175.25189208984375,42.119998931884766,4.4022040367126465,0.5723424553871155,2.453221082687378,2.939479351043701,1.3620562553405762,647.52734375,513.4534912109375,1115.7469482421875,1.6992422342300415,19.55312728881836,13.829378128051758,9.206721305847168,49.03543472290039,105.01744842529297,0.40774333477020264,0.038353610783815384,0.09495412558317184,0.0016728161135688424,0.25847625732421875,0.011966493912041187,0.11578579992055893,7.6426005363464355,0.8936328291893005,3.895622491836548,0,10.071659088134766,0,9.622057914733887,0.02143797278404236,0.013667729683220387,0.23011068999767303,0.1132030338048935,0.045976266264915466,0.6517301797866821,9.622057914733887,8.626171112060547,2709.14599609375,
ASC131,Pasta spinach sauce,asc_manual,353.2829895019531,85.46442413330078,1.7601345777511597,1.7649435997009277,7.8962721824646,1.041579246520996,0.8597145080566406,2696.356689453125,4136.41748046875,596.3980712890625,9.335954666137695,58.573307037353516,45.40559387207031,32.15020751953125,115.78546905517578,251.0458526611328,1.230331540107727,0.06691867113113403,0.8839439153671265,0.00944887287914753,0.4076620042324066,0.009995668195188046,0.3054686188697815,41.15549850463867,0.7357571721076965,0.13354578614234924,0,111.31631469726562,0,53.745384216308594,0.06282610446214676,0.05887415632605553,0.1720981001853943,0.12461699545383453,0.06937027722597122,1.7663851976394653,53.745384216308594,12.782958030700684,3271.21826171875,
ASC132,Pasta cheese sauce,asc_manual,621.7614135742188,149.26318359375,9.002586364746094,4.331730365753174,10.84160327911377,4.216065406799316,0.1378142088651657,6732.66650390625,2866.9453125,380.976318359375,22.224042892456055,152.68487548828125,148.58834838867188,10.400728225708008,255.95095825195312,114.38615417480469,0.24974499642848969,0.026994535699486732,1.1787431240081787,0.0030382515396922827,0.03367941826581955,0.008014571852982044,0.5370491743087769,92.9071044921875,0.33792349696159363,0.04677595570683479,0,0.821129322052002,0,7.426029205322266,0.030965391546487808,0.12132968753576279,0.08460837602615356,0.3289071023464203,0.040091075003147125,2.1728415489196777,7.426029205322266,1.5409835577011108,202.4881591796875,
ASC266,Mayonnaise,asc_manual,3188.898193359375,774.8582153320312,1.6493878364562988,1.8649659156799316,84.52489471435547,1.4419047832489014,0.11278911679983139,10737.1220703125,17899.453125,52047.93359375,117.11564636230469,15.363945007324219,61.35374069213867,3.6919727325439453,272.8899230957031,23.472787857055664,0.5130952596664429,0.027414966374635696,5.687788963317871,0.00023129252076614648,0.03503401577472687,0.014965986832976341,0.2116326540708542,58.666664123535156,40.50717544555664,0.08734693378210068,0.35374149680137634,5.724489688873291,4.9131975173950195,12.264931678771973,0.012176870368421078,0.017721088603138924,0.07799319922924042,0.30360543727874756,0.032482992857694626,7.1106462478637695,12.264931678771973,0,33.77891159057617,
ASC267,Low calorie quick mayonnaise,asc_manual,1002.2222290039062,242.89141845703125,4.711345195770264,1.4058868885040283,24.350173950195312,0.8263547420501709,0.0646393746137619,3103.614013671875,5178.19287109375,14944.203125,35.672515869140625,6.469785690307617,19.643274307250977,2.546783685684204,165.94168090820312,19.664716720581055,0.2544054687023163,0.013957114890217781,3.9924559593200684,0.00013255359954200685,0.020155945792794228,0.008576998487114906,0.15933723747730255,19.298246383666992,11.66309928894043,0.050058480352163315,0.08187134563922882,1.8070175647735596,1.4239765405654907,4.9315595626831055,0.006783625576645136,0.018693957477808,0.012378167361021042,0.1438596546649933,0.016120856627821922,1.7845808267593384,4.9315595626831055,0,17.483430862426758,
ASC268,Thousand island dressing,asc_manual,1681.3148193359375,407.8734130859375,4.494444370269775,1.3655555248260498,42.86518478393555,3.1048147678375244,0.45629629492759705,3549.099365234375,25798.30078125,11337.3330078125,34,9.113333702087402,17.11777687072754,6.670370578765869,946.0992431640625,97.94444274902344,0.4507407248020172,0.024629630148410797,0.26148146390914917,0.00148148147854954,0.05685185268521309,0.003703703638166189,0.1666666567325592,49.11111068725586,12.7227783203125,0.10592592507600784,0,2.1600000858306885,0,13.535555839538574,0.03166666626930237,0.06796295940876007,0.36666664481163025,0.18222223222255707,0.10518518835306168,1.2444443702697754,13.535555839538574,11.828888893127441,462.04443359375,
ASC388,Curd dip,asc_manual,336.8268737792969,79.95415496826172,7.948309898376465,5.043828964233398,3.3587372303009033,7.119185447692871,0.10338085889816284,1850.619140625,1002.9796142578125,262.8839111328125,10.590631484985352,167.17108154296875,145.60081481933594,18.061100006103516,301.0673828125,279.3992004394531,0.25032585859298706,0.009938900358974934,1.8169653415679932,0.0001384928764309734,0.0343380868434906,0.01792260631918907,0.6237066984176636,27.046842575073242,0.31492871046066284,0.052301425486803055,0,0.3482688367366791,0,16.337862014770508,0.0670875757932663,0.22486762702465057,0.3699592649936676,0.447372704744339,0.1064562126994133,2.3370468616485596,16.337862014770508,2.2484724521636963,205.25254821777344,
ASC394,Short crust pastry,asc_manual,1751.2745361328125,422.09527587890625,44.71599197387695,6.105966567993164,23.977088928222656,3.17899751663208,1.5809069871902466,14974.826171875,6017.55029296875,1006.968994140625,61.00238800048828,16.90214729309082,69.61575317382812,18.333173751831055,97.19713592529297,92.92840576171875,1.0241050720214844,0.1013842448592186,0,0.002863961737602949,0.3608591854572296,0.012410501018166542,0.5348448753356934,274.3675231933594,0.5584725737571716,3.8548927307128906,0,2.692124128341675,0,9.307875633239746,0.0859188586473465,0.054415274411439896,0.44105014204978943,0.42673033475875854,0.045823387801647186,0.3894988000392914,9.307875633239746,0,328.7828063964844,
ASC406,Choux pastry,asc_manual,922.56201171875,222.37022399902344,16.195444107055664,5.551392555236816,14.95645523071289,1.504810094833374,0.5589873194694519,8681.2255859375,4067.724609375,790.9873657226562,125.01265716552734,19.427846908569336,72.62025451660156,9.752405166625977,132.28152465820312,69.349365234375,0.8250632882118225,0.05437975004315376,10.237974166870117,0.0010126582346856594,0.1326582282781601,0.0065822782926261425,0.5060759782791138,195.64556884765625,0.6734177470207214,1.3630379438400269,0.21265822649002075,1.3265823125839233,3.6987340450286865,15.777215003967285,0.04556962102651596,0.07088607549667358,0.1837974637746811,0.5255696177482605,0.05670886114239693,4.765569686889648,15.777215003967285,0,181.21517944335938,
ASC410,Flaky pastry,asc_manual,1836.7421875,443.9402770996094,33.6063346862793,4.6877827644348145,31.986425399780273,0.8099547624588013,1.2488688230514526,3845.497802734375,6516.12646484375,20204.9765625,0,9.276018142700195,49.778282165527344,14.230769157409668,178.52488708496094,67.37104034423828,0.8339366316795349,0.08045248687267303,0,0.0022624433040618896,0.2850678563117981,0.0117647061124444,0.39864253997802734,0,15.612668991088867,3.0452489852905273,0,2.4479637145996094,0,7.352941036224365,0.06787330657243729,0.027149321511387825,0.348416268825531,0.3257918655872345,0.036199092864990234,0.2624434232711792,7.352941036224365,0,122.17194366455078,
ASC428,Sponge cake ,asc_manual,1070.1492919921875,253.77114868164062,44.63233947753906,9.184377670288086,4.741591930389404,26.328857421875,0.6865671873092651,1496.2064208984375,1744.487548828125,658.4776000976562,182.0895538330078,30.223880767822266,119.68159484863281,13.669154167175293,64.60696411132812,108.94527435302734,1.4707462787628174,0.08991044759750366,20.119401931762695,0.001243781065568328,0.16781094670295715,0.0064676618203520775,0.8562686443328857,98.50746154785156,0.7636815905570984,1.6741293668746948,0.4179104268550873,0.24875621497631073,7.2686567306518555,28.579601287841797,0.06721890717744827,0.10992537438869476,0.2483830749988556,0.9106219410896301,0.09963183850049973,9.218905448913574,28.579601287841797,0,134.32835388183594,
ASC434,Glace icing,asc_manual,1381.27392578125,323.5146179199219,86.31465911865234,0.005616438575088978,0.01027397345751524,85.35054779052734,0,2.7671234607696533,0.6493150591850281,4.835616111755371,0,1.954520583152771,0.9569863080978394,0.12191780656576157,9.879589080810547,10.589040756225586,0.4126027524471283,0.041506849229335785,0,2.7397260055295192e-05,0.0002739726041909307,0.00493150670081377,0.08328767120838165,0,0.0008219178416766226,0.005342465825378895,0,0.024657534435391426,0,0.17027397453784943,0.0005479452083818614,0.00013698630209546536,0.0013698629336431623,0.0016438356833532453,0.0004109589208383113,0.026301370933651924,0.17027397453784943,0.6597260236740112,1.1779452562332153,
ASC436,Royal icing,asc_manual,1419.2493896484375,332.58343505859375,86.52952575683594,1.7395058870315552,0.018705882132053375,85.57211303710938,0,2.4235293865203857,0.6047058701515198,4.171764850616455,0,2.868046998977661,3.4973647594451904,1.988376498222351,36.498939514160156,35.40470504760742,0.42494118213653564,0.04666823521256447,3.3968000411987305,2.3529411919298582e-05,0.0013176470529288054,0.004235294181853533,0.08861176669597626,0,0.0007058823830448091,0.004588235169649124,0.1679999977350235,0.021176472306251526,0,0.9398353099822998,0.003722352907061577,0.0261647067964077,0.0047764708288013935,0.21757647395133972,0.0004752941313199699,0.7201882004737854,0.9398353099822998,0.5665882229804993,1.01164710521698,
ASC437,American frosting,asc_manual,1097.9278564453125,257.5739440917969,67.47669219970703,1.05374014377594,0.00850107055157423,67.46106719970703,0,0.7209136486053467,0.16916488111019135,1.2598143815994263,0,7.052419662475586,2.212319850921631,2.4251391887664795,19.33051300048828,18.37044906616211,0.13570307195186615,0.08010707050561905,2.060870885848999,7.137758530006977e-06,7.137758802855387e-05,0.0012847966281697154,0.067437544465065,0,0.00021413277136161923,0.0013918629847466946,0.10192719101905823,0.006423983257263899,0,0.5258458256721497,0.0020842256490141153,0.01556745171546936,0.0013276231475174427,0.13147751986980438,0.00010706638568080962,0.43009278178215027,0.5258458256721497,0.17187723517417908,0.3068879246711731,
ASC438,Gum icing,asc_manual,951.873291015625,223.07041931152344,53.1887321472168,5.943661689758301,0,52.630985260009766,0,0,0,0,0,18.619718551635742,2.760563373565674,1.0563380718231201,29.323944091796875,6.070422649383545,0.40140846371650696,0.02887323871254921,1.3380281925201416,0,0.009154929779469967,0,0.06478872895240784,0,0,0,0,0,0,0,0,0,0,0,0,0,0,0,0,
ASC475,Channa murmura premix,asc_manual,1418.7872314453125,339.09222412109375,72.58899688720703,10.586999893188477,3.2760000228881836,1.5190000534057617,8.211999893188477,32.78799819946289,27.839000701904297,31.360000610351562,0,21.362998962402344,106.4000015258789,45.2130012512207,206.28298950195312,344.29998779296875,4.576999664306641,0.17499999701976776,0,0.019600000232458115,0.6370000243186951,0.03400000184774399,1.0149999856948853,0,0.02800000086426735,0,0,0.699999988079071,0,0,0.07699999958276749,0.02800000086426735,1.309000015258789,0.26600000262260437,0.04899999871850014,0.8820000290870667,0,0,35.321998596191406,
ASC476,Cracked wheat and green gram dal premix (Dalia moong dal premix),asc_manual,1515.280029296875,362.1578063964844,64.74500274658203,15.890999794006348,5.1080002784729,0.6319999694824219,11.661999702453613,863.800048828125,1840.8699951171875,1265.2000732421875,0,49.0260009765625,122.29999542236328,50.70000076293945,3.249000072479248,321.5,4.28000020980835,0.28600001335144043,10.368999481201172,0.0010999999940395355,0.3579999804496765,0.27000001072883606,0.8159999847412109,0,0.4740000069141388,1.1200000047683716,0,1.909999966621399,0,27.509000778198242,0.12700000405311584,0.035999998450279236,1.503000020980835,0.43700000643730164,0.060999996960163116,0.29100000858306885,27.509000778198242,0,132.0800018310547,
ASC477,Rice flakes and roasted channa ,asc_manual,1394.9871826171875,333.40399169921875,71.93799591064453,10.565999984741211,2.940000057220459,1.309000015258789,8.842000007629395,198.8000030517578,297.5,403.8999938964844,0,17.232999801635742,136.5,54.54399871826172,205.50599670410156,349.8999938964844,4.513999938964844,0.18199999630451202,0,0.03500000014901161,0.6230000257492065,0.04899999871850014,1.0429999828338623,0,0.03500000014901161,0,0,0.699999988079071,0,5.921999931335449,0.08399999886751175,0.02800000086426735,1.1200000047683716,0.335999995470047,0.014000000432133675,0.27300000190734863,5.921999931335449,0,23.527000427246094,
ASC479,Spinach soup in milk ,asc_manual,237.3333282470703,56.72266387939453,3.9766666889190674,2.886666774749756,3.200000047683716,3.3399999141693115,0.7933333516120911,1865.6666259765625,823.6099853515625,190.3333282470703,0,106.09666442871094,75.23666381835938,34.51000213623047,31.156665802001953,285,1.0833333730697632,0.07666666805744171,1.3299999237060547,0.012000000104308128,0.3799999952316284,0.005333333276212215,0.3733333349227905,0,0.5766666531562805,0.08666666597127914,0,108.33333587646484,0,52.02000045776367,0.07333333045244217,0.1066666692495346,0.16333334147930145,0.30000001192092896,0.07666666805744171,2.700000047683716,52.02000045776367,11.433333396911621,3317.666748046875,
ASC480,Vegetable soup,asc_manual,230.14117431640625,55.20608139038086,7.601568698883057,2.217254877090454,1.5501961708068848,1.6094118356704712,3.013725519180298,865.2510375976562,352.4274597167969,179.53724670410156,3.341176748275757,18.096078872680664,34.35097885131836,20.8450984954834,170.67843627929688,274.6941223144531,0.6266666650772095,0.09262745082378387,0.5098038911819458,0.002745098201557994,0.1980392187833786,0.025098038837313652,0.36274510622024536,15.027450561523438,0.20941175520420074,7.4745097160339355,0,22.25921630859375,0,24.537254333496094,0.0882352963089943,0.02266666665673256,0.698039174079895,0.33803921937942505,0.10980392247438431,1.7815686464309692,24.537254333496094,23.198040008544922,4425.8115234375,
ASC481,Mashed banana with milk,asc_manual,400.32257080078125,95.43451690673828,14.622580528259277,2.5064516067504883,2.9935483932495117,11.348386764526367,0.7129032611846924,1781.9354248046875,787.864501953125,131.61289978027344,0,78.63548278808594,69.05484008789062,15.154838562011719,16.99032211303711,191.1290283203125,0.23225806653499603,0.061935484409332275,0.6129032373428345,0.008064516820013523,0.1225806474685669,0,0.264516144990921,0,0.17096774280071259,0.06451612710952759,0,0.7096774578094482,0,10.319355010986328,0.022580644115805626,0.08387096971273422,0.20645160973072052,0.33225807547569275,0.19032257795333862,1.774193525314331,10.319355010986328,3.8967742919921875,212.90322875976562,
ASC484,Poha with curd (Poha aur dahi),asc_manual,725.4109497070312,173.32456970214844,26.723424911499023,6.011369705200195,4.653630256652832,5.460479736328125,1.0943834781646729,2824.342529296875,1233.4794921875,317.3972473144531,13.369863510131836,140.9013671875,172.39041137695312,36.71780776977539,325.0658264160156,249.9383544921875,1.6080821752548218,0.07506849616765976,1.4137670993804932,0.014732876792550087,0.29924657940864563,0.13150684535503387,0.9091780781745911,45.42465591430664,0.11863014101982117,0.12787671387195587,0,0.5643835663795471,0,14.741506576538086,0.07438356429338455,0.1978767216205597,0.5859588980674744,0.4762328863143921,0.0748630166053772,1.8983560800552368,14.741506576538086,0.6849315166473389,43.173973083496094,
ASC485,Potato with curd,asc_manual,307.17132568359375,73.1800765991211,12.005975723266602,3.191235065460205,1.3326693773269653,3.298804759979248,1.0219123363494873,786.988037109375,323,116.9322738647461,4.38247013092041,85.41036224365234,93.6812744140625,22.25697135925293,190.9023895263672,435.21514892578125,0.38167330622673035,0.054103586822748184,1.2450199127197266,0.001195219112560153,0.08366533368825912,0.0015936255222186446,0.4466135501861572,11.155378341674805,0.055776894092559814,0.11354581266641617,0,1.2669322490692139,0,16.44023895263672,0.05976095795631409,0.11354582011699677,0.7011951804161072,0.42629480361938477,0.09960159659385681,1.8426294326782227,16.44023895263672,14.233067512512207,132.66932678222656,
ASC486,Sweet wheat porridge (Sweet dalia),asc_manual,588.54443359375,140.66305541992188,23.767778396606445,5.114999771118164,2.793888807296753,12.233888626098633,2.365000009536743,1547.1378173828125,690.2127685546875,148.1777801513672,0,99.1772232055664,84.5794448852539,36.022220611572266,24.626667022705078,265.9444580078125,1.9816666841506958,0.10611110925674438,3.6261110305786133,0.00844444427639246,0.33666667342185974,0.04833333194255829,0.5105555653572083,0,0.35055553913116455,0.16833333671092987,0,54.375,0,31.949443817138672,0.06666667014360428,0.08777777850627899,0.20222221314907074,0.324444442987442,0.13611111044883728,1.923888921737671,31.949443817138672,6.163332939147949,1750.4432373046875,
ASC487,Vegetable khichdi/khichri,asc_manual,597.93359375,143.16549682617188,19.57269287109375,5.610701084136963,4.525830268859863,3.709594249725342,2.4538745880126953,2717.252685546875,1090.315185546875,316.1254577636719,11.918818473815918,100.53874206542969,128.90589904785156,41.88117980957031,193.5542449951172,384.8671569824219,1.089298963546753,0.1582287847995758,5.040221214294434,0.006789667997509241,0.4380073845386505,0.1675276756286621,0.7365313768386841,45.68265914916992,0.3937269151210785,0.45018449425697327,0,64.45571899414062,0,45.51365280151367,0.10996309667825699,0.1439114362001419,0.6815497875213623,0.4874538779258728,0.1313653141260147,2.101106882095337,45.51365280151367,7.103321075439453,3575.40966796875,
ASC489,Moong dal mixture,asc_manual,671.9189453125,158.83575439453125,33.92567443847656,4.6208109855651855,1.002972960472107,24.682973861694336,1.8972972631454468,494.12109375,188.21621704101562,180.56756591796875,2.378378391265869,70.53189086914062,98.64702606201172,45.546485900878906,29.595945358276367,453.8648681640625,1.254054069519043,0.18783783912658691,6.467027187347412,0.006756756454706192,0.37891891598701477,0.19567567110061646,0.6043243408203125,6.054053783416748,0.3291891813278198,0.32945945858955383,0,71.67459106445312,0,48.24188995361328,0.0994594618678093,0.09540540724992752,0.5410810708999634,0.42270269989967346,0.09702702611684799,1.8713513612747192,48.24188995361328,13.070270538330078,2184.27001953125,
ASC490,Cracked wheat khichri/khichdi (Dalia khichri/khichdi),asc_manual,699.3031616210938,167.45303344726562,22.34886932373047,7.55656099319458,5.5158371925354,3.787330389022827,3.7447962760925293,3270.90673828125,1323.4456787109375,270.4524841308594,14.615384101867676,123.0357437133789,113.39592742919922,35.46742248535156,224.94525146484375,340.8551940917969,2.1674208641052246,0.1261538416147232,5.857465744018555,0.006877828389406204,0.3583710491657257,0.07873303443193436,0.7524886727333069,56.01810073852539,0.41266968846321106,0.17737555503845215,0,74.20362091064453,0,44.795475006103516,0.0941176488995552,0.16244344413280487,0.32895928621292114,0.3977375626564026,0.09547511488199234,2.2352941036224365,44.795475006103516,7.303167343139648,2271.81005859375,
ASC492,Stewed apple,asc_manual,389.1428527832031,91.93085479736328,22.49142837524414,0.16571427881717682,0.36571428179740906,20.445714950561523,1.4799998998641968,88,29.217144012451172,161.14285278320312,0,9.24571418762207,6.1085710525512695,4.908571720123291,1.531428575515747,67,0.17714285850524902,0.03999999910593033,0.2685714364051819,0.004000000189989805,0.02857142873108387,0.47942855954170227,0.0657142847776413,0,0.08571428805589676,0.8342857360839844,0,2.085714340209961,0,1.73714280128479,0.017142856493592262,0.0057142856530845165,0.1428571492433548,0.051428575068712234,0.022857142612338066,0.19428572058677673,1.73714280128479,2.0399999618530273,130.85714721679688,
ASC493,Lemon squash (Nimbu ka squash),asc_manual,786.8348388671875,184.55859375,48.87726974487305,0.15379883348941803,0.06151953339576721,48.87726974487305,0,30.759765625,0,30.759765625,0,9.846200942993164,3.5376806259155273,2.7917563915252686,15.01076602935791,30.01814842224121,0.18465088307857513,0.05539218708872795,0.30759766697883606,0,0,0,0.07693017274141312,0,0,0,0,0,0,2.153183698654175,0.009227930568158627,0.003075976623222232,0.030759766697883606,0.036911722272634506,0.015379883348941803,0,2.153183698654175,10.458320617675781,1.2303906679153442,
ASC494,Orange squash (Santre ka squash),asc_manual,823.13134765625,193.25868225097656,50.88280487060547,0.21531836688518524,0.03998769447207451,50.5567512512207,0.3968009650707245,11.414949417114258,5.924331188201904,14.65087604522705,0,10.621347427368164,4.429713726043701,4.3451247215271,14.847739219665527,52.78037643432617,0.34152570366859436,0.06462011486291885,0.05844355374574661,0.0036911717616021633,0.006151953246444464,3.075976565014571e-05,0.05847431719303131,0,0.012303906492888927,0.10458321124315262,0,0.768994152545929,0,5.985850811004639,0.021531835198402405,0.006151953246444464,0.08612734079360962,0.06151953339576721,0.012303906492888927,0.885881245136261,5.985850811004639,13.140572547912598,207.62841796875,
ASC495,Lichi squash,asc_manual,844.3555908203125,198.33128356933594,51.956321716308594,0.30452167987823486,0.07997538894414902,51.307289123535156,0.4121808409690857,28.139034271240234,14.035680770874023,24.266380310058594,0,6.391879558563232,7.634881496429443,5.430944442749023,14.561673164367676,51.857582092285156,0.33537372946739197,0.08922792971134186,0.14149491488933563,0.003075976623222232,0.012303906492888927,0,0.11999385058879852,0,0.018455861136317253,0.10150722414255142,0,2.4023377895355225,0,4.826207160949707,0.006151953246444464,0.018455861136317253,0.07074745744466782,0.05844355374574661,0.021531835198402405,0.861273467540741,4.826207160949707,10.402953147888184,39.68009948730469,
ASC496,Mango squash (Aam ka squash),asc_manual,828.9757080078125,194.65548706054688,50.9627799987793,0.16610273718833923,0.16917870938777924,50.836666107177734,0.5782836079597473,52.291603088378906,41.21808624267578,40.60289001464844,0,9.467856407165527,3.8668100833892822,5.0525994300842285,14.807751655578613,46.628421783447266,0.24924638867378235,0.08615195006132126,0.5875115394592285,0.006151953246444464,0.06767148524522781,0,0.08308213204145432,0,0.08612734079360962,1.141187310218811,0,1.4672409296035767,0,25.238388061523438,0.009227930568158627,0.012303906492888927,0.07997538894414902,0.036911722272634506,0.036911722272634506,0.4921562671661377,25.238388061523438,10.141495704650879,438.0190734863281,
ASC497,Pineapple squash (Ananas ka squash),asc_manual,830.513671875,195.0230712890625,51.344200134277344,0.15995077788829803,0.04921562597155571,51.07966613769531,1.0642879009246826,15.715164184570312,9.581666946411133,14.690864562988281,0,7.963703632354736,4.632728576660156,4.846508979797363,14.835434913635254,46.320823669433594,0.17849892377853394,0.07692401856184006,0.024607812985777855,0.0024607812520116568,0.3937250077724457,0,0.07693017274141312,0,0.13841894268989563,0.06459550559520721,0,0.7382344007492065,0,5.601353645324707,0.015379883348941803,0.009227930568158627,0.036911722272634506,0.03998769447207451,0.03998769447207451,0.32297754287719727,5.601353645324707,11.18732738494873,26.54875373840332,
ASC498,Lemon and ginger squash (Nimbu aur adrak ka squash),asc_manual,725.3823852539062,170.3428955078125,44.06078338623047,0.5438368916511536,0.20993702113628387,42.529239654541016,1.0716785192489624,66.18014526367188,13.589922904968262,96.17115020751953,0,11.175647735595703,11.268918991088867,12.95091438293457,16.191143035888672,101.39627838134766,0.5199339985847473,0.07400180399417877,0.1999400109052658,0.002599220024421811,0.7697690725326538,3.9988004573388025e-05,0.1379886120557785,0,0.06398081034421921,0.8177546858787537,0,5.1084675788879395,0,3.5629310607910156,0.013995802029967308,0.00999700091779232,0.10396880656480789,0.07197841256856918,0.04998500272631645,0.21393582224845886,3.5629310607910156,7.8836350440979,66.58002471923828,
ASC499,Apple jam (Seb ka murabba),asc_manual,802.5,188.7895050048828,48.55500030517578,0.14499999582767487,0.3199999928474426,46.76499938964844,1.2949999570846558,77,25.565000534057617,141,0,10.84000015258789,5.619999885559082,4.84499979019165,2.7149999141693115,60,0.20999999344348907,0.06800000369548798,0.23499999940395355,0.003499999875202775,0.02500000037252903,0.033560000360012054,0.08500000089406967,0,0.07500000298023224,0.7300000190734863,0,1.8250000476837158,0,1.5199999809265137,0.014999999664723873,0.004999999888241291,0.125,0.04500000178813934,0.019999999552965164,0.17000000178813934,1.5199999809265137,1.784999966621399,114.5,
ASC500,Plum jam (Aloo bukhara jam),asc_manual,760.576904296875,178.8855743408203,46.20192337036133,0.3076923191547394,0.19230769574642181,45.25480651855469,0.995192289352417,9.639423370361328,81.73076629638672,28.403846740722656,0,7.504807472229004,7.033653736114502,4.51442289352417,2.668269157409668,79.80769348144531,0.19711539149284363,0.24326923489570618,0.26923078298568726,0.000961538462433964,0.028846153989434242,0.004423076752573252,0.08653846383094788,0,0.24038460850715637,1.5961538553237915,0,4.086538314819336,0,6.870192527770996,0.009615384973585606,0.009615384973585606,0.21153846383094788,0.07692307978868484,0.024038461968302727,0.14423076808452606,6.870192527770996,1.0865384340286255,206.73077392578125,
ASC501,Pineapple jam ,asc_manual,633.6792602539062,149.1791534423828,38.26698303222656,0.3216981291770935,0.15094339847564697,37.44245147705078,2.2028303146362305,43.44717025756836,22.455659866333008,53.63773727416992,0,10.467924118041992,8.962264060974121,8.544339179992676,2.4537734985351562,93.39622497558594,0.24339622259140015,0.07962264120578766,0.08962263911962509,0.005188679322600365,0.7292453050613403,0.031660377979278564,0.09528301656246185,0,0.2688679099082947,0.25660377740859985,0,1.702830195426941,0,10.594339370727539,0.031132075935602188,0.017924528568983078,0.09150943160057068,0.08207547664642334,0.07735849171876907,0.6264150738716125,10.594339370727539,20.923583984375,70.45848846435547,
ASC502,Guava jelly (Amrood ki jelly),asc_manual,491.5384521484375,115.7423095703125,28.176923751831055,1.1076922416687012,0.2461538463830948,27.384614944458008,6.607692241668701,37.92307662963867,27.476924896240234,135.38461303710938,0,16.55384635925293,18.33846092224121,12.200000762939453,3.3615384101867676,218.84616088867188,0.29230770468711853,0.15076923370361328,1.4153845310211182,0.003076923079788685,0.16923077404499054,0,0.20000000298023224,0,0.06923076510429382,1.2923076152801514,0,2.8307690620422363,0,22.89230728149414,0.03846153989434242,0.03076923079788685,0.4615384638309479,0.19230769574642181,0.08461538702249527,0.5692307949066162,22.89230728149414,164.61538696289062,766.1538696289062,
ASC503,Orange marmalade (Santray ka murabba),asc_manual,441.8044128417969,104.16790771484375,25.942712783813477,0.6608833074569702,0.1293690800666809,25.087129592895508,1.9669716358184814,31.624195098876953,17.691545486450195,54.812965393066406,0,17.5919246673584,11.99022102355957,9.86829662322998,2.3147950172424316,148.921142578125,0.6327129602432251,0.06343849003314972,0.3622397482395172,0.008719243109226227,0.0414511039853096,0.0002523659204598516,0.07533123344182968,0,0.03873817250132561,0.44473186135292053,0,2.1757097244262695,0,17.076404571533203,0.05422712862491608,0.018738171085715294,0.2673816978931427,0.16845425963401794,0.04126182943582535,2.0648579597473145,17.076404571533203,56.2468147277832,587.7445068359375,
ASC504,Carrot murabba (Gajar ka murabba),asc_manual,746.3333129882812,175.24032592773438,45.599998474121094,0.3166666626930237,0.15666666626930237,44.82666778564453,1.3933333158493042,29.236665725708008,7.003333568572998,88.66666412353516,0,15.863332748413086,14.770000457763672,6.410000324249268,19.52666664123535,93.08333587646484,0.28333333134651184,0.07666666805744171,0.07333333790302277,0.0013333333190530539,0.07666666805744171,6.666666740784422e-05,0.125,0,0.07000000029802322,0.4533333480358124,0,6.116666793823242,0,8.013333320617676,0.013333333656191826,0.010000000707805157,0.07333333790302277,0.10000000149011612,0.03666666895151138,0.5,8.013333320617676,2.073333263397217,3125.666748046875,
ASC505,Gooseberry marmalade (Amla murabba),asc_manual,523.9782104492188,123.1607666015625,32.34332275390625,0.13623978197574615,0.0272479560226202,28.610353469848633,0,0,0,0,0,16.403268814086914,5.72752046585083,0.9591280817985535,216.89373779296875,64.51770782470703,0.3831062614917755,0.08217983692884445,0,0,0,0,0.02779291570186615,0,0,0,0,0,0,0,0.00817438680678606,0.00272479560226202,0.0544959120452404,0,0,0,0,0,2.4523160457611084,
ASC506,Ginger candy (Adrak ki candy),asc_manual,833.125,195.70938110351562,50.381248474121094,0.6937500238418579,0.265625,47.98749923706055,1.6749999523162842,72.1875,21.240625381469727,119.0625,0,10.431249618530273,14.315625190734863,17.987499237060547,5.400000095367432,129.453125,0.684374988079071,0.0949999988079071,0,0.004062499850988388,1.203125,6.25000029685907e-05,0.16718751192092896,0,0.10000000149011612,1.2781250476837158,0,7.984375,0,3.3812499046325684,0.012500000186264515,0.012500000186264515,0.13124999403953552,0.07500000298023224,0.0625,0.3343749940395355,3.3812499046325684,1.696874976158142,102.8125,
ASC507,Mango pickle (Aam ka achaar),asc_manual,804.0582885742188,192.11915588378906,8.114914894104004,1.5958982706069946,17.888084411621094,1.794661045074463,3.676610231399536,2065.833984375,10283.05078125,3861.34228515625,0,48.966102600097656,34.14915084838867,32.75423812866211,3429.93896484375,206.91525268554688,1.4430508613586426,0.12118644267320633,0.22347456216812134,0.008313558995723724,0.3934745788574219,0.009830508381128311,0.29915255308151245,0,0.6420339345932007,5.3985595703125,0,11.880846977233887,0,19.037965774536133,0.030423728749155998,0.03947457671165466,0.6004237532615662,0.1104067787528038,0.14144067466259003,0.9884746074676514,19.037965774536133,61.198307037353516,707.6864624023438,
ASC509,Mixed vegetable pickle (Sabziyoon ka achaar),asc_manual,884.1813354492188,211.2047119140625,7.483425140380859,1.8994140625,19.682106018066406,2.769052267074585,2.7636446952819824,2272.072021484375,11262.041015625,4262.451171875,0,42.81021499633789,47.444496154785156,33.007564544677734,2488.32080078125,283.15155029296875,2.1200695037841797,0.143991619348526,1.7514290809631348,0.007140242960304022,0.5904356241226196,0.004960135091096163,0.35700151324272156,0,0.27061739563941956,2.683328151702881,0,14.044459342956543,0,15.90575122833252,0.05241883173584938,0.05100011080503464,0.5080305337905884,0.14230462908744812,0.13899792730808258,1.3969138860702515,15.90575122833252,30.373319625854492,464.236083984375,
ASC511,Sweet lemon pickle (Neembu ka meetha achaar),asc_manual,295.300048828125,69.54161071777344,16.8696346282959,1.220234990119934,0.20840078592300415,14.631742477416992,2.1344974040985107,100.44451904296875,12.646866798400879,95.94125366210938,0,42.567230224609375,10.680280685424805,21.97806739807129,6415.90234375,148.64817810058594,1.0209465026855469,0.07516971230506897,0.9832702279090881,0.0018394256476312876,0.23813316226005554,0.0028720626141875982,0.1284007877111435,0,0.034164492040872574,0.7081331610679626,0,4.6002349853515625,0,5.179301738739014,0.022030027583241463,0.009027414955198765,0.08849869668483734,0.0864882543683052,0.039719320833683014,0.09417754411697388,5.179301738739014,22.19321060180664,60.89033889770508,
ASC512,Plum chutney (Aloo bukhara ki chutney),asc_manual,752.2881469726562,177.1083221435547,44.95407485961914,0.46561577916145325,0.28589901328086853,43.90357208251953,1.368325114250183,27.29926109313965,102.27709197998047,74.91255950927734,0,12.384236335754395,10.417611122131348,7.310344696044922,216.81353759765625,101.56404113769531,0.3428201973438263,0.2572413682937622,0.4416132867336273,0.0013854679418727756,0.19286945462226868,0.007783251348882914,0.1299014836549759,0,0.249766007065773,1.776440978050232,0,5.1635589599609375,0,7.255603313446045,0.011982758529484272,0.014999999664723873,0.27934730052948,0.08479063957929611,0.035726599395275116,0.16113300621509552,7.255603313446045,1.123152732849121,303.29803466796875,
ASC513,Raw mango chutney (Kachhe aam/Kairi ki chutney),asc_manual,821.2232666015625,193.1336212158203,49.940528869628906,0.5147537589073181,0.15571090579032898,45.22427749633789,2.1696717739105225,37.584861755371094,28.021007537841797,71.96508026123047,0,25.92348289489746,11.256747245788574,14.099610328674316,480.6783447265625,105.50653839111328,0.4841318726539612,0.10813828557729721,0.05662910267710686,0.005994713399559259,0.3818363845348358,0.002003338886424899,0.1354869157075882,0,0.5129521489143372,4.512312412261963,0,9.382596015930176,0,14.683486938476562,0.01389816403388977,0.01736227050423622,0.21720923483371735,0.07998747378587723,0.08540622889995575,0.8068864941596985,14.683486938476562,50.23094177246094,394.815673828125,
ASC514,Tomato sauce,asc_manual,144.76837158203125,34.327598571777344,7.233640193939209,0.8106241226196289,0.27367115020751953,5.687477111816406,1.7875062227249146,54.88749313354492,34.98386764526367,128.1342010498047,0,12.995020866394043,16.48204803466797,13.257033348083496,174.79200744628906,168.40785217285156,0.3114844560623169,0.04930361732840538,0.029090458527207375,0.0030811091419309378,0.2560131847858429,0.002167728031054139,0.13467687368392944,0,0.20611028373241425,10.829479217529297,0,22.611949920654297,0,15.268315315246582,0.03911755606532097,0.02057580277323723,0.49443164467811584,0.18043850362300873,0.08182495832443237,1.100496768951416,15.268315315246582,23.164894104003906,5288.513671875,
ASC515,Tomato puree,asc_manual,86.44905853271484,20.624134063720703,3.6844708919525146,0.7517309784889221,0.24727992713451385,2.319485664367676,1.5628091096878052,47.131553649902344,30.168149948120117,117.70524597167969,0,8.911968231201172,15.292778968811035,12.191888809204102,244.9901123046875,165.73590087890625,0.22037586569786072,0.04063303768634796,0,0.0029673592653125525,0.08902077376842499,0.0001582591503392905,0.10989119857549667,0,0.2176063358783722,11.701286315917969,0,23.857566833496094,0,15.242334365844727,0.03956478834152222,0.01978239417076111,0.5044510364532471,0.17804154753684998,0.07912957668304443,1.0781404972076416,15.242334365844727,24.995054244995117,5762.611328125,
BFP001,Garam masala,bfp_manual,1063.6607666015625,254.2149200439453,26.19553565979004,9.887499809265137,10.972321510314941,1.7910714149475098,35.56428527832031,900.8035888671875,5676.875,2164.46435546875,0,609.7678833007812,228.0267791748047,318.3928527832031,58.33035659790039,1501.8035888671875,14.508393287658691,1.2274999618530273,6.604464530944824,0.06973214447498322,14.3316068649292,0.05535714328289032,3.3651785850524902,0,1.118749976158142,19.015178680419922,0,85.31428527832031,0,20.675891876220703,0.22803571820259094,0.16500000655651093,1.3116071224212646,0.27964285016059875,0.1733928620815277,2.424107074737549,20.675891876220703,9,1088.6964111328125,
BFP002,Chat masala,bfp_manual,931.9240112304688,222.5819091796875,23.86600112915039,8.190000534057617,9.913000106811523,0.7899999618530273,18.621000289916992,342.79998779296875,4428.5,1949.89990234375,0,519.5,221.15000915527344,247.90000915527344,11873.640625,1051.1500244140625,13.271000862121582,0.7680000066757202,2.23799991607666,0.054499998688697815,2.565000057220459,0.026000000536441803,2.491999864578247,0,0.6970000267028809,4.9710001945495605,0,61.970001220703125,0,13.322999954223633,0.2619999945163727,0.1080000028014183,1.5180000066757202,0.11599999666213989,0.1599999964237213,0.6259999871253967,13.322999954223633,6.5,354.79998779296875,
BFP003,Kashmiri masala,bfp_manual,1630.0416259765625,389.0205993652344,23.160572052001953,8.25822925567627,31.0297908782959,2.41015625,12.120207786560059,3480.796875,17010.943359375,6389.69287109375,0,303.4921875,199.1824951171875,183.44479370117188,3106.137939453125,1020.75,14.716927528381348,0.5923437476158142,5.150572776794434,0.03348958492279053,6.143750190734863,0.018333332613110542,2.0978646278381348,0,0.5108333230018616,6.256197929382324,0,38.335208892822266,0,16.742395401000977,0.19895833730697632,0.1707291603088379,2.4708855152130127,0.43031251430511475,0.16187499463558197,0.4985416829586029,16.742395401000977,2.015625,8177.55224609375,
BFP004,Rasam powder (Rasam masala),bfp_manual,1121.17529296875,267.96087646484375,25.18659782409668,12.037423133850098,11.802268028259277,1.9109278917312622,35.709381103515625,779.680419921875,6561.74658203125,2070.6494140625,0,562.1489868164062,269.7750549316406,288.9463806152344,38.77865982055664,1524.8968505859375,14.716597557067871,1.3998969793319702,8.91020679473877,0.05579381436109543,3.680103063583374,0.21134020388126373,3.0903093814849854,0,1.022061824798584,8.951340675354004,0,88.15072631835938,0,33.08515548706055,0.2509278357028961,0.2048453539609909,1.6717525720596313,0.39206185936927795,0.16329896450042725,1.7220618724822998,33.08515548706055,11.649484634399414,6329.34033203125,
BFP005,Sambar powder (Sambar masala),bfp_manual,1241.4117431640625,297.4648742675781,23.37696075439453,12.496862411499023,15.577156066894531,1.8711764812469482,34.55549240112305,5026.36279296875,5878.33349609375,2180.91162109375,0,439.95196533203125,262.7272644042969,247.03726196289062,27.664020538330078,1350.049072265625,12.626078605651855,1.241568684577942,14.985686302185059,0.04418627545237541,3.0060784816741943,0.20000000298023224,3.0040197372436523,0,0.8543137311935425,7.408137321472168,0,70.76588439941406,0,48.872154235839844,0.22833332419395447,0.23647059500217438,1.7353922128677368,0.48852941393852234,0.16656862199306488,1.5582352876663208,48.872154235839844,10.29411792755127,11008.44140625,
BFP095,Tartare sauce,bfp_manual,2515.35302734375,610.9349975585938,2.9600000381469727,1.435882329940796,66.11764526367188,2.1823527812957764,0.4158823490142822,5019.2939453125,40196.8203125,17631.17578125,50.47058868408203,21.058822631835938,9.621176719665527,4.834117889404297,256.9458923339844,33.29411697387695,0.5635294318199158,0.033176470547914505,0.6729412078857422,5.882352706976235e-05,0.05811764672398567,0.008823529817163944,0.18294118344783783,68.82353210449219,19.57235336303711,0.32647058367729187,0,18.941177368164062,0,20.882352828979492,0.012235294096171856,0.10229411721229553,0.05952941253781319,0.14570587873458862,0.09194117784500122,1.409999966621399,20.882352828979492,8.076470375061035,390.6470642089844,
BFP096,Barbeque sauce,bfp_manual,512.7210083007812,121.93416595458984,20.462318420410156,0.957167387008667,4.513476371765137,18.878625869750977,0.6895279288291931,544.9712524414062,971.86181640625,2771.1845703125,0,28.609012603759766,17.575965881347656,16.698713302612305,504.953125,186.46351623535156,1.1528326272964478,0.06454935669898987,0.3117167353630066,0.0006781115662306547,0.18025751411914825,0.018884120509028435,0.1602575033903122,0,2.1243348121643066,0.20420600473880768,0,1.5836910009384155,0,5.057038307189941,0.26678112149238586,0.026995709165930748,0.6354077458381653,0.055364806205034256,0.028197424486279488,0.35103005170822144,5.057038307189941,5.754076957702637,144,
BFP097,Bread sauce,bfp_manual,463.7803955078125,111.0420150756836,8.692389488220215,3.460142135620117,7.050684452056885,4.6297101974487305,0.5615115165710449,4241.2705078125,1804.127197265625,241.55079650878906,8.478399276733398,110.72019958496094,88.41587829589844,11.067402839660645,88.84417724609375,122.7649917602539,0.3141041100025177,0.048023566603660583,1.3780782222747803,0.0036381487734615803,0.24018150568008423,0.007960937917232513,0.3550153970718384,38.13289260864258,0.26285693049430847,0.21178749203681946,0,1.3069207668304443,0,10.320441246032715,0.04606729745864868,0.09742861986160278,0.2223092019557953,0.2978983223438263,0.04581519961357117,1.8030331134796143,10.320441246032715,2.13273549079895,194.40213012695312,
BFP163,Green chilli sauce,bfp_manual,192.6481475830078,46.05666732788086,7.364814758300781,1.2481482028961182,0.2666666507720947,5.359259128570557,1.7666666507720947,47.777774810791016,11.925926208496094,152.9629669189453,0,9.88888931274414,26.707406997680664,16.540740966796875,1037.0369873046875,155.75926208496094,0.6425925493240356,0.0672222226858139,0.5185185074806213,0.0018518519354984164,0.11888889223337173,0.007407407276332378,0.168518528342247,0,0.10000000149011612,1.151851773262024,0,7.103703498840332,0,8.574074745178223,0.03611110895872116,0.047962963581085205,0.5185185074806213,0.08148147910833359,0.10370370745658875,0.23333333432674408,8.574074745178223,34.84074020385742,498.8888854980469,
BFP164,Home made plain noodles,bfp_manual,997.040771484375,238.7798614501953,44.50380325317383,6.207882404327393,3.5636091232299805,1.0725973844528198,1.6538373231887817,503.9709777832031,2301.60498046875,460.6591491699219,0,12.270109176635742,65.91841888427734,18.740262985229492,182.07052612304688,89.0942611694336,1.0744411945343018,0.10254666954278946,0,0.0029960821848362684,0.3775063455104828,0.005992164369672537,0.5277714133262634,0,0.18863792717456818,4.032726287841797,0,2.388223171234131,0,9.737266540527344,0.08988245576620102,0.035952985286712646,0.4613966643810272,0.43143582344055176,0.047937314957380295,0.3475455343723297,9.737266540527344,0,161.78843688964844,
BFP166,Dal moong,bfp_manual,181.8898162841797,43.686439514160156,4.920639514923096,2.2027125358581543,1.6174625158309937,0.12666811048984528,1.0771321058273315,873.4276123046875,401.85968017578125,141.6215057373047,3.546712875366211,7.692691326141357,39.19766616821289,16.62041473388672,117.73897552490234,130.12710571289062,0.5218356251716614,0.09326240420341492,4.355889320373535,0.0009252595482394099,0.1691741645336151,0.06574394553899765,0.24617069959640503,13.292963981628418,0.11741551011800766,0.32293885946273804,0,1.7860796451568604,0,8.587525367736816,0.034071799367666245,0.013731544837355614,0.19438436627388,0.15504786372184753,0.02617272175848484,0.08652392774820328,8.587525367736816,1.0299948453903198,113.22200775146484,
BFP167,Cumin seeds baghar (Jeera baghar/tadka),bfp_manual,3034.923095703125,736.8055419921875,5.218461513519287,3.336153984069824,78.76769256591797,0.489230751991272,6.007692337036133,45128.30859375,21181.76953125,4479.3076171875,189.23077392578125,177.76922607421875,85.30769348144531,86.42308044433594,177.57691955566406,420.923095703125,5.085384368896484,0.2761538624763489,0.6169230937957764,0.01938461698591709,0.9438461661338806,0.23076923191547394,0.9715384840965271,709.2307739257812,4.659999847412109,1.8615384101867676,0,26.52692413330078,0,5.3523077964782715,0.10307691991329193,0.06884615123271942,0.983846127986908,0.06807692348957062,0.14076922833919525,0.1846153885126114,5.3523077964782715,1.2692307233810425,2215.46142578125,
BFP168,Onion tomato baghar (Pyaaz tamatar ka tadka),bfp_manual,568.0244140625,137.5240936279297,6.172307014465332,1.259573221206665,11.977766036987305,3.505309581756592,2.1191818714141846,6992.20703125,3097.011474609375,697.586181640625,29.16765594482422,20.450830459594727,26.940235137939453,16.744882583618164,31.333293914794922,174.16339111328125,0.6255394816398621,0.0878705233335495,0.1659947782754898,0.0026879298966377974,0.20257529616355896,0.02371354028582573,0.26383447647094727,109.31941986083984,0.7956106066703796,4.677346706390381,0,12.099967002868652,0,20.195755004882812,0.04032013192772865,0.02374199591577053,0.4614963233470917,0.22029641270637512,0.09942138940095901,1.6505122184753418,20.195755004882812,15.892741203308105,2496.300537109375,
BFP169,Mustard seeds baghar (Mustard seed tadka),bfp_manual,2278.853515625,552.5924072265625,10.445137977600098,4.730339527130127,54.29782485961914,1.1445329189300537,9.742091178894043,31336.35546875,14349.384765625,3383.40869140625,130.57325744628906,182.93165588378906,89.96549224853516,91.76963806152344,8.897452354431152,553.4129638671875,4.135519981384277,0.28188958764076233,9.609724044799805,0.03637261316180229,0.7875795960426331,0.7112526297569275,0.7037898302078247,489.38427734375,3.6968257427215576,30.67130470275879,0,109.65074157714844,0,37.883758544921875,0.15453290939331055,0.18403396010398865,1.5344798564910889,0.22950106859207153,0.2029087096452713,0.6978662610054016,37.883758544921875,1.2823779582977295,23706.771484375,
BFP360,Hot cherry sauce,bfp_manual,1064.61962890625,252.74057006835938,67.94575500488281,0.13233959674835205,0.07128969579935074,17.650680541992188,0,16.33182144165039,6.312378406524658,32.59883499145508,0,24.819183349609375,9.976020812988281,6.697990894317627,105.80817413330078,39.975372314453125,0.4541153609752655,0.019209332764148712,0,0.00012961761967744678,0.0012961763422936201,0.01166558638215065,0.04296824336051941,0,0.0038885287940502167,0.025275439023971558,0,0.1166558712720871,0,0.8703823685646057,0.009462087415158749,0.006869734730571508,0.006480881478637457,0.020220350474119186,0.008165910840034485,0.12443292140960693,0.8703823685646057,3.121192455291748,7.083603382110596,
BFP583,Apple jelly (Seb ki jelly),bfp_manual,647,152.12632751464844,39.369998931884766,0.09666667133569717,0.2133333384990692,38.176666259765625,0.8633333444595337,51.33333206176758,17.043333053588867,94,0,7.893333435058594,3.81333327293396,3.3633334636688232,2.1433334350585938,40.33333206176758,0.15333333611488342,0.0533333346247673,0.15666666626930237,0.0023333332501351833,0.01666666753590107,0.027966666966676712,0.06333333253860474,0,0.05000000074505806,0.4866666793823242,0,1.2166666984558105,0,1.0133333206176758,0.010000000707805157,0.0033333334140479565,0.0833333358168602,0.029999999329447746,0.013333333656191826,0.1133333370089531,1.0133333206176758,1.190000057220459,76.33333587646484,
BFP585,Marmalade (Murabba),bfp_manual,612,143.76133728027344,37.63999938964844,0.23333333432674408,0.04333333298563957,37.28666687011719,0.429999977350235,12.369999885559082,6.420000076293945,15.876666069030762,0,9.84000015258789,4.633333206176758,4.349999904632568,2.1566667556762695,56.33333206176758,0.33666667342185974,0.05000000074505806,0.06333333253860474,0.003999999724328518,0.006666666828095913,3.333333370392211e-05,0.046666666865348816,0,0.013333333656191826,0.1133333370089531,0,0.8333333134651184,0,6.486666679382324,0.023333333432674408,0.006666666828095913,0.09333333373069763,0.06666667014360428,0.013333333656191826,0.9599999785423279,6.486666679382324,14.24000072479248,225,
BFP589,Plum squash (Aloo bukhara squash),bfp_manual,899.2752075195312,211.16770935058594,55.51112365722656,0.15996001660823822,0.09997500479221344,55.01874542236328,0.5173707008361816,5.011247158050537,42.489376068115234,14.766307830810547,0,6.903274059295654,3.956760883331299,2.9657585620880127,12.709322929382324,43.011497497558594,0.16253437101840973,0.16247938573360443,0.1399650126695633,0.0004998749936930835,0.014996251091361046,0.0028742814902216196,0.07500624656677246,0,0.1249687597155571,0.8297925591468811,0,2.1244688034057617,0,3.5716068744659424,0.004998750519007444,0.004998750519007444,0.1099725067615509,0.039990004152059555,0.01249687559902668,0.07498125731945038,3.5716068744659424,0.5648587942123413,107.47312927246094,
BFP595,Lemon green chilli pickle (Nimboo aur hari mirch ka achaar),bfp_manual,59.10763931274414,14.074198722839355,2.1417949199676514,0.8513461351394653,0.24358974397182465,1.004807710647583,1.0695513486862183,88.75,5.160256385803223,130.28846740722656,0,20.052885055541992,14.761218070983887,23.190704345703125,7559.375,138,0.546089768409729,0.039423078298568726,0.6410256624221802,0.0008012820617295802,0.044871795922517776,0.00012820512347389013,0.12660256028175354,0,0.04326923191547394,0.49839743971824646,0,3.0737180709838867,0,7.932692527770996,0.03365384787321091,0.024038461968302727,0.20673076808452606,0.11217948794364929,0.07692307978868484,0.10096154361963272,7.932692527770996,36.87019348144531,218.4294891357422,
BFP597,Brinjal pickle (Baingan ka achaar),bfp_manual,581.7536010742188,139.00650024414062,4.229420185089111,2.2393479347229004,12.977826118469238,1.0698550939559937,4.616231918334961,1477.94921875,7291.876953125,2951.44921875,0,37.28260803222656,62.10869598388672,40.355072021484375,3507.5947265625,305.86956787109375,2.160797119140625,0.14297102391719818,2.7288405895233154,0.00788405817002058,0.48927536606788635,0.005579710006713867,0.45775362849235535,0,0.16673913598060608,2.3113043308258057,0,12.677536010742188,0,28.93463706970215,0.07014492899179459,0.11231884360313416,0.8076087236404419,0.26420289278030396,0.10789854824542999,1.344420313835144,28.93463706970215,1.5362318754196167,644.3912963867188,
BFP598,Sweet and sour tomato pickle (Khatta meetha tamatar ka achaar),bfp_manual,255.43484497070312,60.87690734863281,6.554004192352295,1.257986068725586,3.238919734954834,4.309064865112305,2.195364475250244,370.9161071777344,1728.5989990234375,779.1812133789062,0,15.175610542297363,29.37371063232422,21.26199722290039,1281.938232421875,203.12477111816406,0.5369987487792969,0.06564953923225403,1.15216064453125,0.004874540027230978,0.3059818744659424,0.004043180961161852,0.2004116028547287,0,0.22283346951007843,10.48493480682373,0,24.39057159423828,0,16.336212158203125,0.05087049677968025,0.03761735185980797,0.5761945247650146,0.19928070902824402,0.09690939635038376,1.0059984922409058,16.336212158203125,20.928112030029297,6103.99609375,
BFP599,Jhatpat achar with carrot (Jhatpat achaar gajar ke saath),bfp_manual,381.70123291015625,91.21414947509766,6.324066162109375,1.9809129238128662,6.548755168914795,3.0358920097351074,5.075103759765625,716.4813232421875,3409.136962890625,1643.3194580078125,0,54.30705261230469,76.15767669677734,36.57261276245117,2067.3349609375,341.4024963378906,2.315767765045166,0.12473028898239136,3.2811203002929688,0.007572614122182131,0.5624481439590454,0.006390041671693325,0.5058091282844543,0,0.29502072930336,2.835062265396118,0,17.588380813598633,0,24.63941764831543,0.06141078844666481,0.054398342967033386,0.5649377703666687,0.2863485515117645,0.13879668712615967,1.320746898651123,24.63941764831543,5.1784234046936035,8113.8798828125,
BFP601,Tomato chutney (Tamatar ki chutney),bfp_manual,745.4306030273438,176.06993103027344,31.845258712768555,0.9701142907142639,6.009744167327881,30.016298294067383,1.4896570444107056,691.446533203125,3277.5234375,1318.42578125,0,25.335710525512695,21.466957092285156,17.515296936035156,823.6464233398438,157.35220336914062,0.9601415395736694,0.10207730531692505,0.022700054571032524,0.0020250407978892326,0.24334783852100372,0.0005443657864816487,0.2277953177690506,0,0.12803484499454498,6.557104110717773,0,14.960533142089844,0,10.871420860290527,0.0341317355632782,0.02896026149392128,0.472074031829834,0.13614588975906372,0.07931409776210785,0.7667392492294312,10.871420860290527,14.293739318847656,3381.102294921875,
BFP602,Tomato ketchup,bfp_manual,139.0197296142578,33.068580627441406,6.4782514572143555,0.9050446152687073,0.3000456988811493,4.684992790222168,1.8968619108200073,56.858516693115234,49.55280303955078,133.96417236328125,0,15.331828117370605,18.37320899963379,14.663447380065918,177.96897888183594,172.5692596435547,0.36452338099479675,0.05873935669660568,0.15148286521434784,0.0034220144152641296,0.304456889629364,0.004901350010186434,0.15536241233348846,0,0.19749118387699127,10.155047416687012,0,21.833553314208984,0,15.847676277160645,0.040070611983537674,0.020608514547348022,0.4756261706352234,0.185916930437088,0.0826396718621254,1.1609636545181274,15.847676277160645,21.636396408081055,4874.18115234375,
OSR082,Bengal 5 Spice Blend (Panch Phoran),open_source_recipes,1212.52001953125,289.794189453125,19.99799919128418,18.260000228881836,22.1560001373291,1.399999976158142,18.399999618530273,800.2000122070312,7997.2001953125,3611.199951171875,0,523,408.3999938964844,253,51.433998107910156,1026.199951171875,13.368000030517578,0.812000036239624,17.09200096130371,0.03359999880194664,3.308000087738037,0.4028571546077728,3.1640000343322754,0,0.5920000076293945,9.173999786376953,0,31.14000129699707,0,34.75600051879883,0.35199999809265137,0.1899999976158142,3.631999969482422,0.1939999908208847,0.2800000011920929,0.8379999995231628,34.75600051879883,1.600000023841858,503.79998779296875,
